product-id,product-title,origin_country,origin_region,origin_farm,origin_altitude_m,origin_process,roast_level,roast_roasted_on,roast_roaster,flavor_notes,tags,tasting_score_acidity,tasting_score_body,tasting_score_sweetness,tasting_score_aroma,tasting_score_bitterness,in_stock,description,variant_size,variant_grind,variant_price_eur,variant_stock,variant-id,variant_index
BEAN-0001,"Edison Espresso!",Ethiopia,Sidamo,"Finca Pure Functional Farm",1612,honey,medium-light,2026-03-15,"The Recursion Roastery",,open-source,7,1,1,2,4,1,"Best paired with a 200 OK...",250g,aeropress,16.2,139,BEAN-0001-250g-AER,0
BEAN-0001,"Edison Espresso!",Ethiopia,Sidamo,"Finca Pure Functional Farm",1612,honey,medium-light,2026-03-15,"The Recursion Roastery",,open-source,7,1,1,2,4,1,"Best paired with a 200 OK...",1kg,espresso,46.59,71,BEAN-0001-1kg-ESP,1
BEAN-0001,"Edison Espresso!",Ethiopia,Sidamo,"Finca Pure Functional Farm",1612,honey,medium-light,2026-03-15,"The Recursion Roastery",,open-source,7,1,1,2,4,1,"Best paired with a 200 OK...",100g,turkish,10.45,178,BEAN-0001-100g-TUR,2
BEAN-0002,"Hyperdrive House Blend",Ethiopia,Sidamo,"Finca Heap Hill",1647,washed,medium,2026-02-12,"Roast & Roll","milk chocolate,regret","production-ready,blend,rainforest-alliance,single-origin",9,5,10,6,10,1,250g,turkish,13.32,20,BEAN-0002-250g-TUR,0
BEAN-0003,"Tachyon Trip",Jamaica,"Blue Mountain","Finca Null Acres",1727,natural,medium,2026-02-10,"Loops & Beans","the smell of merged PRs,tail-call sweetness",battle-tested,3,9,4,3,8,1,"Tastes of certainty, with a hint of doubt.",250g,aeropress,13.59,196,BEAN-0003-250g-AER,0
BEAN-0003,"Tachyon Trip",Jamaica,"Blue Mountain","Finca Null Acres",1727,natural,medium,2026-02-10,"Loops & Beans","the smell of merged PRs,tail-call sweetness",battle-tested,3,9,4,3,8,1,"Tastes of certainty, with a hint of doubt.",100g,espresso,10.57,80,BEAN-0003-100g-ESP,1
BEAN-0003,"Tachyon Trip",Jamaica,"Blue Mountain","Finca Null Acres",1727,natural,medium,2026-02-10,"Loops & Beans","the smell of merged PRs,tail-call sweetness",battle-tested,3,9,4,3,8,1,"Tastes of certainty, with a hint of doubt.",1kg,filter,43.53,145,BEAN-0003-1kg-FIL,2
BEAN-0003,"Tachyon Trip",Jamaica,"Blue Mountain","Finca Null Acres",1727,natural,medium,2026-02-10,"Loops & Beans","the smell of merged PRs,tail-call sweetness",battle-tested,3,9,4,3,8,1,"Tastes of certainty, with a hint of doubt.",500g,espresso,27.24,101,BEAN-0003-500g-ESP,3
BEAN-0004,"Goroutine Gold","Mount Olympus",Pelion,"Finca The Repo",2987,honey,french,2025-12-13,"SIGTERM Single Origin","cardamom,lavender,berry,peanut butter","single-origin,fair-trade,blend,decaf",3,7,10,2,7,1,500g,moka,28.89,2,BEAN-0004-500g-MOK,0
BEAN-0004,"Goroutine Gold","Mount Olympus",Pelion,"Finca The Repo",2987,honey,french,2025-12-13,"SIGTERM Single Origin","cardamom,lavender,berry,peanut butter","single-origin,fair-trade,blend,decaf",3,7,10,2,7,1,100g,aeropress,11.08,192,BEAN-0004-100g-AER,1
BEAN-0004,"Goroutine Gold","Mount Olympus",Pelion,"Finca The Repo",2987,honey,french,2025-12-13,"SIGTERM Single Origin","cardamom,lavender,berry,peanut butter","single-origin,fair-trade,blend,decaf",3,7,10,2,7,1,500g,turkish,27.13,28,BEAN-0004-500g-TUR,2
BEAN-0004,"Goroutine Gold","Mount Olympus",Pelion,"Finca The Repo",2987,honey,french,2025-12-13,"SIGTERM Single Origin","cardamom,lavender,berry,peanut butter","single-origin,fair-trade,blend,decaf",3,7,10,2,7,1,500g,french_press,23.27,0,BEAN-0004-500g-FRE,3
BEAN-0005,"Boss Battle Brew",Avalon,"Apple Isle","Finca The Repo",,washed,french,2026-02-24,"The Daily Brew","brown sugar,grapefruit,citrus,lavender","production-ready,compile-grade",1,10,6,8,1,,"Tastes of certainty, with a hint of doubt.",500g,espresso,22.46,145,BEAN-0005-500g-ESP,0
BEAN-0005,"Boss Battle Brew",Avalon,"Apple Isle","Finca The Repo",,washed,french,2026-02-24,"The Daily Brew","brown sugar,grapefruit,citrus,lavender","production-ready,compile-grade",1,10,6,8,1,,"Tastes of certainty, with a hint of doubt.",100g,whole_bean,9.86,17,BEAN-0005-100g-WHO,1
BEAN-0006,"White Dwarf Drip",Tanzania,Kilimanjaro,"Finca Loop Holdings",1584,wet-hulled,dark,2026-01-23,"Loops & Beans","Sunday afternoon,regret,the smell of merged PRs,grapefruit","rainforest-alliance,shade-grown,nerd-approved",9,8,2,4,4,,"Smooth like a well-balanced API.",250g,moka,12.76,18,BEAN-0006-250g-MOK,0
BEAN-0007,"Quantum Espresso",Ethiopia,Yirgacheffe,"Finca The Mainframe",2063,honey,french,2026-01-07,"Loops & Beans","peanut butter,regret,honey,smoky","developer-fuel,bird-friendly",4,2,2,7,6,1,"Now with 30% fewer race conditions.",100g,aeropress,9.23,165,BEAN-0007-100g-AER,0
BEAN-0007,"Quantum Espresso",Ethiopia,Yirgacheffe,"Finca The Mainframe",2063,honey,french,2026-01-07,"Loops & Beans","peanut butter,regret,honey,smoky","developer-fuel,bird-friendly",4,2,2,7,6,1,"Now with 30% fewer race conditions.",100g,whole_bean,7.22,86,BEAN-0007-100g-WHO,1
BEAN-0007,"Quantum Espresso",Ethiopia,Yirgacheffe,"Finca The Mainframe",2063,honey,french,2026-01-07,"Loops & Beans","peanut butter,regret,honey,smoky","developer-fuel,bird-friendly",4,2,2,7,6,1,"Now with 30% fewer race conditions.",100g,espresso,5.53,137,BEAN-0007-100g-ESP,2
BEAN-0008,"Race Condition Cold Brew","Costa Rica",Tarrazú,"Finca The Repo",1913,washed,light,2025-11-26,"Brewed in Berlin",,small-batch,3,7,8,8,4,1,"Fuel for the 3am production incident.",250g,french_press,11.02,99,BEAN-0008-250g-FRE,0
BEAN-0008,"Race Condition Cold Brew","Costa Rica",Tarrazú,"Finca The Repo",1913,washed,light,2025-11-26,"Brewed in Berlin",,small-batch,3,7,8,8,4,1,"Fuel for the 3am production incident.",500g,turkish,28.28,73,BEAN-0008-500g-TUR,1
BEAN-0008,"Race Condition Cold Brew","Costa Rica",Tarrazú,"Finca The Repo",1913,washed,light,2025-11-26,"Brewed in Berlin",,small-batch,3,7,8,8,4,1,"Fuel for the 3am production incident.",1kg,aeropress,50.66,200,BEAN-0008-1kg-AER,2
BEAN-0008,"Race Condition Cold Brew","Costa Rica",Tarrazú,"Finca The Repo",1913,washed,light,2025-11-26,"Brewed in Berlin",,small-batch,3,7,8,8,4,1,"Fuel for the 3am production incident.",1kg,espresso,44.52,55,BEAN-0008-1kg-ESP,3
BEAN-0009,"Monad Mocha",Colombia,Antioquia,"Finca Branch Estate",1325,anaerobic,dark,2025-12-27,"O(1) Coffee",,espresso-friendly,2,10,2,4,7,,"If found defective, please file a bug report.",250g,moka,15.76,158,BEAN-0009-250g-MOK,0
BEAN-0009,"Monad Mocha",Colombia,Antioquia,"Finca Branch Estate",1325,anaerobic,dark,2025-12-27,"O(1) Coffee",,espresso-friendly,2,10,2,4,7,,"If found defective, please file a bug report.",100g,french_press,9.26,144,BEAN-0009-100g-FRE,1
BEAN-0009,"Monad Mocha",Colombia,Antioquia,"Finca Branch Estate",1325,anaerobic,dark,2025-12-27,"O(1) Coffee",,espresso-friendly,2,10,2,4,7,,"If found defective, please file a bug report.",500g,filter,23.63,183,BEAN-0009-500g-FIL,2
BEAN-0009,"Monad Mocha",Colombia,Antioquia,"Finca Branch Estate",1325,anaerobic,dark,2025-12-27,"O(1) Coffee",,espresso-friendly,2,10,2,4,7,,"If found defective, please file a bug report.",500g,espresso,24.12,33,BEAN-0009-500g-ESP,3
BEAN-0010,"Race Condition Cold Brew",Colombia,Huila,"Finca Branch Estate",1734,wet-hulled,light,2026-04-23,"Brewed in Berlin",peach,"decaf,shade-grown,single-origin",4,6,5,3,8,1,"Brewed under the careful eye of our QA team.",100g,aeropress,10.54,76,BEAN-0010-100g-AER,0
BEAN-0010,"Race Condition Cold Brew",Colombia,Huila,"Finca Branch Estate",1734,wet-hulled,light,2026-04-23,"Brewed in Berlin",peach,"decaf,shade-grown,single-origin",4,6,5,3,8,1,"Brewed under the careful eye of our QA team.",100g,espresso,6.12,27,BEAN-0010-100g-ESP,1
BEAN-0010,"Race Condition Cold Brew",Colombia,Huila,"Finca Branch Estate",1734,wet-hulled,light,2026-04-23,"Brewed in Berlin",peach,"decaf,shade-grown,single-origin",4,6,5,3,8,1,"Brewed under the careful eye of our QA team.",250g,filter,13.25,53,BEAN-0010-250g-FIL,2
BEAN-0011,"Boss Battle Brew",Kenya,Nyeri,"Finca La Esperanza",1828,washed,french,2026-01-23,"Stack Trace Roasters",,direct-trade,3,5,3,8,9,1,100g,whole_bean,11.56,176,BEAN-0011-100g-WHO,0
BEAN-0011,"Boss Battle Brew",Kenya,Nyeri,"Finca La Esperanza",1828,washed,french,2026-01-23,"Stack Trace Roasters",,direct-trade,3,5,3,8,9,1,250g,moka,11.29,94,BEAN-0011-250g-MOK,1
BEAN-0011,"Boss Battle Brew",Kenya,Nyeri,"Finca La Esperanza",1828,washed,french,2026-01-23,"Stack Trace Roasters",,direct-trade,3,5,3,8,9,1,250g,french_press,12.02,78,BEAN-0011-250g-FRE,2
BEAN-0012,"Recursive Espresso",Guatemala,Antigua,"Finca Commit Hill",1507,natural,french,2026-04-15,"Tail Call Tea","clove,maple syrup,ambition,citrus","espresso-friendly,battle-tested",7,1,3,6,7,1,"Single-origin, single-threaded, single-purpose.",250g,filter,12.27,179,BEAN-0012-250g-FIL,0
BEAN-0012,"Recursive Espresso",Guatemala,Antigua,"Finca Commit Hill",1507,natural,french,2026-04-15,"Tail Call Tea","clove,maple syrup,ambition,citrus","espresso-friendly,battle-tested",7,1,3,6,7,1,"Single-origin, single-threaded, single-purpose.",100g,french_press,10.98,120,BEAN-0012-100g-FRE,1
BEAN-0012,"Recursive Espresso",Guatemala,Antigua,"Finca Commit Hill",1507,natural,french,2026-04-15,"Tail Call Tea","clove,maple syrup,ambition,citrus","espresso-friendly,battle-tested",7,1,3,6,7,1,"Single-origin, single-threaded, single-purpose.",250g,espresso,17.53,117,BEAN-0012-250g-ESP,2
BEAN-0012,"Recursive Espresso",Guatemala,Antigua,"Finca Commit Hill",1507,natural,french,2026-04-15,"Tail Call Tea","clove,maple syrup,ambition,citrus","espresso-friendly,battle-tested",7,1,3,6,7,1,"Single-origin, single-threaded, single-purpose.",500g,filter,28.56,58,BEAN-0012-500g-FIL,3
BEAN-0013,"Mutex Latte",Avalon,"Apple Isle","Finca Null Acres",42,wet-hulled,medium-dark,2025-11-19,"Brewed in Berlin","dark chocolate,walnut","espresso-friendly,open-source,limited-edition",1,2,10,7,6,1,100g,french_press,11.2,48,BEAN-0013-100g-FRE,0
BEAN-0013,"Mutex Latte",Avalon,"Apple Isle","Finca Null Acres",42,wet-hulled,medium-dark,2025-11-19,"Brewed in Berlin","dark chocolate,walnut","espresso-friendly,open-source,limited-edition",1,2,10,7,6,1,500g,whole_bean,27.67,0,BEAN-0013-500g-WHO,1
BEAN-0014,"Knight's Nightcap","Mount Olympus",Pelion,"Finca The Mainframe",3043,honey,medium-dark,2026-04-24,"FIFO Coffee Bar","maple syrup,jasmine",seasonal,9,5,7,6,7,1,"If found defective, please file a bug report.",250g,french_press,16.32,97,BEAN-0014-250g-FRE,0
BEAN-0014,"Knight's Nightcap","Mount Olympus",Pelion,"Finca The Mainframe",3043,honey,medium-dark,2026-04-24,"FIFO Coffee Bar","maple syrup,jasmine",seasonal,9,5,7,6,7,1,"If found defective, please file a bug report.",250g,moka,15.55,103,BEAN-0014-250g-MOK,1
BEAN-0014,"Knight's Nightcap","Mount Olympus",Pelion,"Finca The Mainframe",3043,honey,medium-dark,2026-04-24,"FIFO Coffee Bar","maple syrup,jasmine",seasonal,9,5,7,6,7,1,"If found defective, please file a bug report.",100g,filter,6.3,110,BEAN-0014-100g-FIL,2
BEAN-0015,"Time Dilation Drip",Panama,Boquete,"Finca The Repo",1409,anaerobic,french,2026-03-29,"FIFO Coffee Bar",,"compile-grade,direct-trade,single-origin",4,5,4,4,3,,"Pairs well with rubber duck debugging.",1kg,moka,49.8,18,BEAN-0015-1kg-MOK,0
BEAN-0015,"Time Dilation Drip",Panama,Boquete,"Finca The Repo",1409,anaerobic,french,2026-03-29,"FIFO Coffee Bar",,"compile-grade,direct-trade,single-origin",4,5,4,4,3,,"Pairs well with rubber duck debugging.",1kg,french_press,50.09,147,BEAN-0015-1kg-FRE,1
BEAN-0016,"Bitwise Brew",Jamaica,"Blue Mountain","Finca La Esperanza",1652,washed,medium-dark,2026-03-16,"O(1) Coffee","woody,caramel,pineapple,blueberry",nerd-approved,3,8,9,9,10,1,"Brewed under the careful eye of our QA team.",1kg,moka,49.52,129,BEAN-0016-1kg-MOK,0
BEAN-0016,"Bitwise Brew",Jamaica,"Blue Mountain","Finca La Esperanza",1652,washed,medium-dark,2026-03-16,"O(1) Coffee","woody,caramel,pineapple,blueberry",nerd-approved,3,8,9,9,10,1,"Brewed under the careful eye of our QA team.",1kg,turkish,50.25,114,BEAN-0016-1kg-TUR,1
BEAN-0016,"Bitwise Brew",Jamaica,"Blue Mountain","Finca La Esperanza",1652,washed,medium-dark,2026-03-16,"O(1) Coffee","woody,caramel,pineapple,blueberry",nerd-approved,3,8,9,9,10,1,"Brewed under the careful eye of our QA team.",250g,aeropress,17.89,115,BEAN-0016-250g-AER,2
BEAN-0017,"Necromancer Nitro",Rwanda,Nyamasheke,"Finca Commit Hill",1848,natural,33.3024,-4.3151,medium,2026-01-19,"Isotope Roasters","blueberry,raspberry","direct-trade,production-ready,single-origin",3,3,4,7,3,1,1kg,filter,47.34,106,BEAN-0017-1kg-FIL,0
BEAN-0018,"404: Bean Not Found",Xanadu,"Summer Palace","Finca The Sandbox",1650,wet-hulled,medium-dark,2026-01-09,"Bit Roasters","floral,Sunday afternoon","bird-friendly,production-ready,open-source,small-batch",8,4,5,7,8,,"Smooth like a well-balanced API.",1kg,aeropress,44.32,119,BEAN-0018-1kg-AER,0
BEAN-0018,"404: Bean Not Found",Xanadu,"Summer Palace","Finca The Sandbox",1650,wet-hulled,medium-dark,2026-01-09,"Bit Roasters","floral,Sunday afternoon","bird-friendly,production-ready,open-source,small-batch",8,4,5,7,8,,"Smooth like a well-balanced API.",250g,moka,15.27,100,BEAN-0018-250g-MOK,1
BEAN-0019,"Daemon Drink",Xanadu,"Summer Palace","Finca Bit Bucket",1436,washed,medium,2026-02-03,"Cache Coherence Coffee",woody,"direct-trade,rainforest-alliance,limited-edition",7,5,2,8,1,1,"A bold roast that compiles cleanly on the first run.",500g,espresso,27.2,199,BEAN-0019-500g-ESP,0
BEAN-0020,"Regex Roast",Hyperborea,"Northern Reaches","Finca Branch Estate",1310,natural,23.343,47.9933,medium-light,2026-04-09,"Idempotent Espresso",,"nerd-approved,limited-edition",6,3,10,10,2,1,"Has been peer-reviewed.",500g,whole_bean,26.63,79,BEAN-0020-500g-WHO,0
BEAN-0020,"Regex Roast",Hyperborea,"Northern Reaches","Finca Branch Estate",1310,natural,23.343,47.9933,medium-light,2026-04-09,"Idempotent Espresso",,"nerd-approved,limited-edition",6,3,10,10,2,1,"Has been peer-reviewed.",1kg,french_press,50.53,50,BEAN-0020-1kg-FRE,1
BEAN-0021,"Riemann Roast",Hawaii,Kona,"Finca San Miguel",1012,wet-hulled,light,2026-02-12,"Brewed in Berlin","compile-time aroma,lavender,vanilla","organic,bird-friendly,developer-fuel",2,7,6,8,3,1,"Has been peer-reviewed.",500g,moka,28.47,137,BEAN-0021-500g-MOK,0
BEAN-0021,"Riemann Roast",Hawaii,Kona,"Finca San Miguel",1012,wet-hulled,light,2026-02-12,"Brewed in Berlin","compile-time aroma,lavender,vanilla","organic,bird-friendly,developer-fuel",2,7,6,8,3,1,"Has been peer-reviewed.",1kg,french_press,46.48,187,BEAN-0021-1kg-FRE,1
BEAN-0021,"Riemann Roast",Hawaii,Kona,"Finca San Miguel",1012,wet-hulled,light,2026-02-12,"Brewed in Berlin","compile-time aroma,lavender,vanilla","organic,bird-friendly,developer-fuel",2,7,6,8,3,1,"Has been peer-reviewed.",500g,filter,28.81,22,BEAN-0021-500g-FIL,2
BEAN-0022,"Euler's Espresso",Panama,Boquete,"Finca Null Acres",1494,washed,medium-dark,2026-02-17,"O(1) Coffee","bergamot,hibiscus,strawberry","limited-edition,battle-tested,production-ready",1,9,4,2,4,1,"Pairs well with rubber duck debugging.",250g,aeropress,14.81,182,BEAN-0022-250g-AER,0
BEAN-0022,"Euler's Espresso",Panama,Boquete,"Finca Null Acres",1494,washed,medium-dark,2026-02-17,"O(1) Coffee","bergamot,hibiscus,strawberry","limited-edition,battle-tested,production-ready",1,9,4,2,4,1,"Pairs well with rubber duck debugging.",1kg,french_press,49.34,23,BEAN-0022-1kg-FRE,1
BEAN-0022,"Euler's Espresso",Panama,Boquete,"Finca Null Acres",1494,washed,medium-dark,2026-02-17,"O(1) Coffee","bergamot,hibiscus,strawberry","limited-edition,battle-tested,production-ready",1,9,4,2,4,1,"Pairs well with rubber duck debugging.",500g,espresso,25.24,62,BEAN-0022-500g-ESP,2
BEAN-0023,"Andromeda Espresso",Nicaragua,Jinotega,"Finca The Repo",1681,honey,medium,2025-11-13,"Eventual Consistency Roasting","floral,strawberry","blend,filter-friendly",6,2,9,3,4,1,"Has been peer-reviewed.",500g,whole_bean,28.66,75,BEAN-0023-500g-WHO,0
BEAN-0023,"Andromeda Espresso",Nicaragua,Jinotega,"Finca The Repo",1681,honey,medium,2025-11-13,"Eventual Consistency Roasting","floral,strawberry","blend,filter-friendly",6,2,9,3,4,1,"Has been peer-reviewed.",250g,filter,12.44,3,BEAN-0023-250g-FIL,1
BEAN-0023,"Andromeda Espresso",Nicaragua,Jinotega,"Finca The Repo",1681,honey,medium,2025-11-13,"Eventual Consistency Roasting","floral,strawberry","blend,filter-friendly",6,2,9,3,4,1,"Has been peer-reviewed.",100g,whole_bean,8.43,178,BEAN-0023-100g-WHO,2
BEAN-0024,"Stack Overflow Blend",India,Karnataka,"Finca Stack Plantation",1045,anaerobic,medium-dark,2026-02-13,"O(1) Coffee",,"developer-fuel,blend,single-origin",7,8,2,10,1,1,"Recommended by 9 out of 10 over-tired developers.",500g,whole_bean,29.95,30,BEAN-0024-500g-WHO,0
BEAN-0024,"Stack Overflow Blend",India,Karnataka,"Finca Stack Plantation",1045,anaerobic,medium-dark,2026-02-13,"O(1) Coffee",,"developer-fuel,blend,single-origin",7,8,2,10,1,1,"Recommended by 9 out of 10 over-tired developers.",1kg,moka,47.77,158,BEAN-0024-1kg-MOK,1
BEAN-0024,"Stack Overflow Blend",India,Karnataka,"Finca Stack Plantation",1045,anaerobic,medium-dark,2026-02-13,"O(1) Coffee",,"developer-fuel,blend,single-origin",7,8,2,10,1,1,"Recommended by 9 out of 10 over-tired developers.",250g,turkish,15.18,115,BEAN-0024-250g-TUR,2
BEAN-0024,"Stack Overflow Blend",India,Karnataka,"Finca Stack Plantation",1045,anaerobic,medium-dark,2026-02-13,"O(1) Coffee",,"developer-fuel,blend,single-origin",7,8,2,10,1,1,"Recommended by 9 out of 10 over-tired developers.",1kg,filter,49.88,109,BEAN-0024-1kg-FIL,3
BEAN-0025,"Boolean Bean",Avalon,"Apple Isle","Finca Commit Hill",6,natural,-8.6603,-31.798,medium,2025-11-23,"Isotope Roasters",blueberry,"production-ready,single-origin",3,1,7,8,10,1,500g,aeropress,24.26,116,BEAN-0025-500g-AER,0
BEAN-0026,"Tavern Triple Shot",Vietnam,"Đắk Lắk","Finca San Miguel",617,wet-hulled,medium-light,2025-11-27,"The Recursion Roastery","citrus,vanilla",espresso-friendly,5,10,10,5,8,,"Ships with no warranty, express or implied.",1kg,filter,47,126,BEAN-0026-1kg-FIL,0
BEAN-0026,"Tavern Triple Shot",Vietnam,"Đắk Lắk","Finca San Miguel",617,wet-hulled,medium-light,2025-11-27,"The Recursion Roastery","citrus,vanilla",espresso-friendly,5,10,10,5,8,,"Ships with no warranty, express or implied.",1kg,whole_bean,47.78,110,BEAN-0026-1kg-WHO,1
BEAN-0026,"Tavern Triple Shot",Vietnam,"Đắk Lắk","Finca San Miguel",617,wet-hulled,medium-light,2025-11-27,"The Recursion Roastery","citrus,vanilla",espresso-friendly,5,10,10,5,8,,"Ships with no warranty, express or implied.",500g,moka,24,23,BEAN-0026-500g-MOK,2
BEAN-0027,"404: Bean Not Found ☕",Avalon,"Apple Isle","Finca Loop Holdings",244,wet-hulled,light,2026-03-28,"Idempotent Espresso","uncertainty,earthy,raspberry,orange","developer-fuel,single-origin,battle-tested,shade-grown",7,6,6,2,3,1,500g,aeropress,29.56,194,BEAN-0027-500g-AER,0
BEAN-0027,"404: Bean Not Found ☕",Avalon,"Apple Isle","Finca Loop Holdings",244,wet-hulled,light,2026-03-28,"Idempotent Espresso","uncertainty,earthy,raspberry,orange","developer-fuel,single-origin,battle-tested,shade-grown",7,6,6,2,3,1,100g,french_press,4.7,64,BEAN-0027-100g-FRE,1
BEAN-0027,"404: Bean Not Found ☕",Avalon,"Apple Isle","Finca Loop Holdings",244,wet-hulled,light,2026-03-28,"Idempotent Espresso","uncertainty,earthy,raspberry,orange","developer-fuel,single-origin,battle-tested,shade-grown",7,6,6,2,3,1,500g,whole_bean,29.76,103,BEAN-0027-500g-WHO,2
BEAN-0028,"Save Point Sumatra","Costa Rica",Tarrazú,"Finca La Esperanza",1711,natural,dark,2026-02-08,"Roast & Roll","spacetime,earthy,Sunday afternoon",filter-friendly,5,9,3,5,8,1,"Ships with no warranty, express or implied.",100g,aeropress,8.87,61,BEAN-0028-100g-AER,0
BEAN-0028,"Save Point Sumatra","Costa Rica",Tarrazú,"Finca La Esperanza",1711,natural,dark,2026-02-08,"Roast & Roll","spacetime,earthy,Sunday afternoon",filter-friendly,5,9,3,5,8,1,"Ships with no warranty, express or implied.",250g,filter,15.41,141,BEAN-0028-250g-FIL,1
BEAN-0028,"Save Point Sumatra","Costa Rica",Tarrazú,"Finca La Esperanza",1711,natural,dark,2026-02-08,"Roast & Roll","spacetime,earthy,Sunday afternoon",filter-friendly,5,9,3,5,8,1,"Ships with no warranty, express or implied.",1kg,whole_bean,44.8,29,BEAN-0028-1kg-WHO,2
BEAN-0029,"Wizard's Wakeup",Honduras,Copán,"Finca Pure Functional Farm",1560,honey,medium-dark,2026-01-08,"Idempotent Espresso",woody,"rainforest-alliance,filter-friendly",10,9,3,2,5,1,"If found defective, please file a bug report.",500g,turkish,26.06,0,BEAN-0029-500g-TUR,0
BEAN-0029,"Wizard's Wakeup",Honduras,Copán,"Finca Pure Functional Farm",1560,honey,medium-dark,2026-01-08,"Idempotent Espresso",woody,"rainforest-alliance,filter-friendly",10,9,3,2,5,1,"If found defective, please file a bug report.",500g,aeropress,24.39,150,BEAN-0029-500g-AER,1
BEAN-0029,"Wizard's Wakeup",Honduras,Copán,"Finca Pure Functional Farm",1560,honey,medium-dark,2026-01-08,"Idempotent Espresso",woody,"rainforest-alliance,filter-friendly",10,9,3,2,5,1,"If found defective, please file a bug report.",1kg,turkish,44.19,137,BEAN-0029-1kg-TUR,2
BEAN-0029,"Wizard's Wakeup",Honduras,Copán,"Finca Pure Functional Farm",1560,honey,medium-dark,2026-01-08,"Idempotent Espresso",woody,"rainforest-alliance,filter-friendly",10,9,3,2,5,1,"If found defective, please file a bug report.",1kg,filter,45.66,195,BEAN-0029-1kg-FIL,3
BEAN-0030,"Elven Espresso",Indonesia,Sumatra,"Finca Heap Hill",1392,natural,-2.0004,58.3586,medium-dark,2026-04-30,"Cache Coherence Coffee","victory,cinnamon,compile-time aroma","developer-fuel,fair-trade",3,9,10,6,2,1,"If found defective, please file a bug report.",1kg,whole_bean,48.78,104,BEAN-0030-1kg-WHO,0
BEAN-0030,"Elven Espresso",Indonesia,Sumatra,"Finca Heap Hill",1392,natural,-2.0004,58.3586,medium-dark,2026-04-30,"Cache Coherence Coffee","victory,cinnamon,compile-time aroma","developer-fuel,fair-trade",3,9,10,6,2,1,"If found defective, please file a bug report.",250g,whole_bean,14.76,67,BEAN-0030-250g-WHO,1
BEAN-0030,"Elven Espresso",Indonesia,Sumatra,"Finca Heap Hill",1392,natural,-2.0004,58.3586,medium-dark,2026-04-30,"Cache Coherence Coffee","victory,cinnamon,compile-time aroma","developer-fuel,fair-trade",3,9,10,6,2,1,"If found defective, please file a bug report.",500g,moka,27.54,166,BEAN-0030-500g-MOK,2
BEAN-0031,"Rogue Roast",Kenya,Nyeri,"Finca The Repo",2146,washed,dark,2026-04-24,"Function Call Cafe","berry,ambition",bird-friendly,2,2,8,3,5,1,"Recommended by 9 out of 10 over-tired developers.",100g,filter,6.87,110,BEAN-0031-100g-FIL,0
BEAN-0032,"TCP Triple-Shot",Brazil,Mogiana,"Finca San Miguel",989,wet-hulled,medium-dark,2025-12-04,"FIFO Coffee Bar",tobacco,"small-batch,nerd-approved",5,8,5,1,8,1,250g,whole_bean,14.53,88,BEAN-0032-250g-WHO,0
BEAN-0032,"TCP Triple-Shot",Brazil,Mogiana,"Finca San Miguel",989,wet-hulled,medium-dark,2025-12-04,"FIFO Coffee Bar",tobacco,"small-batch,nerd-approved",5,8,5,1,8,1,500g,aeropress,29.7,176,BEAN-0032-500g-AER,1
BEAN-0032,"TCP Triple-Shot",Brazil,Mogiana,"Finca San Miguel",989,wet-hulled,medium-dark,2025-12-04,"FIFO Coffee Bar",tobacco,"small-batch,nerd-approved",5,8,5,1,8,1,500g,french_press,28.76,50,BEAN-0032-500g-FRE,2
BEAN-0033,"Singularity Sumatra ☕",India,Karnataka,"Finca Branch Estate",1083,honey,french,2026-02-25,"Bit Roasters","raspberry,chocolate,honey",battle-tested,8,5,4,10,6,1,"Pairs well with rubber duck debugging.",500g,aeropress,28.04,196,BEAN-0033-500g-AER,0
BEAN-0033,"Singularity Sumatra ☕",India,Karnataka,"Finca Branch Estate",1083,honey,french,2026-02-25,"Bit Roasters","raspberry,chocolate,honey",battle-tested,8,5,4,10,6,1,"Pairs well with rubber duck debugging.",250g,aeropress,11.78,160,BEAN-0033-250g-AER,1
BEAN-0034,"Black Hole Brew","Mount Olympus",Pelion,"Finca San Miguel",2767,honey,medium,2026-01-25,"O(1) Coffee","peanut butter","compile-grade,battle-tested,limited-edition",3,5,8,5,6,1,"Brewed under the careful eye of our QA team.",100g,espresso,10.03,57,BEAN-0034-100g-ESP,0
BEAN-0034,"Black Hole Brew","Mount Olympus",Pelion,"Finca San Miguel",2767,honey,medium,2026-01-25,"O(1) Coffee","peanut butter","compile-grade,battle-tested,limited-edition",3,5,8,5,6,1,"Brewed under the careful eye of our QA team.",1kg,turkish,49.44,93,BEAN-0034-1kg-TUR,1
BEAN-0034,"Black Hole Brew","Mount Olympus",Pelion,"Finca San Miguel",2767,honey,medium,2026-01-25,"O(1) Coffee","peanut butter","compile-grade,battle-tested,limited-edition",3,5,8,5,6,1,"Brewed under the careful eye of our QA team.",100g,turkish,7.16,67,BEAN-0034-100g-TUR,2
BEAN-0035,"Haskell Hot Brew",India,Karnataka,"Finca Commit Hill",1095,honey,light,2025-11-20,"Function Call Cafe","dark chocolate,maple syrup,pineapple","battle-tested,small-batch,single-origin",8,5,7,2,3,,"Brewed under the careful eye of our QA team.",1kg,whole_bean,43.78,137,BEAN-0035-1kg-WHO,0
BEAN-0036,"Elven Espresso",Tanzania,Kilimanjaro,"Finca Branch Estate",1714,natural,-1.6544,127.5406,medium-dark,2025-11-25,"ASCII Coffee","maple syrup,clove,raspberry",shade-grown,4,8,8,4,6,,500g,whole_bean,25.19,48,BEAN-0036-500g-WHO,0
BEAN-0036,"Elven Espresso",Tanzania,Kilimanjaro,"Finca Branch Estate",1714,natural,-1.6544,127.5406,medium-dark,2025-11-25,"ASCII Coffee","maple syrup,clove,raspberry",shade-grown,4,8,8,4,6,,100g,turkish,10.59,23,BEAN-0036-100g-TUR,1
BEAN-0036,"Elven Espresso",Tanzania,Kilimanjaro,"Finca Branch Estate",1714,natural,-1.6544,127.5406,medium-dark,2025-11-25,"ASCII Coffee","maple syrup,clove,raspberry",shade-grown,4,8,8,4,6,,250g,aeropress,16.12,5,BEAN-0036-250g-AER,2
BEAN-0037,"Y2K Vintage Roast",Avalon,"Apple Isle","Finca The Mainframe",183,wet-hulled,medium-light,2026-03-13,"Cache Coherence Coffee","brown sugar",limited-edition,3,3,9,5,3,,"Fuel for the 3am production incident.",250g,whole_bean,13.87,60,BEAN-0037-250g-WHO,0
BEAN-0037,"Y2K Vintage Roast",Avalon,"Apple Isle","Finca The Mainframe",183,wet-hulled,medium-light,2026-03-13,"Cache Coherence Coffee","brown sugar",limited-edition,3,3,9,5,3,,"Fuel for the 3am production incident.",500g,whole_bean,23.39,13,BEAN-0037-500g-WHO,1
BEAN-0037,"Y2K Vintage Roast",Avalon,"Apple Isle","Finca The Mainframe",183,wet-hulled,medium-light,2026-03-13,"Cache Coherence Coffee","brown sugar",limited-edition,3,3,9,5,3,,"Fuel for the 3am production incident.",250g,aeropress,14.37,29,BEAN-0037-250g-AER,2
BEAN-0037,"Y2K Vintage Roast",Avalon,"Apple Isle","Finca The Mainframe",183,wet-hulled,medium-light,2026-03-13,"Cache Coherence Coffee","brown sugar",limited-edition,3,3,9,5,3,,"Fuel for the 3am production incident.",100g,french_press,7.59,92,BEAN-0037-100g-FRE,3
BEAN-0038,"Euler's Espresso",Colombia,Antioquia,"Finca The Sandbox",1672,wet-hulled,medium,2026-01-14,"The Daily Brew",,developer-fuel,7,7,2,8,8,,"If found defective, please file a bug report.",250g,whole_bean,12.01,159,BEAN-0038-250g-WHO,0
BEAN-0039,"Fibonacci Filter",Rwanda,Nyamasheke,"Finca Stack Plantation",1750,wet-hulled,dark,2026-01-21,"ASCII Coffee",,"bird-friendly,nerd-approved",4,7,6,8,7,1,"Pairs well with rubber duck debugging.",1kg,filter,48.32,95,BEAN-0039-1kg-FIL,0
BEAN-0040,"Y2K Vintage Roast",Ethiopia,Yirgacheffe,"Finca Heap Hill",1847,washed,french,2026-02-05,"The Recursion Roastery","caramel,molasses,pineapple,rose",bird-friendly,6,7,1,5,10,1,"Best paired with a 200 OK.",250g,espresso,16.25,57,BEAN-0040-250g-ESP,0
BEAN-0040,"Y2K Vintage Roast",Ethiopia,Yirgacheffe,"Finca Heap Hill",1847,washed,french,2026-02-05,"The Recursion Roastery","caramel,molasses,pineapple,rose",bird-friendly,6,7,1,5,10,1,"Best paired with a 200 OK.",100g,filter,10.76,94,BEAN-0040-100g-FIL,1
BEAN-0041,"NPC Nitro",Avalon,"Apple Isle","Finca Branch Estate",319,wet-hulled,french,2025-11-28,"Brewed in Berlin",,"organic,espresso-friendly,limited-edition",5,6,6,1,3,1,1kg,whole_bean,44.13,162,BEAN-0041-1kg-WHO,0
BEAN-0041,"NPC Nitro",Avalon,"Apple Isle","Finca Branch Estate",319,wet-hulled,french,2025-11-28,"Brewed in Berlin",,"organic,espresso-friendly,limited-edition",5,6,6,1,3,1,100g,whole_bean,9.97,55,BEAN-0041-100g-WHO,1
BEAN-0041,"NPC Nitro",Avalon,"Apple Isle","Finca Branch Estate",319,wet-hulled,french,2025-11-28,"Brewed in Berlin",,"organic,espresso-friendly,limited-edition",5,6,6,1,3,1,1kg,french_press,46.63,40,BEAN-0041-1kg-FRE,2
BEAN-0042,"Final Boss Filter",Hawaii,Kona,"Finca La Esperanza",643,natural,medium-light,2025-12-04,"Compile Time Coffee Co.",,"nerd-approved,bird-friendly,developer-fuel",10,8,7,5,4,1,1kg,whole_bean,45.27,173,BEAN-0042-1kg-WHO,0
BEAN-0042,"Final Boss Filter",Hawaii,Kona,"Finca La Esperanza",643,natural,medium-light,2025-12-04,"Compile Time Coffee Co.",,"nerd-approved,bird-friendly,developer-fuel",10,8,7,5,4,1,1kg,moka,48.34,11,BEAN-0042-1kg-MOK,1
BEAN-0043,"Vim Vortex",Honduras,Copán,"Finca The Mainframe",1784,natural,medium,2026-02-26,"Cache Coherence Coffee",,developer-fuel,7,3,3,7,9,1,"Smooth like a well-balanced API.",500g,whole_bean,25.18,189,BEAN-0043-500g-WHO,0
BEAN-0043,"Vim Vortex",Honduras,Copán,"Finca The Mainframe",1784,natural,medium,2026-02-26,"Cache Coherence Coffee",,developer-fuel,7,3,3,7,9,1,"Smooth like a well-balanced API.",100g,french_press,4.15,19,BEAN-0043-100g-FRE,1
BEAN-0043,"Vim Vortex",Honduras,Copán,"Finca The Mainframe",1784,natural,medium,2026-02-26,"Cache Coherence Coffee",,developer-fuel,7,3,3,7,9,1,"Smooth like a well-balanced API.",500g,moka,25.43,103,BEAN-0043-500g-MOK,2
BEAN-0044,"Schrödinger's Latte",Brazil,Mogiana,"Finca Branch Estate",1310,anaerobic,french,2026-02-08,"Isotope Roasters","almond,blueberry,nutmeg","compile-grade,single-origin,rainforest-alliance,seasonal",6,4,6,3,2,1,"Has been peer-reviewed.",250g,turkish,13.8,186,BEAN-0044-250g-TUR,0
BEAN-0044,"Schrödinger's Latte",Brazil,Mogiana,"Finca Branch Estate",1310,anaerobic,french,2026-02-08,"Isotope Roasters","almond,blueberry,nutmeg","compile-grade,single-origin,rainforest-alliance,seasonal",6,4,6,3,2,1,"Has been peer-reviewed.",250g,espresso,11.82,65,BEAN-0044-250g-ESP,1
BEAN-0045,"Race Condition Cold Brew",Brazil,Mogiana,"Finca The Sandbox",1387,anaerobic,medium-dark,2025-12-18,"The Bean Counters","tail-call sweetness,honey,uncertainty","direct-trade,decaf,nerd-approved",2,8,8,5,5,1,"Pairs well with rubber duck debugging.",100g,filter,7.69,9,BEAN-0045-100g-FIL,0
BEAN-0045,"Race Condition Cold Brew",Brazil,Mogiana,"Finca The Sandbox",1387,anaerobic,medium-dark,2025-12-18,"The Bean Counters","tail-call sweetness,honey,uncertainty","direct-trade,decaf,nerd-approved",2,8,8,5,5,1,"Pairs well with rubber duck debugging.",500g,whole_bean,27.16,23,BEAN-0045-500g-WHO,1
BEAN-0046,"Mage's Mocha","Mount Olympus",Pelion,"Finca La Esperanza",3158,anaerobic,19.1621,-16.3771,dark,2025-11-26,"Loops & Beans","brown sugar,smoky","fair-trade,nerd-approved",2,6,2,9,3,,"Fuel for the 3am production incident.",1kg,moka,47.18,40,BEAN-0046-1kg-MOK,0
BEAN-0046,"Mage's Mocha","Mount Olympus",Pelion,"Finca La Esperanza",3158,anaerobic,19.1621,-16.3771,dark,2025-11-26,"Loops & Beans","brown sugar,smoky","fair-trade,nerd-approved",2,6,2,9,3,,"Fuel for the 3am production incident.",500g,filter,29.34,99,BEAN-0046-500g-FIL,1
BEAN-0046,"Mage's Mocha","Mount Olympus",Pelion,"Finca La Esperanza",3158,anaerobic,19.1621,-16.3771,dark,2025-11-26,"Loops & Beans","brown sugar,smoky","fair-trade,nerd-approved",2,6,2,9,3,,"Fuel for the 3am production incident.",1kg,turkish,45.71,153,BEAN-0046-1kg-TUR,2
BEAN-0047,"Big-O Bourbon",Indonesia,Java,"Finca Commit Hill",1570,wet-hulled,medium-light,2026-02-15,"Isotope Roasters","compile-time aroma,citrus,hibiscus,floral","decaf,single-origin,seasonal,rainforest-alliance",6,3,9,2,7,1,"Best paired with a 200 OK.",500g,espresso,29.61,87,BEAN-0047-500g-ESP,0
BEAN-0048,"Cache Miss Mocha",Ethiopia,Yirgacheffe,"Finca The Sandbox",1951,washed,dark,2025-12-24,"Pure Function Pour-Over",,"battle-tested,decaf,rainforest-alliance",3,3,3,10,3,1,500g,aeropress,27.76,113,BEAN-0048-500g-AER,0
BEAN-0049,"Zsh Espresso",Tanzania,Kilimanjaro,"Finca Loop Holdings",1622,anaerobic,medium-light,2026-02-06,"FIFO Coffee Bar","earthy,woody,blackcurrant,cinnamon","espresso-friendly,filter-friendly,decaf,limited-edition",1,8,6,9,2,1,100g,filter,4.67,41,BEAN-0049-100g-FIL,0
BEAN-0049,"Zsh Espresso",Tanzania,Kilimanjaro,"Finca Loop Holdings",1622,anaerobic,medium-light,2026-02-06,"FIFO Coffee Bar","earthy,woody,blackcurrant,cinnamon","espresso-friendly,filter-friendly,decaf,limited-edition",1,8,6,9,2,1,500g,french_press,29.24,37,BEAN-0049-500g-FRE,1
BEAN-0049,"Zsh Espresso",Tanzania,Kilimanjaro,"Finca Loop Holdings",1622,anaerobic,medium-light,2026-02-06,"FIFO Coffee Bar","earthy,woody,blackcurrant,cinnamon","espresso-friendly,filter-friendly,decaf,limited-edition",1,8,6,9,2,1,1kg,whole_bean,50.57,56,BEAN-0049-1kg-WHO,2
BEAN-0050,"Nebula Nitro",Colombia,Antioquia,"Finca The Repo",1502,honey,medium-light,2026-02-02,"Isotope Roasters","berry,dark chocolate","blend,direct-trade,decaf",3,1,5,8,3,1,"Single-origin, single-threaded, single-purpose.",100g,whole_bean,4.15,55,BEAN-0050-100g-WHO,0
BEAN-0050,"Nebula Nitro",Colombia,Antioquia,"Finca The Repo",1502,honey,medium-light,2026-02-02,"Isotope Roasters","berry,dark chocolate","blend,direct-trade,decaf",3,1,5,8,3,1,"Single-origin, single-threaded, single-purpose.",250g,moka,18.52,155,BEAN-0050-250g-MOK,1
BEAN-0050,"Nebula Nitro",Colombia,Antioquia,"Finca The Repo",1502,honey,medium-light,2026-02-02,"Isotope Roasters","berry,dark chocolate","blend,direct-trade,decaf",3,1,5,8,3,1,"Single-origin, single-threaded, single-purpose.",1kg,whole_bean,49.21,60,BEAN-0050-1kg-WHO,2
BEAN-0051,"Curie's Cup","Costa Rica",Tarrazú,"Finca San Miguel",1532,anaerobic,dark,2025-12-25,"Bit Roasters","honey,blueberry,victory,citrus","bird-friendly,organic,shade-grown",4,10,7,3,2,1,"Best paired with a 200 OK.",100g,french_press,10.99,11,BEAN-0051-100g-FRE,0
BEAN-0051,"Curie's Cup","Costa Rica",Tarrazú,"Finca San Miguel",1532,anaerobic,dark,2025-12-25,"Bit Roasters","honey,blueberry,victory,citrus","bird-friendly,organic,shade-grown",4,10,7,3,2,1,"Best paired with a 200 OK.",1kg,filter,45.03,4,BEAN-0051-1kg-FIL,1
BEAN-0052,"Tesla Triple Shot",Ethiopia,Sidamo,"Finca Branch Estate",1995,honey,medium-light,2026-04-30,"Tail Call Tea","rose,uncertainty,orange,tail-call sweetness","developer-fuel,espresso-friendly,decaf,single-origin",8,1,5,4,1,1,"Single-origin, single-threaded, single-purpose.",500g,filter,26.12,139,BEAN-0052-500g-FIL,0
BEAN-0052,"Tesla Triple Shot",Ethiopia,Sidamo,"Finca Branch Estate",1995,honey,medium-light,2026-04-30,"Tail Call Tea","rose,uncertainty,orange,tail-call sweetness","developer-fuel,espresso-friendly,decaf,single-origin",8,1,5,4,1,1,"Single-origin, single-threaded, single-purpose.",1kg,filter,43.29,165,BEAN-0052-1kg-FIL,1
BEAN-0052,"Tesla Triple Shot",Ethiopia,Sidamo,"Finca Branch Estate",1995,honey,medium-light,2026-04-30,"Tail Call Tea","rose,uncertainty,orange,tail-call sweetness","developer-fuel,espresso-friendly,decaf,single-origin",8,1,5,4,1,1,"Single-origin, single-threaded, single-purpose.",250g,filter,13.86,199,BEAN-0052-250g-FIL,2
BEAN-0052,"Tesla Triple Shot",Ethiopia,Sidamo,"Finca Branch Estate",1995,honey,medium-light,2026-04-30,"Tail Call Tea","rose,uncertainty,orange,tail-call sweetness","developer-fuel,espresso-friendly,decaf,single-origin",8,1,5,4,1,1,"Single-origin, single-threaded, single-purpose.",100g,turkish,9.25,69,BEAN-0052-100g-TUR,3
BEAN-0053,"Antimatter Americano",Peru,Cajamarca,"Finca Bit Bucket",1998,anaerobic,french,2026-01-04,"Tail Call Tea","raspberry,hazelnut,regret,nutmeg",bird-friendly,10,3,9,5,6,,500g,filter,25.57,183,BEAN-0053-500g-FIL,0
BEAN-0053,"Antimatter Americano",Peru,Cajamarca,"Finca Bit Bucket",1998,anaerobic,french,2026-01-04,"Tail Call Tea","raspberry,hazelnut,regret,nutmeg",bird-friendly,10,3,9,5,6,,1kg,espresso,48.52,89,BEAN-0053-1kg-ESP,1
BEAN-0054,"Euler's Espresso",Nicaragua,Jinotega,"Finca Commit Hill",1440,washed,light,2025-11-21,"The Daily Brew","lavender,peach,ambition","organic,decaf",10,8,1,3,2,1,"Best paired with a 200 OK.",500g,french_press,29.6,8,BEAN-0054-500g-FRE,0
BEAN-0054,"Euler's Espresso",Nicaragua,Jinotega,"Finca Commit Hill",1440,washed,light,2025-11-21,"The Daily Brew","lavender,peach,ambition","organic,decaf",10,8,1,3,2,1,"Best paired with a 200 OK.",250g,aeropress,14.6,94,BEAN-0054-250g-AER,1
BEAN-0054,"Euler's Espresso",Nicaragua,Jinotega,"Finca Commit Hill",1440,washed,light,2025-11-21,"The Daily Brew","lavender,peach,ambition","organic,decaf",10,8,1,3,2,1,"Best paired with a 200 OK.",100g,moka,5.1,93,BEAN-0054-100g-MOK,2
BEAN-0055,"Sudo Brew","Mount Olympus",Pelion,"Finca Stack Plantation",2795,wet-hulled,medium-dark,2025-12-19,"ASCII Coffee","strawberry,victory","filter-friendly,seasonal,developer-fuel,battle-tested",2,3,2,8,3,1,100g,turkish,9.46,81,BEAN-0055-100g-TUR,0
BEAN-0055,"Sudo Brew","Mount Olympus",Pelion,"Finca Stack Plantation",2795,wet-hulled,medium-dark,2025-12-19,"ASCII Coffee","strawberry,victory","filter-friendly,seasonal,developer-fuel,battle-tested",2,3,2,8,3,1,500g,aeropress,22.52,138,BEAN-0055-500g-AER,1
BEAN-0055,"Sudo Brew","Mount Olympus",Pelion,"Finca Stack Plantation",2795,wet-hulled,medium-dark,2025-12-19,"ASCII Coffee","strawberry,victory","filter-friendly,seasonal,developer-fuel,battle-tested",2,3,2,8,3,1,500g,filter,28.81,182,BEAN-0055-500g-FIL,2
BEAN-0056,"Black Hole Brew",Rwanda,Nyamasheke,"Finca San Miguel",1714,natural,7.6083,23.8192,medium-light,2026-03-12,"Idempotent Espresso",,"production-ready,open-source,shade-grown",8,9,3,10,2,,"Ships with no warranty, express or implied.",1kg,moka,46.29,104,BEAN-0056-1kg-MOK,0
BEAN-0056,"Black Hole Brew",Rwanda,Nyamasheke,"Finca San Miguel",1714,natural,7.6083,23.8192,medium-light,2026-03-12,"Idempotent Espresso",,"production-ready,open-source,shade-grown",8,9,3,10,2,,"Ships with no warranty, express or implied.",100g,espresso,11.78,164,BEAN-0056-100g-ESP,1
BEAN-0057,"Edison Espresso ☕",India,Karnataka,"Finca The Sandbox",993,natural,medium-dark,2026-01-03,"Compile Time Coffee Co.",,"seasonal,espresso-friendly",3,6,4,6,9,1,500g,espresso,27.08,141,BEAN-0057-500g-ESP,0
BEAN-0057,"Edison Espresso ☕",India,Karnataka,"Finca The Sandbox",993,natural,medium-dark,2026-01-03,"Compile Time Coffee Co.",,"seasonal,espresso-friendly",3,6,4,6,9,1,500g,moka,26.27,128,BEAN-0057-500g-MOK,1
BEAN-0057,"Edison Espresso ☕",India,Karnataka,"Finca The Sandbox",993,natural,medium-dark,2026-01-03,"Compile Time Coffee Co.",,"seasonal,espresso-friendly",3,6,4,6,9,1,250g,moka,18.53,39,BEAN-0057-250g-MOK,2
BEAN-0057,"Edison Espresso ☕",India,Karnataka,"Finca The Sandbox",993,natural,medium-dark,2026-01-03,"Compile Time Coffee Co.",,"seasonal,espresso-friendly",3,6,4,6,9,1,250g,aeropress,16,154,BEAN-0057-250g-AER,3
BEAN-0058,"Sudo Brew",Ethiopia,Yirgacheffe,"Finca Commit Hill",1823,wet-hulled,medium,2025-11-26,"Loops & Beans","clove,maple syrup,spacetime,dark chocolate","production-ready,seasonal,open-source,developer-fuel",4,7,5,8,2,1,1kg,french_press,46.72,87,BEAN-0058-1kg-FRE,0
BEAN-0058,"Sudo Brew",Ethiopia,Yirgacheffe,"Finca Commit Hill",1823,wet-hulled,medium,2025-11-26,"Loops & Beans","clove,maple syrup,spacetime,dark chocolate","production-ready,seasonal,open-source,developer-fuel",4,7,5,8,2,1,250g,filter,17.89,81,BEAN-0058-250g-FIL,1
BEAN-0059,"Kernel Panic Coffee",Avalon,"Apple Isle","Finca The Repo",89,wet-hulled,light,2026-02-19,"Function Call Cafe","walnut,raspberry,earthy","decaf,blend",1,5,7,10,7,1,"Recommended by 9 out of 10 over-tired developers.",250g,turkish,13.62,147,BEAN-0059-250g-TUR,0
BEAN-0059,"Kernel Panic Coffee",Avalon,"Apple Isle","Finca The Repo",89,wet-hulled,light,2026-02-19,"Function Call Cafe","walnut,raspberry,earthy","decaf,blend",1,5,7,10,7,1,"Recommended by 9 out of 10 over-tired developers.",500g,espresso,28.1,127,BEAN-0059-500g-ESP,1
BEAN-0059,"Kernel Panic Coffee",Avalon,"Apple Isle","Finca The Repo",89,wet-hulled,light,2026-02-19,"Function Call Cafe","walnut,raspberry,earthy","decaf,blend",1,5,7,10,7,1,"Recommended by 9 out of 10 over-tired developers.",1kg,french_press,50.03,127,BEAN-0059-1kg-FRE,2
BEAN-0059,"Kernel Panic Coffee",Avalon,"Apple Isle","Finca The Repo",89,wet-hulled,light,2026-02-19,"Function Call Cafe","walnut,raspberry,earthy","decaf,blend",1,5,7,10,7,1,"Recommended by 9 out of 10 over-tired developers.",100g,whole_bean,11.56,129,BEAN-0059-100g-WHO,3
BEAN-0060,"Off-By-One Latte",Honduras,Copán,"Finca Branch Estate",1553,anaerobic,medium,2025-12-25,"Bit Roasters",,"decaf,limited-edition,shade-grown,rainforest-alliance",6,1,7,1,10,1,"Smooth like a well-balanced API.",500g,whole_bean,25.09,115,BEAN-0060-500g-WHO,0
BEAN-0060,"Off-By-One Latte",Honduras,Copán,"Finca Branch Estate",1553,anaerobic,medium,2025-12-25,"Bit Roasters",,"decaf,limited-edition,shade-grown,rainforest-alliance",6,1,7,1,10,1,"Smooth like a well-balanced API.",500g,turkish,29.91,174,BEAN-0060-500g-TUR,1
BEAN-0061,"Mage's Mocha",Peru,Cajamarca,"Finca Null Acres",1785,natural,medium-light,2025-12-08,"Pure Function Pour-Over","peach,milk chocolate,peanut butter","developer-fuel,compile-grade,nerd-approved",3,10,9,3,6,1,"Pairs well with rubber duck debugging.",1kg,moka,48.91,76,BEAN-0061-1kg-MOK,0
BEAN-0061,"Mage's Mocha",Peru,Cajamarca,"Finca Null Acres",1785,natural,medium-light,2025-12-08,"Pure Function Pour-Over","peach,milk chocolate,peanut butter","developer-fuel,compile-grade,nerd-approved",3,10,9,3,6,1,"Pairs well with rubber duck debugging.",500g,moka,28.63,136,BEAN-0061-500g-MOK,1
BEAN-0062,"Wormhole Wakeup",Peru,Cajamarca,"Finca San Miguel",1844,anaerobic,dark,2026-02-22,"The Daily Brew",,"limited-edition,open-source,small-batch,fair-trade",10,8,3,9,10,1,"Best paired with a 200 OK.",250g,whole_bean,15.58,179,BEAN-0062-250g-WHO,0
BEAN-0062,"Wormhole Wakeup",Peru,Cajamarca,"Finca San Miguel",1844,anaerobic,dark,2026-02-22,"The Daily Brew",,"limited-edition,open-source,small-batch,fair-trade",10,8,3,9,10,1,"Best paired with a 200 OK.",100g,espresso,4.15,80,BEAN-0062-100g-ESP,1
BEAN-0063,"Necromancer Nitro",Hawaii,Kona,"Finca Stack Plantation",1071,washed,french,2026-04-06,"Pure Function Pour-Over",pineapple,"developer-fuel,compile-grade,rainforest-alliance",6,3,8,9,6,1,"Fuel for the 3am production incident.",500g,moka,25.87,63,BEAN-0063-500g-MOK,0
BEAN-0063,"Necromancer Nitro",Hawaii,Kona,"Finca Stack Plantation",1071,washed,french,2026-04-06,"Pure Function Pour-Over",pineapple,"developer-fuel,compile-grade,rainforest-alliance",6,3,8,9,6,1,"Fuel for the 3am production incident.",500g,espresso,29.53,76,BEAN-0063-500g-ESP,1
BEAN-0063,"Necromancer Nitro",Hawaii,Kona,"Finca Stack Plantation",1071,washed,french,2026-04-06,"Pure Function Pour-Over",pineapple,"developer-fuel,compile-grade,rainforest-alliance",6,3,8,9,6,1,"Fuel for the 3am production incident.",500g,aeropress,23.66,180,BEAN-0063-500g-AER,2
BEAN-0064,"Mage's Mocha","Mount Olympus",Pelion,"Finca Loop Holdings",2840,washed,dark,2025-11-19,"Brewed in Berlin","cardamom,hibiscus,citrus","fair-trade,seasonal,single-origin",6,8,5,8,4,1,500g,espresso,22.87,189,BEAN-0064-500g-ESP,0
BEAN-0064,"Mage's Mocha","Mount Olympus",Pelion,"Finca Loop Holdings",2840,washed,dark,2025-11-19,"Brewed in Berlin","cardamom,hibiscus,citrus","fair-trade,seasonal,single-origin",6,8,5,8,4,1,250g,espresso,11.41,135,BEAN-0064-250g-ESP,1
BEAN-0064,"Mage's Mocha","Mount Olympus",Pelion,"Finca Loop Holdings",2840,washed,dark,2025-11-19,"Brewed in Berlin","cardamom,hibiscus,citrus","fair-trade,seasonal,single-origin",6,8,5,8,4,1,250g,aeropress,12.86,25,BEAN-0064-250g-AER,2
BEAN-0065,"Druid's Drip",Brazil,"Minas Gerais","Finca The Repo",1002,natural,medium-dark,2025-11-25,"Idempotent Espresso","uncertainty,grapefruit,Sunday afternoon","direct-trade,seasonal,fair-trade",2,10,4,9,1,1,"Recommended by 9 out of 10 over-tired developers.",250g,whole_bean,18.98,101,BEAN-0065-250g-WHO,0
BEAN-0065,"Druid's Drip",Brazil,"Minas Gerais","Finca The Repo",1002,natural,medium-dark,2025-11-25,"Idempotent Espresso","uncertainty,grapefruit,Sunday afternoon","direct-trade,seasonal,fair-trade",2,10,4,9,1,1,"Recommended by 9 out of 10 over-tired developers.",1kg,espresso,50.49,74,BEAN-0065-1kg-ESP,1
BEAN-0066,"Quantum Espresso ☕",Honduras,Copán,"Finca Commit Hill",1532,wet-hulled,dark,2026-01-05,"The Recursion Roastery","woody,raspberry,grapefruit,walnut","espresso-friendly,nerd-approved,limited-edition",3,1,6,5,10,1,"Best paired with a 200 OK.",1kg,turkish,46.42,83,BEAN-0066-1kg-TUR,0
BEAN-0066,"Quantum Espresso ☕",Honduras,Copán,"Finca Commit Hill",1532,wet-hulled,dark,2026-01-05,"The Recursion Roastery","woody,raspberry,grapefruit,walnut","espresso-friendly,nerd-approved,limited-edition",3,1,6,5,10,1,"Best paired with a 200 OK.",100g,french_press,9.35,47,BEAN-0066-100g-FRE,1
BEAN-0067,"Antimatter Americano",Indonesia,Sumatra,"Finca The Sandbox",1328,honey,medium,2026-02-23,"The Bean Counters","chocolate,strawberry,uncertainty,lavender","fair-trade,blend",8,5,3,7,9,1,500g,aeropress,22.94,75,BEAN-0067-500g-AER,0
BEAN-0067,"Antimatter Americano",Indonesia,Sumatra,"Finca The Sandbox",1328,honey,medium,2026-02-23,"The Bean Counters","chocolate,strawberry,uncertainty,lavender","fair-trade,blend",8,5,3,7,9,1,500g,moka,23.77,34,BEAN-0067-500g-MOK,1
BEAN-0067,"Antimatter Americano",Indonesia,Sumatra,"Finca The Sandbox",1328,honey,medium,2026-02-23,"The Bean Counters","chocolate,strawberry,uncertainty,lavender","fair-trade,blend",8,5,3,7,9,1,1kg,espresso,46.64,155,BEAN-0067-1kg-ESP,2
BEAN-0067,"Antimatter Americano",Indonesia,Sumatra,"Finca The Sandbox",1328,honey,medium,2026-02-23,"The Bean Counters","chocolate,strawberry,uncertainty,lavender","fair-trade,blend",8,5,3,7,9,1,500g,french_press,27.62,120,BEAN-0067-500g-FRE,3
BEAN-0068,"Rogue Roast",Indonesia,Sumatra,"Finca The Sandbox",1448,wet-hulled,light,2025-12-28,"Eventual Consistency Roasting","victory,lavender,vanilla,honey",fair-trade,9,9,4,10,9,,"A bold roast that compiles cleanly on the first run.",1kg,whole_bean,48.44,183,BEAN-0068-1kg-WHO,0
BEAN-0068,"Rogue Roast",Indonesia,Sumatra,"Finca The Sandbox",1448,wet-hulled,light,2025-12-28,"Eventual Consistency Roasting","victory,lavender,vanilla,honey",fair-trade,9,9,4,10,9,,"A bold roast that compiles cleanly on the first run.",1kg,turkish,43.45,33,BEAN-0068-1kg-TUR,1
BEAN-0069,"Boltzmann Brew","El Dorado","Lake Guatavita","Finca Pure Functional Farm",3057,washed,medium-dark,2026-03-07,"Bit Roasters",molasses,fair-trade,7,6,2,9,1,1,1kg,whole_bean,45.3,46,BEAN-0069-1kg-WHO,0
BEAN-0070,"Mendeleev Mocha",Nicaragua,Jinotega,"Finca Heap Hill",1491,anaerobic,medium-dark,2026-02-04,"Isotope Roasters","peanut butter,uncertainty,hibiscus,walnut","production-ready,rainforest-alliance",9,3,4,1,1,1,"Has been peer-reviewed.",1kg,moka,46.03,58,BEAN-0070-1kg-MOK,0
BEAN-0070,"Mendeleev Mocha",Nicaragua,Jinotega,"Finca Heap Hill",1491,anaerobic,medium-dark,2026-02-04,"Isotope Roasters","peanut butter,uncertainty,hibiscus,walnut","production-ready,rainforest-alliance",9,3,4,1,1,1,"Has been peer-reviewed.",250g,french_press,13.77,70,BEAN-0070-250g-FRE,1
BEAN-0070,"Mendeleev Mocha",Nicaragua,Jinotega,"Finca Heap Hill",1491,anaerobic,medium-dark,2026-02-04,"Isotope Roasters","peanut butter,uncertainty,hibiscus,walnut","production-ready,rainforest-alliance",9,3,4,1,1,1,"Has been peer-reviewed.",250g,aeropress,17.12,8,BEAN-0070-250g-AER,2
BEAN-0071,"404: Bean Not Found",Indonesia,Sumatra,"Finca San Miguel",1205,washed,dark,2026-05-03,"Eventual Consistency Roasting","tail-call sweetness,victory,caramel,blueberry",rainforest-alliance,8,4,9,4,1,,"Side effects may include: refactoring, enlightenment, productivity.",250g,turkish,18.33,147,BEAN-0071-250g-TUR,0
BEAN-0071,"404: Bean Not Found",Indonesia,Sumatra,"Finca San Miguel",1205,washed,dark,2026-05-03,"Eventual Consistency Roasting","tail-call sweetness,victory,caramel,blueberry",rainforest-alliance,8,4,9,4,1,,"Side effects may include: refactoring, enlightenment, productivity.",500g,moka,26.78,172,BEAN-0071-500g-MOK,1
BEAN-0071,"404: Bean Not Found",Indonesia,Sumatra,"Finca San Miguel",1205,washed,dark,2026-05-03,"Eventual Consistency Roasting","tail-call sweetness,victory,caramel,blueberry",rainforest-alliance,8,4,9,4,1,,"Side effects may include: refactoring, enlightenment, productivity.",500g,espresso,24.41,36,BEAN-0071-500g-ESP,2
BEAN-0071,"404: Bean Not Found",Indonesia,Sumatra,"Finca San Miguel",1205,washed,dark,2026-05-03,"Eventual Consistency Roasting","tail-call sweetness,victory,caramel,blueberry",rainforest-alliance,8,4,9,4,1,,"Side effects may include: refactoring, enlightenment, productivity.",250g,french_press,13.4,15,BEAN-0071-250g-FRE,3
BEAN-0072,"Tesla Triple Shot",Panama,Boquete,"Finca The Repo",1518,anaerobic,light,2026-02-12,"The Daily Brew","apricot,jasmine,the smell of merged PRs","bird-friendly,decaf,seasonal,rainforest-alliance",3,9,8,4,4,1,"Side effects may include: refactoring, enlightenment, productivity.",1kg,whole_bean,47.5,106,BEAN-0072-1kg-WHO,0
BEAN-0072,"Tesla Triple Shot",Panama,Boquete,"Finca The Repo",1518,anaerobic,light,2026-02-12,"The Daily Brew","apricot,jasmine,the smell of merged PRs","bird-friendly,decaf,seasonal,rainforest-alliance",3,9,8,4,4,1,"Side effects may include: refactoring, enlightenment, productivity.",250g,french_press,12.94,52,BEAN-0072-250g-FRE,1
BEAN-0072,"Tesla Triple Shot",Panama,Boquete,"Finca The Repo",1518,anaerobic,light,2026-02-12,"The Daily Brew","apricot,jasmine,the smell of merged PRs","bird-friendly,decaf,seasonal,rainforest-alliance",3,9,8,4,4,1,"Side effects may include: refactoring, enlightenment, productivity.",500g,aeropress,22.63,115,BEAN-0072-500g-AER,2
BEAN-0073,"Off-By-One Latte",Indonesia,Java,"Finca Commit Hill",1393,wet-hulled,dark,2026-05-01,"Isotope Roasters","Sunday afternoon","developer-fuel,filter-friendly",6,5,1,4,4,1,"Pairs well with rubber duck debugging.",1kg,espresso,48.57,180,BEAN-0073-1kg-ESP,0
BEAN-0073,"Off-By-One Latte",Indonesia,Java,"Finca Commit Hill",1393,wet-hulled,dark,2026-05-01,"Isotope Roasters","Sunday afternoon","developer-fuel,filter-friendly",6,5,1,4,4,1,"Pairs well with rubber duck debugging.",250g,french_press,18.32,141,BEAN-0073-250g-FRE,1
BEAN-0074,"Pandora's Pour-Over",Honduras,Copán,"Finca Null Acres",1433,wet-hulled,medium-dark,2026-01-12,"ASCII Coffee","Sunday afternoon,jasmine,bergamot","direct-trade,bird-friendly,fair-trade",10,4,3,1,5,1,1kg,filter,44.22,84,BEAN-0074-1kg-FIL,0
BEAN-0074,"Pandora's Pour-Over",Honduras,Copán,"Finca Null Acres",1433,wet-hulled,medium-dark,2026-01-12,"ASCII Coffee","Sunday afternoon,jasmine,bergamot","direct-trade,bird-friendly,fair-trade",10,4,3,1,5,1,250g,french_press,15.56,62,BEAN-0074-250g-FRE,1
BEAN-0074,"Pandora's Pour-Over",Honduras,Copán,"Finca Null Acres",1433,wet-hulled,medium-dark,2026-01-12,"ASCII Coffee","Sunday afternoon,jasmine,bergamot","direct-trade,bird-friendly,fair-trade",10,4,3,1,5,1,1kg,moka,48.24,175,BEAN-0074-1kg-MOK,2
BEAN-0075,"Dwarven Drip",Jamaica,"Blue Mountain","Finca Stack Plantation",1678,anaerobic,medium-light,2026-02-10,"O(1) Coffee",regret,"espresso-friendly,production-ready,fair-trade,compile-grade",1,2,1,1,7,,"A bold roast that compiles cleanly on the first run.",100g,aeropress,5.21,55,BEAN-0075-100g-AER,0
BEAN-0075,"Dwarven Drip",Jamaica,"Blue Mountain","Finca Stack Plantation",1678,anaerobic,medium-light,2026-02-10,"O(1) Coffee",regret,"espresso-friendly,production-ready,fair-trade,compile-grade",1,2,1,1,7,,"A bold roast that compiles cleanly on the first run.",1kg,filter,43.48,163,BEAN-0075-1kg-FIL,1
BEAN-0075,"Dwarven Drip",Jamaica,"Blue Mountain","Finca Stack Plantation",1678,anaerobic,medium-light,2026-02-10,"O(1) Coffee",regret,"espresso-friendly,production-ready,fair-trade,compile-grade",1,2,1,1,7,,"A bold roast that compiles cleanly on the first run.",1kg,aeropress,46.9,1,BEAN-0075-1kg-AER,2
BEAN-0076,"Yak Shaving Yirgacheffe",Tanzania,Kilimanjaro,"Finca Loop Holdings",2000,washed,dark,2025-11-14,"FIFO Coffee Bar","orange,almond,apricot","small-batch,filter-friendly",10,9,5,6,5,1,"Ships with no warranty, express or implied.",1kg,french_press,47.52,178,BEAN-0076-1kg-FRE,0
BEAN-0077,"Avogadro's Bean ☕",Avalon,"Apple Isle","Finca San Miguel",,anaerobic,medium-dark,2026-02-04,"Brewed in Berlin","caramel,spacetime,chocolate","single-origin,developer-fuel",7,6,10,2,9,1,1kg,filter,43.37,19,BEAN-0077-1kg-FIL,0
BEAN-0077,"Avogadro's Bean ☕",Avalon,"Apple Isle","Finca San Miguel",,anaerobic,medium-dark,2026-02-04,"Brewed in Berlin","caramel,spacetime,chocolate","single-origin,developer-fuel",7,6,10,2,9,1,500g,moka,26.51,8,BEAN-0077-500g-MOK,1
BEAN-0078,"Vim Vortex",India,Karnataka,"Finca The Sandbox",973,anaerobic,light,2026-02-24,"O(1) Coffee","blueberry,honey,cinnamon,tail-call sweetness","rainforest-alliance,decaf,single-origin",9,6,1,2,7,1,1kg,turkish,45.61,162,BEAN-0078-1kg-TUR,0
BEAN-0079,"Pandora's Pour-Over",Tanzania,Kilimanjaro,"Finca Heap Hill",1981,anaerobic,medium-light,2025-11-18,"The Bean Counters","hazelnut,maple syrup,blackcurrant","single-origin,battle-tested",5,3,7,3,7,1,"Fuel for the 3am production incident.",100g,filter,7.56,194,BEAN-0079-100g-FIL,0
BEAN-0079,"Pandora's Pour-Over",Tanzania,Kilimanjaro,"Finca Heap Hill",1981,anaerobic,medium-light,2025-11-18,"The Bean Counters","hazelnut,maple syrup,blackcurrant","single-origin,battle-tested",5,3,7,3,7,1,"Fuel for the 3am production incident.",500g,whole_bean,23.06,47,BEAN-0079-500g-WHO,1
BEAN-0080,"Sudo Brew",Ethiopia,Yirgacheffe,"Finca The Repo",1981,washed,dark,2025-12-09,"Cache Coherence Coffee","chocolate,blackcurrant,clove","single-origin,production-ready,small-batch,compile-grade",3,7,3,3,5,1,"Smooth like a well-balanced API.",100g,espresso,7.48,107,BEAN-0080-100g-ESP,0
BEAN-0080,"Sudo Brew",Ethiopia,Yirgacheffe,"Finca The Repo",1981,washed,dark,2025-12-09,"Cache Coherence Coffee","chocolate,blackcurrant,clove","single-origin,production-ready,small-batch,compile-grade",3,7,3,3,5,1,"Smooth like a well-balanced API.",500g,french_press,28.26,92,BEAN-0080-500g-FRE,1
BEAN-0080,"Sudo Brew",Ethiopia,Yirgacheffe,"Finca The Repo",1981,washed,dark,2025-12-09,"Cache Coherence Coffee","chocolate,blackcurrant,clove","single-origin,production-ready,small-batch,compile-grade",3,7,3,3,5,1,"Smooth like a well-balanced API.",500g,espresso,27.77,126,BEAN-0080-500g-ESP,2
BEAN-0081,"Null Pointer Roast",Mexico,Chiapas,"Finca Branch Estate",1370,anaerobic,medium,2026-01-19,"Cache Coherence Coffee","uncertainty,brown sugar,peanut butter","direct-trade,filter-friendly,developer-fuel",6,3,7,6,5,1,"Side effects may include: refactoring, enlightenment, productivity.",250g,filter,14.01,100,BEAN-0081-250g-FIL,0
BEAN-0081,"Null Pointer Roast",Mexico,Chiapas,"Finca Branch Estate",1370,anaerobic,medium,2026-01-19,"Cache Coherence Coffee","uncertainty,brown sugar,peanut butter","direct-trade,filter-friendly,developer-fuel",6,3,7,6,5,1,"Side effects may include: refactoring, enlightenment, productivity.",500g,whole_bean,29.46,51,BEAN-0081-500g-WHO,1
BEAN-0081,"Null Pointer Roast",Mexico,Chiapas,"Finca Branch Estate",1370,anaerobic,medium,2026-01-19,"Cache Coherence Coffee","uncertainty,brown sugar,peanut butter","direct-trade,filter-friendly,developer-fuel",6,3,7,6,5,1,"Side effects may include: refactoring, enlightenment, productivity.",250g,aeropress,17.14,6,BEAN-0081-250g-AER,2
BEAN-0082,"Tavern Triple Shot",Honduras,Copán,"Finca Pure Functional Farm",1725,washed,medium-dark,2025-11-20,"Idempotent Espresso",spacetime,"small-batch,limited-edition,decaf",7,7,2,8,10,1,"Brewed under the careful eye of our QA team.",1kg,moka,43.29,92,BEAN-0082-1kg-MOK,0
BEAN-0082,"Tavern Triple Shot",Honduras,Copán,"Finca Pure Functional Farm",1725,washed,medium-dark,2025-11-20,"Idempotent Espresso",spacetime,"small-batch,limited-edition,decaf",7,7,2,8,10,1,"Brewed under the careful eye of our QA team.",100g,whole_bean,10.15,168,BEAN-0082-100g-WHO,1
BEAN-0082,"Tavern Triple Shot",Honduras,Copán,"Finca Pure Functional Farm",1725,washed,medium-dark,2025-11-20,"Idempotent Espresso",spacetime,"small-batch,limited-edition,decaf",7,7,2,8,10,1,"Brewed under the careful eye of our QA team.",500g,espresso,27.18,11,BEAN-0082-500g-ESP,2
BEAN-0083,"Paladin Pour-Over",Peru,Cajamarca,"Finca The Sandbox",1994,anaerobic,light,2026-05-09,"ASCII Coffee","berry,peach","nerd-approved,shade-grown",7,8,10,9,3,1,100g,filter,7.33,21,BEAN-0083-100g-FIL,0
BEAN-0084,"Tail Recursion Tonic",Peru,Cajamarca,"Finca The Sandbox",1733,natural,dark,2026-01-08,"Tail Call Tea","almond,earthy,regret","direct-trade,single-origin,seasonal,fair-trade",2,1,6,2,3,1,250g,moka,12.28,143,BEAN-0084-250g-MOK,0
BEAN-0084,"Tail Recursion Tonic",Peru,Cajamarca,"Finca The Sandbox",1733,natural,dark,2026-01-08,"Tail Call Tea","almond,earthy,regret","direct-trade,single-origin,seasonal,fair-trade",2,1,6,2,3,1,1kg,french_press,44.85,103,BEAN-0084-1kg-FRE,1
BEAN-0084,"Tail Recursion Tonic",Peru,Cajamarca,"Finca The Sandbox",1733,natural,dark,2026-01-08,"Tail Call Tea","almond,earthy,regret","direct-trade,single-origin,seasonal,fair-trade",2,1,6,2,3,1,250g,espresso,16.12,110,BEAN-0084-250g-ESP,2
BEAN-0085,"Multiverse Mocha",India,Karnataka,"Finca Heap Hill",1119,washed,french,2026-03-18,"Loops & Beans","Sunday afternoon,victory",open-source,2,9,3,6,6,1,1kg,moka,50.73,80,BEAN-0085-1kg-MOK,0
BEAN-0085,"Multiverse Mocha",India,Karnataka,"Finca Heap Hill",1119,washed,french,2026-03-18,"Loops & Beans","Sunday afternoon,victory",open-source,2,9,3,6,6,1,100g,filter,6.82,117,BEAN-0085-100g-FIL,1
BEAN-0086,"Segfault Single Origin",Hawaii,Kona,"Finca San Miguel",902,natural,medium,2026-04-11,"Function Call Cafe","walnut,orange","decaf,compile-grade,rainforest-alliance",7,10,3,10,7,1,"Single-origin, single-threaded, single-purpose.",250g,moka,12.33,73,BEAN-0086-250g-MOK,0
BEAN-0086,"Segfault Single Origin",Hawaii,Kona,"Finca San Miguel",902,natural,medium,2026-04-11,"Function Call Cafe","walnut,orange","decaf,compile-grade,rainforest-alliance",7,10,3,10,7,1,"Single-origin, single-threaded, single-purpose.",250g,espresso,13.52,115,BEAN-0086-250g-ESP,1
BEAN-0086,"Segfault Single Origin",Hawaii,Kona,"Finca San Miguel",902,natural,medium,2026-04-11,"Function Call Cafe","walnut,orange","decaf,compile-grade,rainforest-alliance",7,10,3,10,7,1,"Single-origin, single-threaded, single-purpose.",100g,turkish,6.87,2,BEAN-0086-100g-TUR,2
BEAN-0087,"Boss Battle Brew",Jamaica,"Blue Mountain","Finca Heap Hill",1553,anaerobic,medium-dark,2026-01-18,"Idempotent Espresso",hazelnut,small-batch,5,1,5,4,9,1,"Side effects may include: refactoring, enlightenment, productivity.",1kg,moka,47.09,146,BEAN-0087-1kg-MOK,0
BEAN-0087,"Boss Battle Brew",Jamaica,"Blue Mountain","Finca Heap Hill",1553,anaerobic,medium-dark,2026-01-18,"Idempotent Espresso",hazelnut,small-batch,5,1,5,4,9,1,"Side effects may include: refactoring, enlightenment, productivity.",100g,filter,10.2,93,BEAN-0087-100g-FIL,1
BEAN-0087,"Boss Battle Brew",Jamaica,"Blue Mountain","Finca Heap Hill",1553,anaerobic,medium-dark,2026-01-18,"Idempotent Espresso",hazelnut,small-batch,5,1,5,4,9,1,"Side effects may include: refactoring, enlightenment, productivity.",100g,turkish,9.75,139,BEAN-0087-100g-TUR,2
BEAN-0088,"Paladin Pour-Over",Indonesia,Sumatra,"Finca La Esperanza",1252,anaerobic,medium,2026-02-11,"Isotope Roasters","walnut,blueberry,bergamot","battle-tested,bird-friendly,espresso-friendly",10,3,4,4,1,1,250g,filter,18.83,74,BEAN-0088-250g-FIL,0
BEAN-0088,"Paladin Pour-Over",Indonesia,Sumatra,"Finca La Esperanza",1252,anaerobic,medium,2026-02-11,"Isotope Roasters","walnut,blueberry,bergamot","battle-tested,bird-friendly,espresso-friendly",10,3,4,4,1,1,500g,moka,24.14,131,BEAN-0088-500g-MOK,1
BEAN-0088,"Paladin Pour-Over",Indonesia,Sumatra,"Finca La Esperanza",1252,anaerobic,medium,2026-02-11,"Isotope Roasters","walnut,blueberry,bergamot","battle-tested,bird-friendly,espresso-friendly",10,3,4,4,1,1,100g,espresso,11.7,105,BEAN-0088-100g-ESP,2
BEAN-0089,"Kernel Panic Coffee",Atlantis,"Sunken City","Finca Bit Bucket",,natural,medium-light,2026-02-18,"Function Call Cafe","tobacco,citrus,honey","bird-friendly,rainforest-alliance,nerd-approved",2,2,7,9,5,1,"Now with 30% fewer race conditions.",1kg,french_press,45.62,0,BEAN-0089-1kg-FRE,0
BEAN-0089,"Kernel Panic Coffee",Atlantis,"Sunken City","Finca Bit Bucket",,natural,medium-light,2026-02-18,"Function Call Cafe","tobacco,citrus,honey","bird-friendly,rainforest-alliance,nerd-approved",2,2,7,9,5,1,"Now with 30% fewer race conditions.",100g,aeropress,11.78,162,BEAN-0089-100g-AER,1
BEAN-0089,"Kernel Panic Coffee",Atlantis,"Sunken City","Finca Bit Bucket",,natural,medium-light,2026-02-18,"Function Call Cafe","tobacco,citrus,honey","bird-friendly,rainforest-alliance,nerd-approved",2,2,7,9,5,1,"Now with 30% fewer race conditions.",500g,turkish,22.51,136,BEAN-0089-500g-TUR,2
BEAN-0089,"Kernel Panic Coffee",Atlantis,"Sunken City","Finca Bit Bucket",,natural,medium-light,2026-02-18,"Function Call Cafe","tobacco,citrus,honey","bird-friendly,rainforest-alliance,nerd-approved",2,2,7,9,5,1,"Now with 30% fewer race conditions.",1kg,espresso,50.75,54,BEAN-0089-1kg-ESP,3
BEAN-0090,"Side Quest Sumatra",Brazil,"Minas Gerais","Finca Stack Plantation",1289,honey,french,2026-04-29,"Compile Time Coffee Co.",,"organic,blend,espresso-friendly,nerd-approved",8,1,7,4,3,1,"Now with 30% fewer race conditions.",500g,whole_bean,27.24,64,BEAN-0090-500g-WHO,0
BEAN-0090,"Side Quest Sumatra",Brazil,"Minas Gerais","Finca Stack Plantation",1289,honey,french,2026-04-29,"Compile Time Coffee Co.",,"organic,blend,espresso-friendly,nerd-approved",8,1,7,4,3,1,"Now with 30% fewer race conditions.",100g,filter,9.32,166,BEAN-0090-100g-FIL,1
BEAN-0091,"Paladin Pour-Over",Indonesia,Sumatra,"Finca Commit Hill",1319,washed,french,2026-04-17,"Bit Roasters",smoky,decaf,10,4,9,8,1,,"If found defective, please file a bug report.",100g,turkish,7.38,33,BEAN-0091-100g-TUR,0
BEAN-0091,"Paladin Pour-Over",Indonesia,Sumatra,"Finca Commit Hill",1319,washed,french,2026-04-17,"Bit Roasters",smoky,decaf,10,4,9,8,1,,"If found defective, please file a bug report.",1kg,whole_bean,44.83,22,BEAN-0091-1kg-WHO,1
BEAN-0092,"Segfault Single Origin",Brazil,"Minas Gerais","Finca The Sandbox",1195,natural,french,2025-11-19,"The Recursion Roastery",,battle-tested,3,8,6,4,3,1,"Brewed under the careful eye of our QA team.",1kg,turkish,44.74,25,BEAN-0092-1kg-TUR,0
BEAN-0092,"Segfault Single Origin",Brazil,"Minas Gerais","Finca The Sandbox",1195,natural,french,2025-11-19,"The Recursion Roastery",,battle-tested,3,8,6,4,3,1,"Brewed under the careful eye of our QA team.",250g,turkish,11.99,186,BEAN-0092-250g-TUR,1
BEAN-0092,"Segfault Single Origin",Brazil,"Minas Gerais","Finca The Sandbox",1195,natural,french,2025-11-19,"The Recursion Roastery",,battle-tested,3,8,6,4,3,1,"Brewed under the careful eye of our QA team.",1kg,filter,50.71,80,BEAN-0092-1kg-FIL,2
BEAN-0093,"High Score Hot Brew",Hawaii,Kona,"Finca Pure Functional Farm",907,wet-hulled,medium,2025-11-16,"Bit Roasters","bergamot,apricot","rainforest-alliance,seasonal",1,4,8,7,2,1,100g,moka,11.11,3,BEAN-0093-100g-MOK,0
BEAN-0093,"High Score Hot Brew",Hawaii,Kona,"Finca Pure Functional Farm",907,wet-hulled,medium,2025-11-16,"Bit Roasters","bergamot,apricot","rainforest-alliance,seasonal",1,4,8,7,2,1,500g,filter,23.06,145,BEAN-0093-500g-FIL,1
BEAN-0093,"High Score Hot Brew",Hawaii,Kona,"Finca Pure Functional Farm",907,wet-hulled,medium,2025-11-16,"Bit Roasters","bergamot,apricot","rainforest-alliance,seasonal",1,4,8,7,2,1,1kg,filter,47.37,44,BEAN-0093-1kg-FIL,2
BEAN-0094,"404: Bean Not Found",India,Karnataka,"Finca La Esperanza",934,honey,medium-light,2026-05-01,"Compile Time Coffee Co.","peach,blackcurrant,spacetime","bird-friendly,rainforest-alliance,single-origin,decaf",5,2,5,2,9,1,250g,moka,13.61,150,BEAN-0094-250g-MOK,0
BEAN-0094,"404: Bean Not Found",India,Karnataka,"Finca La Esperanza",934,honey,medium-light,2026-05-01,"Compile Time Coffee Co.","peach,blackcurrant,spacetime","bird-friendly,rainforest-alliance,single-origin,decaf",5,2,5,2,9,1,100g,filter,9.59,186,BEAN-0094-100g-FIL,1
BEAN-0094,"404: Bean Not Found",India,Karnataka,"Finca La Esperanza",934,honey,medium-light,2026-05-01,"Compile Time Coffee Co.","peach,blackcurrant,spacetime","bird-friendly,rainforest-alliance,single-origin,decaf",5,2,5,2,9,1,250g,whole_bean,12.96,111,BEAN-0094-250g-WHO,2
BEAN-0094,"404: Bean Not Found",India,Karnataka,"Finca La Esperanza",934,honey,medium-light,2026-05-01,"Compile Time Coffee Co.","peach,blackcurrant,spacetime","bird-friendly,rainforest-alliance,single-origin,decaf",5,2,5,2,9,1,100g,french_press,8.9,14,BEAN-0094-100g-FRE,3
BEAN-0095,"Endless Loop Espresso",Colombia,Huila,"Finca Bit Bucket",1862,washed,medium-light,2026-01-04,"Tail Call Tea","apricot,regret,strawberry,lemon","decaf,limited-edition,blend",1,6,7,5,9,,"A bold roast that compiles cleanly on the first run.",100g,french_press,7.64,92,BEAN-0095-100g-FRE,0
BEAN-0095,"Endless Loop Espresso",Colombia,Huila,"Finca Bit Bucket",1862,washed,medium-light,2026-01-04,"Tail Call Tea","apricot,regret,strawberry,lemon","decaf,limited-edition,blend",1,6,7,5,9,,"A bold roast that compiles cleanly on the first run.",250g,filter,12.26,197,BEAN-0095-250g-FIL,1
BEAN-0095,"Endless Loop Espresso",Colombia,Huila,"Finca Bit Bucket",1862,washed,medium-light,2026-01-04,"Tail Call Tea","apricot,regret,strawberry,lemon","decaf,limited-edition,blend",1,6,7,5,9,,"A bold roast that compiles cleanly on the first run.",100g,moka,9.39,29,BEAN-0095-100g-MOK,2
BEAN-0096,"Stack Overflow Blend",Indonesia,Sumatra,"Finca Stack Plantation",1123,honey,6.9722,-8.8377,medium-dark,2026-04-03,"O(1) Coffee",,"small-batch,direct-trade,battle-tested,bird-friendly",6,5,2,10,6,,"Has been peer-reviewed.",100g,espresso,5.79,132,BEAN-0096-100g-ESP,0
BEAN-0096,"Stack Overflow Blend",Indonesia,Sumatra,"Finca Stack Plantation",1123,honey,6.9722,-8.8377,medium-dark,2026-04-03,"O(1) Coffee",,"small-batch,direct-trade,battle-tested,bird-friendly",6,5,2,10,6,,"Has been peer-reviewed.",100g,french_press,4.55,119,BEAN-0096-100g-FRE,1
BEAN-0096,"Stack Overflow Blend",Indonesia,Sumatra,"Finca Stack Plantation",1123,honey,6.9722,-8.8377,medium-dark,2026-04-03,"O(1) Coffee",,"small-batch,direct-trade,battle-tested,bird-friendly",6,5,2,10,6,,"Has been peer-reviewed.",500g,turkish,28.76,83,BEAN-0096-500g-TUR,2
BEAN-0097,"Curie's Cup",Indonesia,Sumatra,"Finca Null Acres",1337,wet-hulled,medium-dark,2026-03-22,"Brewed in Berlin",citrus,bird-friendly,1,4,9,6,1,1,"Best paired with a 200 OK.",1kg,turkish,48.9,78,BEAN-0097-1kg-TUR,0
BEAN-0098,"Heisenbug Brew",Brazil,"Minas Gerais","Finca Loop Holdings",1364,washed,light,2026-03-13,"Pure Function Pour-Over","the smell of merged PRs,lavender,woody",open-source,2,9,3,7,2,1,"Ships with no warranty, express or implied.",250g,espresso,13.33,80,BEAN-0098-250g-ESP,0
BEAN-0099,"Monad Mocha","Costa Rica",Tarrazú,"Finca The Mainframe",1639,washed,medium-light,2026-04-07,"The Bean Counters",,"blend,espresso-friendly",8,8,6,7,2,1,250g,french_press,13.47,67,BEAN-0099-250g-FRE,0
BEAN-0099,"Monad Mocha","Costa Rica",Tarrazú,"Finca The Mainframe",1639,washed,medium-light,2026-04-07,"The Bean Counters",,"blend,espresso-friendly",8,8,6,7,2,1,100g,whole_bean,5.26,175,BEAN-0099-100g-WHO,1
BEAN-0099,"Monad Mocha","Costa Rica",Tarrazú,"Finca The Mainframe",1639,washed,medium-light,2026-04-07,"The Bean Counters",,"blend,espresso-friendly",8,8,6,7,2,1,500g,turkish,27.64,154,BEAN-0099-500g-TUR,2
BEAN-0099,"Monad Mocha","Costa Rica",Tarrazú,"Finca The Mainframe",1639,washed,medium-light,2026-04-07,"The Bean Counters",,"blend,espresso-friendly",8,8,6,7,2,1,100g,espresso,10.69,83,BEAN-0099-100g-ESP,3
BEAN-0100,"Event Horizon Espresso",Rwanda,Nyamasheke,"Finca Commit Hill",1625,honey,medium,2026-03-28,"Bit Roasters","earthy,pineapple,ambition","blend,nerd-approved",2,3,2,1,1,1,250g,espresso,17.59,95,BEAN-0100-250g-ESP,0
BEAN-0100,"Event Horizon Espresso",Rwanda,Nyamasheke,"Finca Commit Hill",1625,honey,medium,2026-03-28,"Bit Roasters","earthy,pineapple,ambition","blend,nerd-approved",2,3,2,1,1,1,100g,moka,8.69,19,BEAN-0100-100g-MOK,1
BEAN-0100,"Event Horizon Espresso",Rwanda,Nyamasheke,"Finca Commit Hill",1625,honey,medium,2026-03-28,"Bit Roasters","earthy,pineapple,ambition","blend,nerd-approved",2,3,2,1,1,1,100g,whole_bean,5.58,165,BEAN-0100-100g-WHO,2
BEAN-0100,"Event Horizon Espresso",Rwanda,Nyamasheke,"Finca Commit Hill",1625,honey,medium,2026-03-28,"Bit Roasters","earthy,pineapple,ambition","blend,nerd-approved",2,3,2,1,1,1,1kg,turkish,44.03,84,BEAN-0100-1kg-TUR,3
BEAN-0101,"Side Quest Sumatra",Nicaragua,Jinotega,"Finca Pure Functional Farm",1720,anaerobic,medium-dark,2026-05-04,"Daemon Roasters","orange,hibiscus,bergamot","limited-edition,battle-tested",8,3,1,10,10,1,1kg,french_press,50.06,122,BEAN-0101-1kg-FRE,0
BEAN-0101,"Side Quest Sumatra",Nicaragua,Jinotega,"Finca Pure Functional Farm",1720,anaerobic,medium-dark,2026-05-04,"Daemon Roasters","orange,hibiscus,bergamot","limited-edition,battle-tested",8,3,1,10,10,1,100g,whole_bean,6.24,35,BEAN-0101-100g-WHO,1
BEAN-0101,"Side Quest Sumatra",Nicaragua,Jinotega,"Finca Pure Functional Farm",1720,anaerobic,medium-dark,2026-05-04,"Daemon Roasters","orange,hibiscus,bergamot","limited-edition,battle-tested",8,3,1,10,10,1,1kg,espresso,48.14,134,BEAN-0101-1kg-ESP,2
BEAN-0102,"404: Bean Not Found",Mexico,Chiapas,"Finca Pure Functional Farm",1600,honey,medium-dark,2025-12-23,"Idempotent Espresso","honey,peach","rainforest-alliance,limited-edition,espresso-friendly",1,6,10,4,1,1,100g,turkish,11.93,135,BEAN-0102-100g-TUR,0
BEAN-0102,"404: Bean Not Found",Mexico,Chiapas,"Finca Pure Functional Farm",1600,honey,medium-dark,2025-12-23,"Idempotent Espresso","honey,peach","rainforest-alliance,limited-edition,espresso-friendly",1,6,10,4,1,1,500g,turkish,26.67,59,BEAN-0102-500g-TUR,1
BEAN-0102,"404: Bean Not Found",Mexico,Chiapas,"Finca Pure Functional Farm",1600,honey,medium-dark,2025-12-23,"Idempotent Espresso","honey,peach","rainforest-alliance,limited-edition,espresso-friendly",1,6,10,4,1,1,250g,whole_bean,12.98,61,BEAN-0102-250g-WHO,2
BEAN-0103,"Heisenbug Brew",Avalon,"Apple Isle","Finca The Mainframe",385,wet-hulled,medium-dark,2026-02-10,"O(1) Coffee",blueberry,"shade-grown,open-source,organic",6,10,10,3,10,1,"Has been peer-reviewed.",1kg,moka,45.47,125,BEAN-0103-1kg-MOK,0
BEAN-0103,"Heisenbug Brew",Avalon,"Apple Isle","Finca The Mainframe",385,wet-hulled,medium-dark,2026-02-10,"O(1) Coffee",blueberry,"shade-grown,open-source,organic",6,10,10,3,10,1,"Has been peer-reviewed.",100g,whole_bean,4.45,154,BEAN-0103-100g-WHO,1
BEAN-0103,"Heisenbug Brew",Avalon,"Apple Isle","Finca The Mainframe",385,wet-hulled,medium-dark,2026-02-10,"O(1) Coffee",blueberry,"shade-grown,open-source,organic",6,10,10,3,10,1,"Has been peer-reviewed.",250g,whole_bean,15.21,0,BEAN-0103-250g-WHO,2
BEAN-0103,"Heisenbug Brew",Avalon,"Apple Isle","Finca The Mainframe",385,wet-hulled,medium-dark,2026-02-10,"O(1) Coffee",blueberry,"shade-grown,open-source,organic",6,10,10,3,10,1,"Has been peer-reviewed.",500g,moka,23.61,33,BEAN-0103-500g-MOK,3
BEAN-0104,"Schrödinger's Latte",Colombia,Antioquia,"Finca Bit Bucket",1311,wet-hulled,french,2026-04-05,"ASCII Coffee","lavender,vanilla,victory,compile-time aroma","open-source,blend,direct-trade,seasonal",6,3,3,7,8,1,500g,espresso,27.32,44,BEAN-0104-500g-ESP,0
BEAN-0104,"Schrödinger's Latte",Colombia,Antioquia,"Finca Bit Bucket",1311,wet-hulled,french,2026-04-05,"ASCII Coffee","lavender,vanilla,victory,compile-time aroma","open-source,blend,direct-trade,seasonal",6,3,3,7,8,1,1kg,filter,48.87,75,BEAN-0104-1kg-FIL,1
BEAN-0105,"Side Quest Sumatra",Mexico,Chiapas,"Finca The Sandbox",1635,wet-hulled,light,2026-03-26,"Roast & Roll","maple syrup,berry",developer-fuel,3,6,2,4,6,1,"Now with 30% fewer race conditions.",100g,turkish,9.67,163,BEAN-0105-100g-TUR,0
BEAN-0105,"Side Quest Sumatra",Mexico,Chiapas,"Finca The Sandbox",1635,wet-hulled,light,2026-03-26,"Roast & Roll","maple syrup,berry",developer-fuel,3,6,2,4,6,1,"Now with 30% fewer race conditions.",500g,french_press,22.09,53,BEAN-0105-500g-FRE,1
BEAN-0106,"Dwarven Drip",Colombia,Huila,"Finca Heap Hill",1524,anaerobic,french,2026-01-24,"O(1) Coffee","tobacco,cinnamon,hibiscus","blend,developer-fuel,small-batch,espresso-friendly",8,2,1,5,1,1,"A bold roast that compiles cleanly on the first run.",100g,filter,5.36,96,BEAN-0106-100g-FIL,0
BEAN-0106,"Dwarven Drip",Colombia,Huila,"Finca Heap Hill",1524,anaerobic,french,2026-01-24,"O(1) Coffee","tobacco,cinnamon,hibiscus","blend,developer-fuel,small-batch,espresso-friendly",8,2,1,5,1,1,"A bold roast that compiles cleanly on the first run.",250g,aeropress,11.6,23,BEAN-0106-250g-AER,1
BEAN-0106,"Dwarven Drip",Colombia,Huila,"Finca Heap Hill",1524,anaerobic,french,2026-01-24,"O(1) Coffee","tobacco,cinnamon,hibiscus","blend,developer-fuel,small-batch,espresso-friendly",8,2,1,5,1,1,"A bold roast that compiles cleanly on the first run.",500g,moka,29.88,123,BEAN-0106-500g-MOK,2
BEAN-0106,"Dwarven Drip",Colombia,Huila,"Finca Heap Hill",1524,anaerobic,french,2026-01-24,"O(1) Coffee","tobacco,cinnamon,hibiscus","blend,developer-fuel,small-batch,espresso-friendly",8,2,1,5,1,1,"A bold roast that compiles cleanly on the first run.",100g,french_press,11.54,42,BEAN-0106-100g-FRE,3
BEAN-0107,"Vim Vortex",Vietnam,"Đắk Lắk","Finca Pure Functional Farm",609,wet-hulled,french,2025-12-24,"Stack Trace Roasters","floral,blueberry",fair-trade,7,10,9,8,3,,"A bold roast that compiles cleanly on the first run.",100g,filter,10.59,160,BEAN-0107-100g-FIL,0
BEAN-0108,"Edison Espresso",Honduras,Copán,"Finca San Miguel",1800,anaerobic,light,2026-02-22,"Daemon Roasters","tobacco,compile-time aroma,strawberry",production-ready,7,3,6,7,6,1,"Side effects may include: refactoring, enlightenment, productivity.",1kg,french_press,45.11,68,BEAN-0108-1kg-FRE,0
BEAN-0109,"Goto Statement Espresso",Panama,Boquete,"Finca The Sandbox",1476,wet-hulled,medium-dark,2025-12-12,"Function Call Cafe","caramel,cinnamon,apricot,clove","open-source,small-batch,developer-fuel,seasonal",2,7,1,9,10,1,250g,whole_bean,18.59,114,BEAN-0109-250g-WHO,0
BEAN-0109,"Goto Statement Espresso",Panama,Boquete,"Finca The Sandbox",1476,wet-hulled,medium-dark,2025-12-12,"Function Call Cafe","caramel,cinnamon,apricot,clove","open-source,small-batch,developer-fuel,seasonal",2,7,1,9,10,1,250g,espresso,18.78,49,BEAN-0109-250g-ESP,1
BEAN-0109,"Goto Statement Espresso",Panama,Boquete,"Finca The Sandbox",1476,wet-hulled,medium-dark,2025-12-12,"Function Call Cafe","caramel,cinnamon,apricot,clove","open-source,small-batch,developer-fuel,seasonal",2,7,1,9,10,1,1kg,whole_bean,50.91,111,BEAN-0109-1kg-WHO,2
BEAN-0109,"Goto Statement Espresso",Panama,Boquete,"Finca The Sandbox",1476,wet-hulled,medium-dark,2025-12-12,"Function Call Cafe","caramel,cinnamon,apricot,clove","open-source,small-batch,developer-fuel,seasonal",2,7,1,9,10,1,250g,turkish,16.02,152,BEAN-0109-250g-TUR,3
BEAN-0110,"Mutex Latte",Ethiopia,Yirgacheffe,"Finca The Repo",1998,anaerobic,dark,2026-02-17,"Stack Trace Roasters","woody,chocolate,the smell of merged PRs,maple syrup","blend,bird-friendly,decaf,production-ready",10,10,10,2,2,1,"Tastes of certainty, with a hint of doubt.",500g,turkish,26.29,88,BEAN-0110-500g-TUR,0
BEAN-0110,"Mutex Latte",Ethiopia,Yirgacheffe,"Finca The Repo",1998,anaerobic,dark,2026-02-17,"Stack Trace Roasters","woody,chocolate,the smell of merged PRs,maple syrup","blend,bird-friendly,decaf,production-ready",10,10,10,2,2,1,"Tastes of certainty, with a hint of doubt.",1kg,filter,46.06,124,BEAN-0110-1kg-FIL,1
BEAN-0111,"Bitwise Brew",Hawaii,Kona,"Finca Commit Hill",911,anaerobic,light,2026-01-30,"Cache Coherence Coffee",caramel,"limited-edition,shade-grown,organic,direct-trade",5,5,5,8,2,1,500g,aeropress,25.54,82,BEAN-0111-500g-AER,0
BEAN-0111,"Bitwise Brew",Hawaii,Kona,"Finca Commit Hill",911,anaerobic,light,2026-01-30,"Cache Coherence Coffee",caramel,"limited-edition,shade-grown,organic,direct-trade",5,5,5,8,2,1,1kg,moka,48.16,48,BEAN-0111-1kg-MOK,1
BEAN-0112,"Mana Potion",Avalon,"Apple Isle","Finca Null Acres",164,washed,dark,2026-04-01,"Isotope Roasters","victory,peach","decaf,compile-grade,organic,espresso-friendly",4,4,1,4,1,1,"Tastes of certainty, with a hint of doubt.",250g,filter,13.95,118,BEAN-0112-250g-FIL,0
BEAN-0112,"Mana Potion",Avalon,"Apple Isle","Finca Null Acres",164,washed,dark,2026-04-01,"Isotope Roasters","victory,peach","decaf,compile-grade,organic,espresso-friendly",4,4,1,4,1,1,"Tastes of certainty, with a hint of doubt.",1kg,aeropress,50.38,174,BEAN-0112-1kg-AER,1
BEAN-0112,"Mana Potion",Avalon,"Apple Isle","Finca Null Acres",164,washed,dark,2026-04-01,"Isotope Roasters","victory,peach","decaf,compile-grade,organic,espresso-friendly",4,4,1,4,1,1,"Tastes of certainty, with a hint of doubt.",100g,espresso,6.98,152,BEAN-0112-100g-ESP,2
BEAN-0112,"Mana Potion",Avalon,"Apple Isle","Finca Null Acres",164,washed,dark,2026-04-01,"Isotope Roasters","victory,peach","decaf,compile-grade,organic,espresso-friendly",4,4,1,4,1,1,"Tastes of certainty, with a hint of doubt.",1kg,espresso,50.68,121,BEAN-0112-1kg-ESP,3
BEAN-0113,"Haskell Hot Brew","Mount Olympus",Pelion,"Finca Pure Functional Farm",3125,washed,medium,2026-05-04,"Daemon Roasters",,"open-source,filter-friendly",4,4,4,5,7,1,"Now with 30% fewer race conditions.",100g,french_press,11.29,165,BEAN-0113-100g-FRE,0
BEAN-0113,"Haskell Hot Brew","Mount Olympus",Pelion,"Finca Pure Functional Farm",3125,washed,medium,2026-05-04,"Daemon Roasters",,"open-source,filter-friendly",4,4,4,5,7,1,"Now with 30% fewer race conditions.",250g,moka,17.41,57,BEAN-0113-250g-MOK,1
BEAN-0113,"Haskell Hot Brew","Mount Olympus",Pelion,"Finca Pure Functional Farm",3125,washed,medium,2026-05-04,"Daemon Roasters",,"open-source,filter-friendly",4,4,4,5,7,1,"Now with 30% fewer race conditions.",500g,moka,28.44,78,BEAN-0113-500g-MOK,2
BEAN-0113,"Haskell Hot Brew","Mount Olympus",Pelion,"Finca Pure Functional Farm",3125,washed,medium,2026-05-04,"Daemon Roasters",,"open-source,filter-friendly",4,4,4,5,7,1,"Now with 30% fewer race conditions.",500g,french_press,29.16,89,BEAN-0113-500g-FRE,3
BEAN-0114,"Rickroll Latte",Hawaii,Kona,"Finca Branch Estate",803,washed,light,2026-01-01,"FIFO Coffee Bar","pineapple,uncertainty","seasonal,blend,developer-fuel",2,6,5,6,5,1,"Now with 30% fewer race conditions.",500g,espresso,23.2,195,BEAN-0114-500g-ESP,0
BEAN-0114,"Rickroll Latte",Hawaii,Kona,"Finca Branch Estate",803,washed,light,2026-01-01,"FIFO Coffee Bar","pineapple,uncertainty","seasonal,blend,developer-fuel",2,6,5,6,5,1,"Now with 30% fewer race conditions.",250g,whole_bean,17.44,153,BEAN-0114-250g-WHO,1
BEAN-0114,"Rickroll Latte",Hawaii,Kona,"Finca Branch Estate",803,washed,light,2026-01-01,"FIFO Coffee Bar","pineapple,uncertainty","seasonal,blend,developer-fuel",2,6,5,6,5,1,"Now with 30% fewer race conditions.",1kg,aeropress,45.56,35,BEAN-0114-1kg-AER,2
BEAN-0115,"Nebula Nitro",Mexico,Chiapas,"Finca Pure Functional Farm",1398,washed,dark,2025-12-16,"Loops & Beans","regret,victory","production-ready,developer-fuel",6,9,5,3,9,1,"Brewed under the careful eye of our QA team.",250g,aeropress,13.07,143,BEAN-0115-250g-AER,0
BEAN-0116,"Avogadro's Bean",Ethiopia,Yirgacheffe,"Finca Null Acres",1913,natural,french,2026-02-22,"SIGTERM Single Origin","lavender,strawberry","nerd-approved,blend,developer-fuel",1,10,10,10,2,1,"Single-origin, single-threaded, single-purpose.",100g,turkish,9.45,135,BEAN-0116-100g-TUR,0
BEAN-0116,"Avogadro's Bean",Ethiopia,Yirgacheffe,"Finca Null Acres",1913,natural,french,2026-02-22,"SIGTERM Single Origin","lavender,strawberry","nerd-approved,blend,developer-fuel",1,10,10,10,2,1,"Single-origin, single-threaded, single-purpose.",500g,french_press,22.43,38,BEAN-0116-500g-FRE,1
BEAN-0117,"Tachyon Trip",Brazil,"Minas Gerais","Finca Pure Functional Farm",1161,natural,light,2026-01-07,"Cache Coherence Coffee",jasmine,organic,8,5,4,3,10,1,100g,espresso,8.92,162,BEAN-0117-100g-ESP,0
BEAN-0117,"Tachyon Trip",Brazil,"Minas Gerais","Finca Pure Functional Farm",1161,natural,light,2026-01-07,"Cache Coherence Coffee",jasmine,organic,8,5,4,3,10,1,1kg,french_press,46.43,122,BEAN-0117-1kg-FRE,1
BEAN-0117,"Tachyon Trip",Brazil,"Minas Gerais","Finca Pure Functional Farm",1161,natural,light,2026-01-07,"Cache Coherence Coffee",jasmine,organic,8,5,4,3,10,1,1kg,whole_bean,43.3,51,BEAN-0117-1kg-WHO,2
BEAN-0118,"Paladin Pour-Over",Hyperborea,"Northern Reaches","Finca The Mainframe",1571,washed,french,2026-05-10,"The Daily Brew",berry,"seasonal,decaf,blend",7,9,10,5,3,,"Brewed under the careful eye of our QA team.",500g,french_press,27.82,152,BEAN-0118-500g-FRE,0
BEAN-0119,"Hyperdrive House Blend",Kenya,Nyeri,"Finca The Sandbox",1883,natural,medium-light,2026-01-28,"Bit Roasters",berry,"filter-friendly,organic",10,9,3,2,6,1,"Single-origin, single-threaded, single-purpose.",1kg,aeropress,45.05,136,BEAN-0119-1kg-AER,0
BEAN-0119,"Hyperdrive House Blend",Kenya,Nyeri,"Finca The Sandbox",1883,natural,medium-light,2026-01-28,"Bit Roasters",berry,"filter-friendly,organic",10,9,3,2,6,1,"Single-origin, single-threaded, single-purpose.",100g,moka,11.96,169,BEAN-0119-100g-MOK,1
BEAN-0119,"Hyperdrive House Blend",Kenya,Nyeri,"Finca The Sandbox",1883,natural,medium-light,2026-01-28,"Bit Roasters",berry,"filter-friendly,organic",10,9,3,2,6,1,"Single-origin, single-threaded, single-purpose.",100g,aeropress,10.69,12,BEAN-0119-100g-AER,2
BEAN-0120,"Python Pour-Over",Kenya,Nyeri,"Finca Bit Bucket",2059,natural,french,2025-11-17,"The Daily Brew",,"bird-friendly,blend,compile-grade",5,10,10,3,7,1,"Best paired with a 200 OK.",100g,filter,4.91,27,BEAN-0120-100g-FIL,0
BEAN-0120,"Python Pour-Over",Kenya,Nyeri,"Finca Bit Bucket",2059,natural,french,2025-11-17,"The Daily Brew",,"bird-friendly,blend,compile-grade",5,10,10,3,7,1,"Best paired with a 200 OK.",1kg,espresso,47.87,199,BEAN-0120-1kg-ESP,1
BEAN-0121,"Dark Matter Mocha",Honduras,Copán,"Finca La Esperanza",1382,wet-hulled,medium-dark,2026-03-19,"Idempotent Espresso","blueberry,chocolate",single-origin,2,10,8,3,2,1,"Pairs well with rubber duck debugging.",100g,filter,9.15,116,BEAN-0121-100g-FIL,0
BEAN-0122,"Doge Roast (Such Bean, Much Brew)",Brazil,Mogiana,"Finca La Esperanza",1347,honey,medium,2025-11-19,"Cache Coherence Coffee","ambition,walnut,almond",organic,3,3,6,6,8,1,"Ships with no warranty, express or implied.",100g,filter,10.52,46,BEAN-0122-100g-FIL,0
BEAN-0122,"Doge Roast (Such Bean, Much Brew)",Brazil,Mogiana,"Finca La Esperanza",1347,honey,medium,2025-11-19,"Cache Coherence Coffee","ambition,walnut,almond",organic,3,3,6,6,8,1,"Ships with no warranty, express or implied.",100g,french_press,7.2,116,BEAN-0122-100g-FRE,1
BEAN-0123,"Nebula Nitro",Jamaica,"Blue Mountain","Finca The Sandbox",1753,natural,light,2026-04-08,"Compile Time Coffee Co.",almond,"open-source,developer-fuel,nerd-approved,espresso-friendly",10,7,6,10,1,1,250g,french_press,18.36,28,BEAN-0123-250g-FRE,0
BEAN-0123,"Nebula Nitro",Jamaica,"Blue Mountain","Finca The Sandbox",1753,natural,light,2026-04-08,"Compile Time Coffee Co.",almond,"open-source,developer-fuel,nerd-approved,espresso-friendly",10,7,6,10,1,1,1kg,french_press,43.37,66,BEAN-0123-1kg-FRE,1
BEAN-0123,"Nebula Nitro",Jamaica,"Blue Mountain","Finca The Sandbox",1753,natural,light,2026-04-08,"Compile Time Coffee Co.",almond,"open-source,developer-fuel,nerd-approved,espresso-friendly",10,7,6,10,1,1,500g,whole_bean,27.64,173,BEAN-0123-500g-WHO,2
BEAN-0123,"Nebula Nitro",Jamaica,"Blue Mountain","Finca The Sandbox",1753,natural,light,2026-04-08,"Compile Time Coffee Co.",almond,"open-source,developer-fuel,nerd-approved,espresso-friendly",10,7,6,10,1,1,250g,aeropress,17.99,132,BEAN-0123-250g-AER,3
BEAN-0124,"Faraday's Filter","Mount Olympus",Pelion,"Finca Stack Plantation",2827,honey,french,2025-11-19,"The Daily Brew","citrus,pineapple,maple syrup",organic,3,9,8,8,3,,250g,filter,18.76,12,BEAN-0124-250g-FIL,0
BEAN-0124,"Faraday's Filter","Mount Olympus",Pelion,"Finca Stack Plantation",2827,honey,french,2025-11-19,"The Daily Brew","citrus,pineapple,maple syrup",organic,3,9,8,8,3,,250g,moka,16.15,103,BEAN-0124-250g-MOK,1
BEAN-0124,"Faraday's Filter","Mount Olympus",Pelion,"Finca Stack Plantation",2827,honey,french,2025-11-19,"The Daily Brew","citrus,pineapple,maple syrup",organic,3,9,8,8,3,,250g,whole_bean,14.67,146,BEAN-0124-250g-WHO,2
BEAN-0125,"Endless Loop Espresso",Kenya,Nyeri,"Finca Commit Hill",2081,washed,light,2026-01-28,"SIGTERM Single Origin",,single-origin,10,10,5,9,9,1,"Brewed under the careful eye of our QA team.",500g,filter,28.6,57,BEAN-0125-500g-FIL,0
BEAN-0125,"Endless Loop Espresso",Kenya,Nyeri,"Finca Commit Hill",2081,washed,light,2026-01-28,"SIGTERM Single Origin",,single-origin,10,10,5,9,9,1,"Brewed under the careful eye of our QA team.",1kg,filter,47.48,158,BEAN-0125-1kg-FIL,1
BEAN-0125,"Endless Loop Espresso",Kenya,Nyeri,"Finca Commit Hill",2081,washed,light,2026-01-28,"SIGTERM Single Origin",,single-origin,10,10,5,9,9,1,"Brewed under the careful eye of our QA team.",1kg,aeropress,48.26,183,BEAN-0125-1kg-AER,2
BEAN-0126,"Hyperdrive House Blend",Guatemala,Antigua,"Finca Commit Hill",1824,honey,dark,2025-12-29,"Tail Call Tea",,espresso-friendly,8,3,7,2,5,1,1kg,espresso,46.66,200,BEAN-0126-1kg-ESP,0
BEAN-0126,"Hyperdrive House Blend",Guatemala,Antigua,"Finca Commit Hill",1824,honey,dark,2025-12-29,"Tail Call Tea",,espresso-friendly,8,3,7,2,5,1,250g,aeropress,13.7,193,BEAN-0126-250g-AER,1
BEAN-0127,"Cooldown Cold Brew",Ethiopia,Sidamo,"Finca Stack Plantation",1995,anaerobic,french,2025-12-12,"Pure Function Pour-Over",tobacco,compile-grade,1,9,7,10,8,1,250g,aeropress,15.63,187,BEAN-0127-250g-AER,0
BEAN-0127,"Cooldown Cold Brew",Ethiopia,Sidamo,"Finca Stack Plantation",1995,anaerobic,french,2025-12-12,"Pure Function Pour-Over",tobacco,compile-grade,1,9,7,10,8,1,250g,whole_bean,14.1,153,BEAN-0127-250g-WHO,1
BEAN-0127,"Cooldown Cold Brew",Ethiopia,Sidamo,"Finca Stack Plantation",1995,anaerobic,french,2025-12-12,"Pure Function Pour-Over",tobacco,compile-grade,1,9,7,10,8,1,500g,moka,29.05,107,BEAN-0127-500g-MOK,2
BEAN-0128,"Yak Shaving Yirgacheffe",Mexico,Chiapas,"Finca Null Acres",1693,honey,medium-dark,2026-04-07,"The Recursion Roastery","brown sugar,the smell of merged PRs,ambition","production-ready,direct-trade,battle-tested",4,4,4,10,5,1,250g,aeropress,16.2,45,BEAN-0128-250g-AER,0
BEAN-0128,"Yak Shaving Yirgacheffe",Mexico,Chiapas,"Finca Null Acres",1693,honey,medium-dark,2026-04-07,"The Recursion Roastery","brown sugar,the smell of merged PRs,ambition","production-ready,direct-trade,battle-tested",4,4,4,10,5,1,500g,aeropress,22.92,90,BEAN-0128-500g-AER,1
BEAN-0128,"Yak Shaving Yirgacheffe",Mexico,Chiapas,"Finca Null Acres",1693,honey,medium-dark,2026-04-07,"The Recursion Roastery","brown sugar,the smell of merged PRs,ambition","production-ready,direct-trade,battle-tested",4,4,4,10,5,1,1kg,moka,47.57,170,BEAN-0128-1kg-MOK,2
BEAN-0128,"Yak Shaving Yirgacheffe",Mexico,Chiapas,"Finca Null Acres",1693,honey,medium-dark,2026-04-07,"The Recursion Roastery","brown sugar,the smell of merged PRs,ambition","production-ready,direct-trade,battle-tested",4,4,4,10,5,1,1kg,aeropress,48.98,136,BEAN-0128-1kg-AER,3
BEAN-0129,"Respawn Roast",Ethiopia,Sidamo,"Finca Heap Hill",1612,natural,light,2025-11-21,"Compile Time Coffee Co.",raspberry,"seasonal,limited-edition",3,1,5,4,9,,100g,moka,10.94,189,BEAN-0129-100g-MOK,0
BEAN-0129,"Respawn Roast",Ethiopia,Sidamo,"Finca Heap Hill",1612,natural,light,2025-11-21,"Compile Time Coffee Co.",raspberry,"seasonal,limited-edition",3,1,5,4,9,,250g,aeropress,16.18,99,BEAN-0129-250g-AER,1
BEAN-0129,"Respawn Roast",Ethiopia,Sidamo,"Finca Heap Hill",1612,natural,light,2025-11-21,"Compile Time Coffee Co.",raspberry,"seasonal,limited-edition",3,1,5,4,9,,250g,moka,17.27,178,BEAN-0129-250g-MOK,2
BEAN-0129,"Respawn Roast",Ethiopia,Sidamo,"Finca Heap Hill",1612,natural,light,2025-11-21,"Compile Time Coffee Co.",raspberry,"seasonal,limited-edition",3,1,5,4,9,,500g,aeropress,27.32,97,BEAN-0129-500g-AER,3
BEAN-0130,"Monad Mocha",Tanzania,Kilimanjaro,"Finca La Esperanza",1527,honey,7.6432,116.2488,medium-light,2025-12-04,"Eventual Consistency Roasting",spacetime,"open-source,production-ready,filter-friendly",4,5,8,3,2,1,"If found defective, please file a bug report.",100g,french_press,4.33,71,BEAN-0130-100g-FRE,0
BEAN-0130,"Monad Mocha",Tanzania,Kilimanjaro,"Finca La Esperanza",1527,honey,7.6432,116.2488,medium-light,2025-12-04,"Eventual Consistency Roasting",spacetime,"open-source,production-ready,filter-friendly",4,5,8,3,2,1,"If found defective, please file a bug report.",500g,espresso,23.29,65,BEAN-0130-500g-ESP,1
BEAN-0131,"Necromancer Nitro",Jamaica,"Blue Mountain","Finca Commit Hill",1615,honey,21.8257,8.0468,medium-dark,2025-12-16,"Brewed in Berlin","vanilla,victory","compile-grade,small-batch,espresso-friendly",9,2,9,3,7,1,500g,espresso,29.07,169,BEAN-0131-500g-ESP,0
BEAN-0131,"Necromancer Nitro",Jamaica,"Blue Mountain","Finca Commit Hill",1615,honey,21.8257,8.0468,medium-dark,2025-12-16,"Brewed in Berlin","vanilla,victory","compile-grade,small-batch,espresso-friendly",9,2,9,3,7,1,500g,filter,24.89,55,BEAN-0131-500g-FIL,1
BEAN-0131,"Necromancer Nitro",Jamaica,"Blue Mountain","Finca Commit Hill",1615,honey,21.8257,8.0468,medium-dark,2025-12-16,"Brewed in Berlin","vanilla,victory","compile-grade,small-batch,espresso-friendly",9,2,9,3,7,1,1kg,moka,49.59,166,BEAN-0131-1kg-MOK,2
BEAN-0132,"Curie's Cup",Indonesia,Sumatra,"Finca La Esperanza",1590,honey,medium-dark,2026-04-12,"Daemon Roasters","mango,regret","organic,compile-grade,shade-grown",9,9,8,8,1,1,"Ships with no warranty, express or implied.",500g,moka,22.66,24,BEAN-0132-500g-MOK,0
BEAN-0132,"Curie's Cup",Indonesia,Sumatra,"Finca La Esperanza",1590,honey,medium-dark,2026-04-12,"Daemon Roasters","mango,regret","organic,compile-grade,shade-grown",9,9,8,8,1,1,"Ships with no warranty, express or implied.",250g,turkish,15.3,1,BEAN-0132-250g-TUR,1
BEAN-0132,"Curie's Cup",Indonesia,Sumatra,"Finca La Esperanza",1590,honey,medium-dark,2026-04-12,"Daemon Roasters","mango,regret","organic,compile-grade,shade-grown",9,9,8,8,1,1,"Ships with no warranty, express or implied.",100g,espresso,9.36,198,BEAN-0132-100g-ESP,2
BEAN-0133,"Console Command Cold Brew",Hyperborea,"Northern Reaches","Finca Pure Functional Farm",1659,anaerobic,french,2026-04-23,"FIFO Coffee Bar","dark chocolate","direct-trade,fair-trade,single-origin,production-ready",1,3,5,9,2,1,"Brewed under the careful eye of our QA team.",500g,french_press,25.1,161,BEAN-0133-500g-FRE,0
BEAN-0133,"Console Command Cold Brew",Hyperborea,"Northern Reaches","Finca Pure Functional Farm",1659,anaerobic,french,2026-04-23,"FIFO Coffee Bar","dark chocolate","direct-trade,fair-trade,single-origin,production-ready",1,3,5,9,2,1,"Brewed under the careful eye of our QA team.",1kg,french_press,45.53,99,BEAN-0133-1kg-FRE,1
BEAN-0134,"Mutex Latte",Avalon,"Apple Isle","Finca Branch Estate",281,washed,french,2026-04-23,"Tail Call Tea","almond,blackcurrant,tail-call sweetness,floral",seasonal,8,7,7,1,8,1,1kg,turkish,49.38,139,BEAN-0134-1kg-TUR,0
BEAN-0134,"Mutex Latte",Avalon,"Apple Isle","Finca Branch Estate",281,washed,french,2026-04-23,"Tail Call Tea","almond,blackcurrant,tail-call sweetness,floral",seasonal,8,7,7,1,8,1,500g,aeropress,23.15,173,BEAN-0134-500g-AER,1
BEAN-0135,"Mendeleev Mocha",Guatemala,Antigua,"Finca La Esperanza",1890,wet-hulled,dark,2026-04-05,"ASCII Coffee",,open-source,10,7,9,9,2,1,500g,espresso,25.3,165,BEAN-0135-500g-ESP,0
BEAN-0135,"Mendeleev Mocha",Guatemala,Antigua,"Finca La Esperanza",1890,wet-hulled,dark,2026-04-05,"ASCII Coffee",,open-source,10,7,9,9,2,1,250g,espresso,12.47,157,BEAN-0135-250g-ESP,1
BEAN-0135,"Mendeleev Mocha",Guatemala,Antigua,"Finca La Esperanza",1890,wet-hulled,dark,2026-04-05,"ASCII Coffee",,open-source,10,7,9,9,2,1,100g,espresso,9.37,145,BEAN-0135-100g-ESP,2
BEAN-0136,"High Score Hot Brew","Costa Rica",Tarrazú,"Finca The Repo",1830,washed,medium,2025-11-21,"Isotope Roasters","almond,grapefruit","direct-trade,shade-grown,decaf,small-batch",2,5,10,2,4,1,"Now with 30% fewer race conditions.",500g,aeropress,26.67,144,BEAN-0136-500g-AER,0
BEAN-0136,"High Score Hot Brew","Costa Rica",Tarrazú,"Finca The Repo",1830,washed,medium,2025-11-21,"Isotope Roasters","almond,grapefruit","direct-trade,shade-grown,decaf,small-batch",2,5,10,2,4,1,"Now with 30% fewer race conditions.",500g,turkish,24.53,109,BEAN-0136-500g-TUR,1
BEAN-0136,"High Score Hot Brew","Costa Rica",Tarrazú,"Finca The Repo",1830,washed,medium,2025-11-21,"Isotope Roasters","almond,grapefruit","direct-trade,shade-grown,decaf,small-batch",2,5,10,2,4,1,"Now with 30% fewer race conditions.",250g,whole_bean,13.51,56,BEAN-0136-250g-WHO,2
BEAN-0137,"Daemon Drink",Panama,Boquete,"Finca Null Acres",1675,anaerobic,medium-dark,2026-01-17,"Tail Call Tea","tobacco,pineapple",espresso-friendly,10,2,5,3,9,1,"Brewed under the careful eye of our QA team.",100g,aeropress,4.6,4,BEAN-0137-100g-AER,0
BEAN-0137,"Daemon Drink",Panama,Boquete,"Finca Null Acres",1675,anaerobic,medium-dark,2026-01-17,"Tail Call Tea","tobacco,pineapple",espresso-friendly,10,2,5,3,9,1,"Brewed under the careful eye of our QA team.",100g,turkish,8.66,103,BEAN-0137-100g-TUR,1
BEAN-0137,"Daemon Drink",Panama,Boquete,"Finca Null Acres",1675,anaerobic,medium-dark,2026-01-17,"Tail Call Tea","tobacco,pineapple",espresso-friendly,10,2,5,3,9,1,"Brewed under the careful eye of our QA team.",250g,whole_bean,15.41,139,BEAN-0137-250g-WHO,2
BEAN-0138,"Black Hole Brew",Mexico,Chiapas,"Finca The Sandbox",1314,wet-hulled,french,2026-02-26,"The Recursion Roastery","peach,hazelnut,cardamom","compile-grade,organic,small-batch",10,3,9,3,8,1,"Has been peer-reviewed.",250g,aeropress,16.86,91,BEAN-0138-250g-AER,0
BEAN-0138,"Black Hole Brew",Mexico,Chiapas,"Finca The Sandbox",1314,wet-hulled,french,2026-02-26,"The Recursion Roastery","peach,hazelnut,cardamom","compile-grade,organic,small-batch",10,3,9,3,8,1,"Has been peer-reviewed.",100g,espresso,10.09,59,BEAN-0138-100g-ESP,1
BEAN-0138,"Black Hole Brew",Mexico,Chiapas,"Finca The Sandbox",1314,wet-hulled,french,2026-02-26,"The Recursion Roastery","peach,hazelnut,cardamom","compile-grade,organic,small-batch",10,3,9,3,8,1,"Has been peer-reviewed.",100g,filter,6.96,10,BEAN-0138-100g-FIL,2
BEAN-0139,"White Dwarf Drip","Costa Rica",Tarrazú,"Finca La Esperanza",1951,washed,french,2026-02-18,"ASCII Coffee","spacetime,raspberry,ambition,strawberry","rainforest-alliance,battle-tested",6,10,2,9,5,1,"Tastes of certainty, with a hint of doubt.",1kg,filter,49.54,88,BEAN-0139-1kg-FIL,0
BEAN-0139,"White Dwarf Drip","Costa Rica",Tarrazú,"Finca La Esperanza",1951,washed,french,2026-02-18,"ASCII Coffee","spacetime,raspberry,ambition,strawberry","rainforest-alliance,battle-tested",6,10,2,9,5,1,"Tastes of certainty, with a hint of doubt.",1kg,turkish,46.86,154,BEAN-0139-1kg-TUR,1
BEAN-0139,"White Dwarf Drip","Costa Rica",Tarrazú,"Finca La Esperanza",1951,washed,french,2026-02-18,"ASCII Coffee","spacetime,raspberry,ambition,strawberry","rainforest-alliance,battle-tested",6,10,2,9,5,1,"Tastes of certainty, with a hint of doubt.",100g,moka,11.06,112,BEAN-0139-100g-MOK,2
BEAN-0139,"White Dwarf Drip","Costa Rica",Tarrazú,"Finca La Esperanza",1951,washed,french,2026-02-18,"ASCII Coffee","spacetime,raspberry,ambition,strawberry","rainforest-alliance,battle-tested",6,10,2,9,5,1,"Tastes of certainty, with a hint of doubt.",250g,espresso,11.62,164,BEAN-0139-250g-ESP,3
BEAN-0140,"Wizard's Wakeup",Hyperborea,"Northern Reaches","Finca Commit Hill",1360,natural,medium-dark,2026-02-16,"ASCII Coffee","tail-call sweetness,smoky,bergamot","bird-friendly,organic",4,1,3,10,10,1,"Recommended by 9 out of 10 over-tired developers.",100g,moka,5.17,42,BEAN-0140-100g-MOK,0
BEAN-0140,"Wizard's Wakeup",Hyperborea,"Northern Reaches","Finca Commit Hill",1360,natural,medium-dark,2026-02-16,"ASCII Coffee","tail-call sweetness,smoky,bergamot","bird-friendly,organic",4,1,3,10,10,1,"Recommended by 9 out of 10 over-tired developers.",500g,espresso,26.13,103,BEAN-0140-500g-ESP,1
BEAN-0140,"Wizard's Wakeup",Hyperborea,"Northern Reaches","Finca Commit Hill",1360,natural,medium-dark,2026-02-16,"ASCII Coffee","tail-call sweetness,smoky,bergamot","bird-friendly,organic",4,1,3,10,10,1,"Recommended by 9 out of 10 over-tired developers.",100g,aeropress,9.82,72,BEAN-0140-100g-AER,2
BEAN-0141,"Critical Hit Cappuccino",Brazil,Mogiana,"Finca Heap Hill",1012,wet-hulled,medium-light,2025-12-13,"O(1) Coffee","compile-time aroma,peach,strawberry,lemon","nerd-approved,open-source,single-origin",4,7,7,3,2,,"Tastes of certainty, with a hint of doubt.",1kg,turkish,44.2,24,BEAN-0141-1kg-TUR,0
BEAN-0141,"Critical Hit Cappuccino",Brazil,Mogiana,"Finca Heap Hill",1012,wet-hulled,medium-light,2025-12-13,"O(1) Coffee","compile-time aroma,peach,strawberry,lemon","nerd-approved,open-source,single-origin",4,7,7,3,2,,"Tastes of certainty, with a hint of doubt.",250g,french_press,18.21,153,BEAN-0141-250g-FRE,1
BEAN-0141,"Critical Hit Cappuccino",Brazil,Mogiana,"Finca Heap Hill",1012,wet-hulled,medium-light,2025-12-13,"O(1) Coffee","compile-time aroma,peach,strawberry,lemon","nerd-approved,open-source,single-origin",4,7,7,3,2,,"Tastes of certainty, with a hint of doubt.",100g,turkish,8.25,192,BEAN-0141-100g-TUR,2
BEAN-0142,"Save Point Sumatra",Hyperborea,"Northern Reaches","Finca The Sandbox",1300,anaerobic,20.8182,61.3087,dark,2026-01-24,"Tail Call Tea",,"small-batch,developer-fuel,rainforest-alliance,shade-grown",10,10,2,7,3,1,"If found defective, please file a bug report.",100g,filter,8.79,139,BEAN-0142-100g-FIL,0
BEAN-0142,"Save Point Sumatra",Hyperborea,"Northern Reaches","Finca The Sandbox",1300,anaerobic,20.8182,61.3087,dark,2026-01-24,"Tail Call Tea",,"small-batch,developer-fuel,rainforest-alliance,shade-grown",10,10,2,7,3,1,"If found defective, please file a bug report.",1kg,filter,44.51,181,BEAN-0142-1kg-FIL,1
BEAN-0142,"Save Point Sumatra",Hyperborea,"Northern Reaches","Finca The Sandbox",1300,anaerobic,20.8182,61.3087,dark,2026-01-24,"Tail Call Tea",,"small-batch,developer-fuel,rainforest-alliance,shade-grown",10,10,2,7,3,1,"If found defective, please file a bug report.",100g,moka,8.18,133,BEAN-0142-100g-MOK,2
BEAN-0143,"Supernova Sumatra",Jamaica,"Blue Mountain","Finca Loop Holdings",1599,honey,dark,2026-01-23,"The Bean Counters","maple syrup,raspberry","filter-friendly,bird-friendly,production-ready,developer-fuel",3,6,9,9,8,1,"Side effects may include: refactoring, enlightenment, productivity.",500g,turkish,27.64,188,BEAN-0143-500g-TUR,0
BEAN-0143,"Supernova Sumatra",Jamaica,"Blue Mountain","Finca Loop Holdings",1599,honey,dark,2026-01-23,"The Bean Counters","maple syrup,raspberry","filter-friendly,bird-friendly,production-ready,developer-fuel",3,6,9,9,8,1,"Side effects may include: refactoring, enlightenment, productivity.",250g,turkish,17.91,30,BEAN-0143-250g-TUR,1
BEAN-0144,"Boolean Bean",Vietnam,"Đắk Lắk","Finca Heap Hill",660,honey,dark,2025-12-05,"FIFO Coffee Bar",,"rainforest-alliance,organic",2,3,8,10,7,,500g,whole_bean,26.87,185,BEAN-0144-500g-WHO,0
BEAN-0144,"Boolean Bean",Vietnam,"Đắk Lắk","Finca Heap Hill",660,honey,dark,2025-12-05,"FIFO Coffee Bar",,"rainforest-alliance,organic",2,3,8,10,7,,1kg,french_press,47.91,133,BEAN-0144-1kg-FRE,1
BEAN-0145,"Necromancer Nitro",Hyperborea,"Northern Reaches","Finca Commit Hill",1389,anaerobic,-18.6884,-27.4114,medium-dark,2026-05-09,"Loops & Beans","blackcurrant,grapefruit,milk chocolate,brown sugar","battle-tested,espresso-friendly",1,6,4,1,3,,1kg,filter,48.36,103,BEAN-0145-1kg-FIL,0
BEAN-0145,"Necromancer Nitro",Hyperborea,"Northern Reaches","Finca Commit Hill",1389,anaerobic,-18.6884,-27.4114,medium-dark,2026-05-09,"Loops & Beans","blackcurrant,grapefruit,milk chocolate,brown sugar","battle-tested,espresso-friendly",1,6,4,1,3,,250g,moka,11.12,180,BEAN-0145-250g-MOK,1
BEAN-0146,"Andromeda Espresso",Guatemala,Antigua,"Finca Loop Holdings",1893,natural,dark,2026-03-23,"Eventual Consistency Roasting","honey,chocolate,strawberry","bird-friendly,compile-grade",2,9,2,9,5,1,500g,moka,28.51,147,BEAN-0146-500g-MOK,0
BEAN-0146,"Andromeda Espresso",Guatemala,Antigua,"Finca Loop Holdings",1893,natural,dark,2026-03-23,"Eventual Consistency Roasting","honey,chocolate,strawberry","bird-friendly,compile-grade",2,9,2,9,5,1,500g,aeropress,25.54,96,BEAN-0146-500g-AER,1
BEAN-0147,"Necromancer Nitro","Costa Rica",Tarrazú,"Finca Stack Plantation",1848,wet-hulled,light,2026-01-08,"ASCII Coffee","vanilla,cinnamon","small-batch,direct-trade",7,6,9,9,1,1,"Side effects may include: refactoring, enlightenment, productivity.",500g,whole_bean,25.19,191,BEAN-0147-500g-WHO,0
BEAN-0147,"Necromancer Nitro","Costa Rica",Tarrazú,"Finca Stack Plantation",1848,wet-hulled,light,2026-01-08,"ASCII Coffee","vanilla,cinnamon","small-batch,direct-trade",7,6,9,9,1,1,"Side effects may include: refactoring, enlightenment, productivity.",250g,french_press,13.51,55,BEAN-0147-250g-FRE,1
BEAN-0148,"DNS Drip",Kenya,Nyeri,"Finca The Mainframe",2077,natural,french,2026-03-11,"Stack Trace Roasters",berry,"small-batch,shade-grown",3,2,2,2,8,1,100g,turkish,7.86,158,BEAN-0148-100g-TUR,0
BEAN-0148,"DNS Drip",Kenya,Nyeri,"Finca The Mainframe",2077,natural,french,2026-03-11,"Stack Trace Roasters",berry,"small-batch,shade-grown",3,2,2,2,8,1,500g,french_press,29.18,147,BEAN-0148-500g-FRE,1
BEAN-0148,"DNS Drip",Kenya,Nyeri,"Finca The Mainframe",2077,natural,french,2026-03-11,"Stack Trace Roasters",berry,"small-batch,shade-grown",3,2,2,2,8,1,250g,turkish,18.33,71,BEAN-0148-250g-TUR,2
BEAN-0149,"Loot Drop Latte","El Dorado","Lake Guatavita","Finca Stack Plantation",3116,wet-hulled,light,2026-01-03,"Tail Call Tea","tail-call sweetness,orange,woody",compile-grade,8,6,1,1,4,1,"Single-origin, single-threaded, single-purpose.",500g,moka,28.89,47,BEAN-0149-500g-MOK,0
BEAN-0149,"Loot Drop Latte","El Dorado","Lake Guatavita","Finca Stack Plantation",3116,wet-hulled,light,2026-01-03,"Tail Call Tea","tail-call sweetness,orange,woody",compile-grade,8,6,1,1,4,1,"Single-origin, single-threaded, single-purpose.",500g,espresso,24.16,156,BEAN-0149-500g-ESP,1
BEAN-0150,"Elven Espresso",Avalon,"Apple Isle","Finca Null Acres",90,anaerobic,31.9673,14.8387,medium,2026-01-16,"O(1) Coffee","peanut butter,honey,tail-call sweetness,berry",limited-edition,4,9,7,7,4,,"Pairs well with rubber duck debugging.",250g,french_press,17.45,45,BEAN-0150-250g-FRE,0
BEAN-0150,"Elven Espresso",Avalon,"Apple Isle","Finca Null Acres",90,anaerobic,31.9673,14.8387,medium,2026-01-16,"O(1) Coffee","peanut butter,honey,tail-call sweetness,berry",limited-edition,4,9,7,7,4,,"Pairs well with rubber duck debugging.",1kg,french_press,44.08,161,BEAN-0150-1kg-FRE,1
BEAN-0150,"Elven Espresso",Avalon,"Apple Isle","Finca Null Acres",90,anaerobic,31.9673,14.8387,medium,2026-01-16,"O(1) Coffee","peanut butter,honey,tail-call sweetness,berry",limited-edition,4,9,7,7,4,,"Pairs well with rubber duck debugging.",500g,turkish,25.89,64,BEAN-0150-500g-TUR,2
BEAN-0150,"Elven Espresso",Avalon,"Apple Isle","Finca Null Acres",90,anaerobic,31.9673,14.8387,medium,2026-01-16,"O(1) Coffee","peanut butter,honey,tail-call sweetness,berry",limited-edition,4,9,7,7,4,,"Pairs well with rubber duck debugging.",100g,french_press,4.79,41,BEAN-0150-100g-FRE,3
BEAN-0151,"Haskell Hot Brew",Guatemala,Antigua,"Finca The Repo",1584,wet-hulled,medium,2026-02-12,"Bit Roasters","walnut,hibiscus,tail-call sweetness","open-source,battle-tested",9,3,5,6,6,1,1kg,whole_bean,46.05,73,BEAN-0151-1kg-WHO,0
BEAN-0151,"Haskell Hot Brew",Guatemala,Antigua,"Finca The Repo",1584,wet-hulled,medium,2026-02-12,"Bit Roasters","walnut,hibiscus,tail-call sweetness","open-source,battle-tested",9,3,5,6,6,1,1kg,aeropress,50.65,42,BEAN-0151-1kg-AER,1
BEAN-0151,"Haskell Hot Brew",Guatemala,Antigua,"Finca The Repo",1584,wet-hulled,medium,2026-02-12,"Bit Roasters","walnut,hibiscus,tail-call sweetness","open-source,battle-tested",9,3,5,6,6,1,500g,french_press,27.05,146,BEAN-0151-500g-FRE,2
BEAN-0152,"Hyperdrive House Blend",Indonesia,Sumatra,"Finca Null Acres",1260,honey,french,2026-03-04,"Roast & Roll","raspberry,earthy,lavender","bird-friendly,espresso-friendly,open-source,organic",3,4,5,2,4,1,"Smooth like a well-balanced API.",100g,french_press,8.39,6,BEAN-0152-100g-FRE,0
BEAN-0152,"Hyperdrive House Blend",Indonesia,Sumatra,"Finca Null Acres",1260,honey,french,2026-03-04,"Roast & Roll","raspberry,earthy,lavender","bird-friendly,espresso-friendly,open-source,organic",3,4,5,2,4,1,"Smooth like a well-balanced API.",1kg,moka,49.12,21,BEAN-0152-1kg-MOK,1
BEAN-0153,"Antimatter Americano",Honduras,Copán,"Finca The Mainframe",1417,honey,medium-dark,2025-12-02,"The Recursion Roastery",apricot,"organic,fair-trade",6,6,8,8,9,1,"Fuel for the 3am production incident.",250g,aeropress,15.31,151,BEAN-0153-250g-AER,0
BEAN-0153,"Antimatter Americano",Honduras,Copán,"Finca The Mainframe",1417,honey,medium-dark,2025-12-02,"The Recursion Roastery",apricot,"organic,fair-trade",6,6,8,8,9,1,"Fuel for the 3am production incident.",1kg,aeropress,48.99,144,BEAN-0153-1kg-AER,1
BEAN-0153,"Antimatter Americano",Honduras,Copán,"Finca The Mainframe",1417,honey,medium-dark,2025-12-02,"The Recursion Roastery",apricot,"organic,fair-trade",6,6,8,8,9,1,"Fuel for the 3am production incident.",1kg,moka,48.12,136,BEAN-0153-1kg-MOK,2
BEAN-0154,"Semicolon Sumatra","Costa Rica",Tarrazú,"Finca Null Acres",1657,anaerobic,medium,2026-04-02,"Buffer Overflow Brewing",,compile-grade,3,6,5,8,9,,"Single-origin, single-threaded, single-purpose.",1kg,filter,43.07,110,BEAN-0154-1kg-FIL,0
BEAN-0154,"Semicolon Sumatra","Costa Rica",Tarrazú,"Finca Null Acres",1657,anaerobic,medium,2026-04-02,"Buffer Overflow Brewing",,compile-grade,3,6,5,8,9,,"Single-origin, single-threaded, single-purpose.",500g,moka,23.85,1,BEAN-0154-500g-MOK,1
BEAN-0154,"Semicolon Sumatra","Costa Rica",Tarrazú,"Finca Null Acres",1657,anaerobic,medium,2026-04-02,"Buffer Overflow Brewing",,compile-grade,3,6,5,8,9,,"Single-origin, single-threaded, single-purpose.",500g,espresso,25.29,143,BEAN-0154-500g-ESP,2
BEAN-0154,"Semicolon Sumatra","Costa Rica",Tarrazú,"Finca Null Acres",1657,anaerobic,medium,2026-04-02,"Buffer Overflow Brewing",,compile-grade,3,6,5,8,9,,"Single-origin, single-threaded, single-purpose.",1kg,french_press,45,183,BEAN-0154-1kg-FRE,3
BEAN-0155,"Goto Statement Espresso",Nicaragua,Jinotega,"Finca The Mainframe",1620,wet-hulled,dark,2025-11-15,"FIFO Coffee Bar","blackcurrant,uncertainty","bird-friendly,filter-friendly,single-origin",3,3,5,2,8,1,"Pairs well with rubber duck debugging.",1kg,espresso,45.57,38,BEAN-0155-1kg-ESP,0
BEAN-0155,"Goto Statement Espresso",Nicaragua,Jinotega,"Finca The Mainframe",1620,wet-hulled,dark,2025-11-15,"FIFO Coffee Bar","blackcurrant,uncertainty","bird-friendly,filter-friendly,single-origin",3,3,5,2,8,1,"Pairs well with rubber duck debugging.",100g,moka,4.18,26,BEAN-0155-100g-MOK,1
BEAN-0156,"Zsh Espresso",Ethiopia,Yirgacheffe,"Finca La Esperanza",1877,anaerobic,medium-light,2026-02-13,"SIGTERM Single Origin","tobacco,lavender","fair-trade,direct-trade,single-origin,decaf",1,5,7,2,9,1,"Side effects may include: refactoring, enlightenment, productivity.",500g,turkish,25.05,3,BEAN-0156-500g-TUR,0
BEAN-0156,"Zsh Espresso",Ethiopia,Yirgacheffe,"Finca La Esperanza",1877,anaerobic,medium-light,2026-02-13,"SIGTERM Single Origin","tobacco,lavender","fair-trade,direct-trade,single-origin,decaf",1,5,7,2,9,1,"Side effects may include: refactoring, enlightenment, productivity.",100g,turkish,9.72,98,BEAN-0156-100g-TUR,1
BEAN-0157,"Regex Roast","Costa Rica",Tarrazú,"Finca The Sandbox",1876,washed,dark,2025-11-22,"Loops & Beans","cinnamon,tail-call sweetness,floral","espresso-friendly,fair-trade,production-ready",9,2,5,8,5,1,"Has been peer-reviewed.",250g,whole_bean,12.89,111,BEAN-0157-250g-WHO,0
BEAN-0157,"Regex Roast","Costa Rica",Tarrazú,"Finca The Sandbox",1876,washed,dark,2025-11-22,"Loops & Beans","cinnamon,tail-call sweetness,floral","espresso-friendly,fair-trade,production-ready",9,2,5,8,5,1,"Has been peer-reviewed.",500g,whole_bean,23.34,70,BEAN-0157-500g-WHO,1
BEAN-0157,"Regex Roast","Costa Rica",Tarrazú,"Finca The Sandbox",1876,washed,dark,2025-11-22,"Loops & Beans","cinnamon,tail-call sweetness,floral","espresso-friendly,fair-trade,production-ready",9,2,5,8,5,1,"Has been peer-reviewed.",100g,french_press,10.31,2,BEAN-0157-100g-FRE,2
BEAN-0157,"Regex Roast","Costa Rica",Tarrazú,"Finca The Sandbox",1876,washed,dark,2025-11-22,"Loops & Beans","cinnamon,tail-call sweetness,floral","espresso-friendly,fair-trade,production-ready",9,2,5,8,5,1,"Has been peer-reviewed.",100g,moka,10.27,121,BEAN-0157-100g-MOK,3
BEAN-0158,"Lambda Latte",Kenya,Nyeri,"Finca Commit Hill",1746,wet-hulled,medium,2025-12-02,"Compile Time Coffee Co.",,"decaf,production-ready,blend",3,8,4,6,9,1,"Best paired with a 200 OK.",1kg,aeropress,44.54,176,BEAN-0158-1kg-AER,0
BEAN-0158,"Lambda Latte",Kenya,Nyeri,"Finca Commit Hill",1746,wet-hulled,medium,2025-12-02,"Compile Time Coffee Co.",,"decaf,production-ready,blend",3,8,4,6,9,1,"Best paired with a 200 OK.",1kg,filter,48.8,64,BEAN-0158-1kg-FIL,1
BEAN-0158,"Lambda Latte",Kenya,Nyeri,"Finca Commit Hill",1746,wet-hulled,medium,2025-12-02,"Compile Time Coffee Co.",,"decaf,production-ready,blend",3,8,4,6,9,1,"Best paired with a 200 OK.",100g,french_press,9.65,143,BEAN-0158-100g-FRE,2
BEAN-0159,"Save Point Sumatra",Guatemala,Antigua,"Finca Pure Functional Farm",1565,anaerobic,medium,2025-12-09,"Brewed in Berlin",vanilla,"nerd-approved,seasonal",5,9,6,8,1,1,"Now with 30% fewer race conditions.",250g,whole_bean,15.96,93,BEAN-0159-250g-WHO,0
BEAN-0159,"Save Point Sumatra",Guatemala,Antigua,"Finca Pure Functional Farm",1565,anaerobic,medium,2025-12-09,"Brewed in Berlin",vanilla,"nerd-approved,seasonal",5,9,6,8,1,1,"Now with 30% fewer race conditions.",250g,filter,16.77,168,BEAN-0159-250g-FIL,1
BEAN-0159,"Save Point Sumatra",Guatemala,Antigua,"Finca Pure Functional Farm",1565,anaerobic,medium,2025-12-09,"Brewed in Berlin",vanilla,"nerd-approved,seasonal",5,9,6,8,1,1,"Now with 30% fewer race conditions.",1kg,espresso,47.19,127,BEAN-0159-1kg-ESP,2
BEAN-0160,"Mendeleev Mocha",Peru,Cajamarca,"Finca San Miguel",1556,wet-hulled,14.0614,116.4136,french,2026-04-24,"Compile Time Coffee Co.",orange,filter-friendly,2,8,4,2,1,1,"If found defective, please file a bug report.",1kg,moka,47.99,151,BEAN-0160-1kg-MOK,0
BEAN-0160,"Mendeleev Mocha",Peru,Cajamarca,"Finca San Miguel",1556,wet-hulled,14.0614,116.4136,french,2026-04-24,"Compile Time Coffee Co.",orange,filter-friendly,2,8,4,2,1,1,"If found defective, please file a bug report.",500g,whole_bean,24.93,155,BEAN-0160-500g-WHO,1
BEAN-0160,"Mendeleev Mocha",Peru,Cajamarca,"Finca San Miguel",1556,wet-hulled,14.0614,116.4136,french,2026-04-24,"Compile Time Coffee Co.",orange,filter-friendly,2,8,4,2,1,1,"If found defective, please file a bug report.",100g,whole_bean,11.44,53,BEAN-0160-100g-WHO,2
BEAN-0160,"Mendeleev Mocha",Peru,Cajamarca,"Finca San Miguel",1556,wet-hulled,14.0614,116.4136,french,2026-04-24,"Compile Time Coffee Co.",orange,filter-friendly,2,8,4,2,1,1,"If found defective, please file a bug report.",1kg,turkish,43.64,163,BEAN-0160-1kg-TUR,3
BEAN-0161,"Heisenbug Brew",Hyperborea,"Northern Reaches","Finca Loop Holdings",1615,wet-hulled,light,2026-04-23,"Buffer Overflow Brewing",,"compile-grade,blend",2,4,9,7,4,1,"Single-origin, single-threaded, single-purpose.",250g,moka,16.99,106,BEAN-0161-250g-MOK,0
BEAN-0161,"Heisenbug Brew",Hyperborea,"Northern Reaches","Finca Loop Holdings",1615,wet-hulled,light,2026-04-23,"Buffer Overflow Brewing",,"compile-grade,blend",2,4,9,7,4,1,"Single-origin, single-threaded, single-purpose.",100g,turkish,9.11,91,BEAN-0161-100g-TUR,1
BEAN-0161,"Heisenbug Brew",Hyperborea,"Northern Reaches","Finca Loop Holdings",1615,wet-hulled,light,2026-04-23,"Buffer Overflow Brewing",,"compile-grade,blend",2,4,9,7,4,1,"Single-origin, single-threaded, single-purpose.",1kg,aeropress,48.32,26,BEAN-0161-1kg-AER,2
BEAN-0162,"Faraday's Filter",Brazil,Mogiana,"Finca Branch Estate",1173,anaerobic,medium,2026-02-20,"Brewed in Berlin","lavender,clove","direct-trade,small-batch,production-ready,filter-friendly",7,9,5,6,8,1,"Has been peer-reviewed.",100g,filter,8.77,132,BEAN-0162-100g-FIL,0
BEAN-0162,"Faraday's Filter",Brazil,Mogiana,"Finca Branch Estate",1173,anaerobic,medium,2026-02-20,"Brewed in Berlin","lavender,clove","direct-trade,small-batch,production-ready,filter-friendly",7,9,5,6,8,1,"Has been peer-reviewed.",250g,filter,11.05,56,BEAN-0162-250g-FIL,1
BEAN-0163,"Gauss Grind",Hyperborea,"Northern Reaches","Finca The Repo",1441,wet-hulled,-2.2716,16.1573,dark,2025-12-16,"The Bean Counters",almond,nerd-approved,6,3,3,5,6,1,"Side effects may include: refactoring, enlightenment, productivity.",500g,turkish,24.4,146,BEAN-0163-500g-TUR,0
BEAN-0163,"Gauss Grind",Hyperborea,"Northern Reaches","Finca The Repo",1441,wet-hulled,-2.2716,16.1573,dark,2025-12-16,"The Bean Counters",almond,nerd-approved,6,3,3,5,6,1,"Side effects may include: refactoring, enlightenment, productivity.",1kg,moka,50.34,187,BEAN-0163-1kg-MOK,1
BEAN-0164,"Doge Roast (Such Bean, Much Brew)",Ethiopia,Sidamo,"Finca Commit Hill",1904,honey,light,2025-12-15,"Daemon Roasters",,direct-trade,6,7,7,2,4,1,100g,aeropress,10.22,97,BEAN-0164-100g-AER,0
BEAN-0164,"Doge Roast (Such Bean, Much Brew)",Ethiopia,Sidamo,"Finca Commit Hill",1904,honey,light,2025-12-15,"Daemon Roasters",,direct-trade,6,7,7,2,4,1,100g,filter,8.2,81,BEAN-0164-100g-FIL,1
BEAN-0164,"Doge Roast (Such Bean, Much Brew)",Ethiopia,Sidamo,"Finca Commit Hill",1904,honey,light,2025-12-15,"Daemon Roasters",,direct-trade,6,7,7,2,4,1,250g,filter,15.02,56,BEAN-0164-250g-FIL,2
BEAN-0164,"Doge Roast (Such Bean, Much Brew)",Ethiopia,Sidamo,"Finca Commit Hill",1904,honey,light,2025-12-15,"Daemon Roasters",,direct-trade,6,7,7,2,4,1,250g,whole_bean,16.39,100,BEAN-0164-250g-WHO,3
BEAN-0165,"Semicolon Sumatra",Indonesia,Sumatra,"Finca Loop Holdings",1321,anaerobic,medium-light,2026-04-08,"Cache Coherence Coffee",,"open-source,fair-trade,production-ready,rainforest-alliance",5,2,7,9,7,1,250g,french_press,15.47,124,BEAN-0165-250g-FRE,0
BEAN-0165,"Semicolon Sumatra",Indonesia,Sumatra,"Finca Loop Holdings",1321,anaerobic,medium-light,2026-04-08,"Cache Coherence Coffee",,"open-source,fair-trade,production-ready,rainforest-alliance",5,2,7,9,7,1,1kg,aeropress,47.57,143,BEAN-0165-1kg-AER,1
BEAN-0166,"Race Condition Cold Brew",Indonesia,Java,"Finca Heap Hill",1597,honey,french,2025-12-15,"Isotope Roasters",,"bird-friendly,shade-grown,open-source,filter-friendly",6,6,10,1,5,1,1kg,moka,44.17,11,BEAN-0166-1kg-MOK,0
BEAN-0166,"Race Condition Cold Brew",Indonesia,Java,"Finca Heap Hill",1597,honey,french,2025-12-15,"Isotope Roasters",,"bird-friendly,shade-grown,open-source,filter-friendly",6,6,10,1,5,1,250g,espresso,16.48,39,BEAN-0166-250g-ESP,1
BEAN-0167,"Off-By-One Latte",Indonesia,Sumatra,"Finca Branch Estate",1585,natural,medium,2026-05-08,"Cache Coherence Coffee",,"nerd-approved,developer-fuel,organic",6,4,9,4,4,1,"Now with 30% fewer race conditions.",1kg,moka,48.84,36,BEAN-0167-1kg-MOK,0
BEAN-0167,"Off-By-One Latte",Indonesia,Sumatra,"Finca Branch Estate",1585,natural,medium,2026-05-08,"Cache Coherence Coffee",,"nerd-approved,developer-fuel,organic",6,4,9,4,4,1,"Now with 30% fewer race conditions.",100g,french_press,8.66,169,BEAN-0167-100g-FRE,1
BEAN-0167,"Off-By-One Latte",Indonesia,Sumatra,"Finca Branch Estate",1585,natural,medium,2026-05-08,"Cache Coherence Coffee",,"nerd-approved,developer-fuel,organic",6,4,9,4,4,1,"Now with 30% fewer race conditions.",100g,filter,5.36,72,BEAN-0167-100g-FIL,2
BEAN-0168,"Avogadro's Bean",Colombia,Huila,"Finca Heap Hill",1534,honey,french,2025-11-24,"Tail Call Tea",,seasonal,7,4,7,9,2,1,"If found defective, please file a bug report.",100g,espresso,5.59,117,BEAN-0168-100g-ESP,0
BEAN-0168,"Avogadro's Bean",Colombia,Huila,"Finca Heap Hill",1534,honey,french,2025-11-24,"Tail Call Tea",,seasonal,7,4,7,9,2,1,"If found defective, please file a bug report.",100g,whole_bean,5.98,135,BEAN-0168-100g-WHO,1
BEAN-0168,"Avogadro's Bean",Colombia,Huila,"Finca Heap Hill",1534,honey,french,2025-11-24,"Tail Call Tea",,seasonal,7,4,7,9,2,1,"If found defective, please file a bug report.",500g,filter,25.92,190,BEAN-0168-500g-FIL,2
BEAN-0169,"Segfault Single Origin",Indonesia,Sumatra,"Finca The Repo",1600,honey,light,2025-12-02,"Stack Trace Roasters","dark chocolate,pineapple,raspberry","decaf,direct-trade",7,3,2,7,9,1,"Has been peer-reviewed.",250g,french_press,12.92,39,BEAN-0169-250g-FRE,0
BEAN-0169,"Segfault Single Origin",Indonesia,Sumatra,"Finca The Repo",1600,honey,light,2025-12-02,"Stack Trace Roasters","dark chocolate,pineapple,raspberry","decaf,direct-trade",7,3,2,7,9,1,"Has been peer-reviewed.",1kg,filter,50.28,84,BEAN-0169-1kg-FIL,1
BEAN-0169,"Segfault Single Origin",Indonesia,Sumatra,"Finca The Repo",1600,honey,light,2025-12-02,"Stack Trace Roasters","dark chocolate,pineapple,raspberry","decaf,direct-trade",7,3,2,7,9,1,"Has been peer-reviewed.",1kg,moka,44.05,167,BEAN-0169-1kg-MOK,2
BEAN-0170,"Daemon Drink",Honduras,Copán,"Finca Pure Functional Farm",1652,wet-hulled,medium-light,2026-01-21,"The Recursion Roastery","lemon,jasmine,vanilla,pineapple",espresso-friendly,6,3,1,6,7,1,"Recommended by 9 out of 10 over-tired developers.",500g,espresso,28.23,27,BEAN-0170-500g-ESP,0
BEAN-0170,"Daemon Drink",Honduras,Copán,"Finca Pure Functional Farm",1652,wet-hulled,medium-light,2026-01-21,"The Recursion Roastery","lemon,jasmine,vanilla,pineapple",espresso-friendly,6,3,1,6,7,1,"Recommended by 9 out of 10 over-tired developers.",250g,espresso,11.21,156,BEAN-0170-250g-ESP,1
BEAN-0171,"Zsh Espresso",Indonesia,Sumatra,"Finca La Esperanza",1451,honey,light,2025-11-16,"Idempotent Espresso",peach,"shade-grown,espresso-friendly,rainforest-alliance,developer-fuel",8,3,3,4,4,,"Best paired with a 200 OK.",100g,filter,11.6,56,BEAN-0171-100g-FIL,0
BEAN-0171,"Zsh Espresso",Indonesia,Sumatra,"Finca La Esperanza",1451,honey,light,2025-11-16,"Idempotent Espresso",peach,"shade-grown,espresso-friendly,rainforest-alliance,developer-fuel",8,3,3,4,4,,"Best paired with a 200 OK.",250g,turkish,12.64,45,BEAN-0171-250g-TUR,1
BEAN-0171,"Zsh Espresso",Indonesia,Sumatra,"Finca La Esperanza",1451,honey,light,2025-11-16,"Idempotent Espresso",peach,"shade-grown,espresso-friendly,rainforest-alliance,developer-fuel",8,3,3,4,4,,"Best paired with a 200 OK.",1kg,turkish,47.94,176,BEAN-0171-1kg-TUR,2
BEAN-0172,"Necromancer Nitro",Colombia,Antioquia,"Finca Pure Functional Farm",1611,anaerobic,french,2026-02-20,"Daemon Roasters","ambition,honey,brown sugar,mango",compile-grade,2,8,8,1,4,1,100g,moka,7.1,195,BEAN-0172-100g-MOK,0
BEAN-0172,"Necromancer Nitro",Colombia,Antioquia,"Finca Pure Functional Farm",1611,anaerobic,french,2026-02-20,"Daemon Roasters","ambition,honey,brown sugar,mango",compile-grade,2,8,8,1,4,1,100g,espresso,6.33,101,BEAN-0172-100g-ESP,1
BEAN-0173,"Promise Resolved Roast",Nicaragua,Jinotega,"Finca Branch Estate",1450,washed,french,2025-12-30,"The Recursion Roastery","uncertainty,earthy,hazelnut",espresso-friendly,10,9,3,7,7,1,"If found defective, please file a bug report.",1kg,moka,50.17,51,BEAN-0173-1kg-MOK,0
BEAN-0174,"Wizard's Wakeup ☕","El Dorado","Lake Guatavita","Finca Pure Functional Farm",2983,washed,light,2026-04-12,"Eventual Consistency Roasting","hazelnut,apricot","compile-grade,espresso-friendly,rainforest-alliance,production-ready",1,3,6,10,3,1,100g,french_press,6.46,186,BEAN-0174-100g-FRE,0
BEAN-0174,"Wizard's Wakeup ☕","El Dorado","Lake Guatavita","Finca Pure Functional Farm",2983,washed,light,2026-04-12,"Eventual Consistency Roasting","hazelnut,apricot","compile-grade,espresso-friendly,rainforest-alliance,production-ready",1,3,6,10,3,1,1kg,filter,48.01,30,BEAN-0174-1kg-FIL,1
BEAN-0175,"Rogue Roast",Indonesia,Java,"Finca Stack Plantation",1206,anaerobic,medium-dark,2025-12-23,"Bit Roasters","tobacco,blueberry,bergamot,molasses","nerd-approved,bird-friendly,battle-tested,single-origin",10,10,1,4,9,1,250g,whole_bean,12.48,14,BEAN-0175-250g-WHO,0
BEAN-0175,"Rogue Roast",Indonesia,Java,"Finca Stack Plantation",1206,anaerobic,medium-dark,2025-12-23,"Bit Roasters","tobacco,blueberry,bergamot,molasses","nerd-approved,bird-friendly,battle-tested,single-origin",10,10,1,4,9,1,500g,whole_bean,23.16,8,BEAN-0175-500g-WHO,1
BEAN-0175,"Rogue Roast",Indonesia,Java,"Finca Stack Plantation",1206,anaerobic,medium-dark,2025-12-23,"Bit Roasters","tobacco,blueberry,bergamot,molasses","nerd-approved,bird-friendly,battle-tested,single-origin",10,10,1,4,9,1,500g,filter,29.36,12,BEAN-0175-500g-FIL,2
BEAN-0176,"Big-O Bourbon",Hawaii,Kona,"Finca Pure Functional Farm",938,wet-hulled,dark,2025-12-19,"O(1) Coffee","ambition,molasses,lavender",single-origin,5,6,6,7,2,1,"Side effects may include: refactoring, enlightenment, productivity.",100g,filter,7.77,31,BEAN-0176-100g-FIL,0
BEAN-0176,"Big-O Bourbon",Hawaii,Kona,"Finca Pure Functional Farm",938,wet-hulled,dark,2025-12-19,"O(1) Coffee","ambition,molasses,lavender",single-origin,5,6,6,7,2,1,"Side effects may include: refactoring, enlightenment, productivity.",500g,filter,26.22,134,BEAN-0176-500g-FIL,1
BEAN-0176,"Big-O Bourbon",Hawaii,Kona,"Finca Pure Functional Farm",938,wet-hulled,dark,2025-12-19,"O(1) Coffee","ambition,molasses,lavender",single-origin,5,6,6,7,2,1,"Side effects may include: refactoring, enlightenment, productivity.",250g,aeropress,12.67,14,BEAN-0176-250g-AER,2
BEAN-0176,"Big-O Bourbon",Hawaii,Kona,"Finca Pure Functional Farm",938,wet-hulled,dark,2025-12-19,"O(1) Coffee","ambition,molasses,lavender",single-origin,5,6,6,7,2,1,"Side effects may include: refactoring, enlightenment, productivity.",100g,moka,9.84,161,BEAN-0176-100g-MOK,3
BEAN-0177,"Goblin's Grind",Atlantis,"Sunken City","Finca Loop Holdings",,anaerobic,dark,2026-02-19,"Stack Trace Roasters","honey,maple syrup,hibiscus,peanut butter","compile-grade,developer-fuel,open-source,espresso-friendly",10,4,5,4,1,,100g,aeropress,10.78,157,BEAN-0177-100g-AER,0
BEAN-0177,"Goblin's Grind",Atlantis,"Sunken City","Finca Loop Holdings",,anaerobic,dark,2026-02-19,"Stack Trace Roasters","honey,maple syrup,hibiscus,peanut butter","compile-grade,developer-fuel,open-source,espresso-friendly",10,4,5,4,1,,1kg,french_press,43.36,89,BEAN-0177-1kg-FRE,1
BEAN-0177,"Goblin's Grind",Atlantis,"Sunken City","Finca Loop Holdings",,anaerobic,dark,2026-02-19,"Stack Trace Roasters","honey,maple syrup,hibiscus,peanut butter","compile-grade,developer-fuel,open-source,espresso-friendly",10,4,5,4,1,,250g,whole_bean,16.12,176,BEAN-0177-250g-WHO,2
BEAN-0178,"Boss Battle Brew ☕",Tanzania,Kilimanjaro,"Finca The Sandbox",1665,washed,light,2025-11-17,"Cache Coherence Coffee","cardamom,regret",espresso-friendly,4,6,6,8,8,1,"Fuel for the 3am production incident.",1kg,espresso,48.02,137,BEAN-0178-1kg-ESP,0
BEAN-0178,"Boss Battle Brew ☕",Tanzania,Kilimanjaro,"Finca The Sandbox",1665,washed,light,2025-11-17,"Cache Coherence Coffee","cardamom,regret",espresso-friendly,4,6,6,8,8,1,"Fuel for the 3am production incident.",500g,french_press,28.27,105,BEAN-0178-500g-FRE,1
BEAN-0178,"Boss Battle Brew ☕",Tanzania,Kilimanjaro,"Finca The Sandbox",1665,washed,light,2025-11-17,"Cache Coherence Coffee","cardamom,regret",espresso-friendly,4,6,6,8,8,1,"Fuel for the 3am production incident.",100g,turkish,8.17,144,BEAN-0178-100g-TUR,2
BEAN-0179,"Side Quest Sumatra",Panama,Boquete,"Finca The Sandbox",1469,honey,light,2026-04-03,"Stack Trace Roasters",,"rainforest-alliance,production-ready,espresso-friendly",10,10,7,3,10,,"Smooth like a well-balanced API.",500g,aeropress,28.86,181,BEAN-0179-500g-AER,0
BEAN-0179,"Side Quest Sumatra",Panama,Boquete,"Finca The Sandbox",1469,honey,light,2026-04-03,"Stack Trace Roasters",,"rainforest-alliance,production-ready,espresso-friendly",10,10,7,3,10,,"Smooth like a well-balanced API.",100g,filter,7.31,127,BEAN-0179-100g-FIL,1
BEAN-0179,"Side Quest Sumatra",Panama,Boquete,"Finca The Sandbox",1469,honey,light,2026-04-03,"Stack Trace Roasters",,"rainforest-alliance,production-ready,espresso-friendly",10,10,7,3,10,,"Smooth like a well-balanced API.",250g,filter,14.62,77,BEAN-0179-250g-FIL,2
BEAN-0180,"Big Endian Blend",Avalon,"Apple Isle","Finca San Miguel",3,anaerobic,dark,2026-05-05,"Idempotent Espresso","citrus,grapefruit,rose,smoky","direct-trade,decaf,blend",9,3,4,1,8,1,"Best paired with a 200 OK.",100g,whole_bean,6.49,11,BEAN-0180-100g-WHO,0
BEAN-0180,"Big Endian Blend",Avalon,"Apple Isle","Finca San Miguel",3,anaerobic,dark,2026-05-05,"Idempotent Espresso","citrus,grapefruit,rose,smoky","direct-trade,decaf,blend",9,3,4,1,8,1,"Best paired with a 200 OK.",100g,filter,7.74,11,BEAN-0180-100g-FIL,1
BEAN-0180,"Big Endian Blend",Avalon,"Apple Isle","Finca San Miguel",3,anaerobic,dark,2026-05-05,"Idempotent Espresso","citrus,grapefruit,rose,smoky","direct-trade,decaf,blend",9,3,4,1,8,1,"Best paired with a 200 OK.",100g,moka,10.13,190,BEAN-0180-100g-MOK,2
BEAN-0180,"Big Endian Blend",Avalon,"Apple Isle","Finca San Miguel",3,anaerobic,dark,2026-05-05,"Idempotent Espresso","citrus,grapefruit,rose,smoky","direct-trade,decaf,blend",9,3,4,1,8,1,"Best paired with a 200 OK.",500g,whole_bean,26.62,79,BEAN-0180-500g-WHO,3
BEAN-0181,"Yak Shaving Yirgacheffe",Tanzania,Kilimanjaro,"Finca The Sandbox",1663,anaerobic,french,2026-04-11,"Stack Trace Roasters",lemon,"blend,organic,production-ready",9,2,4,9,6,1,"Single-origin, single-threaded, single-purpose.",500g,moka,23.96,18,BEAN-0181-500g-MOK,0
BEAN-0181,"Yak Shaving Yirgacheffe",Tanzania,Kilimanjaro,"Finca The Sandbox",1663,anaerobic,french,2026-04-11,"Stack Trace Roasters",lemon,"blend,organic,production-ready",9,2,4,9,6,1,"Single-origin, single-threaded, single-purpose.",1kg,whole_bean,44.04,120,BEAN-0181-1kg-WHO,1
BEAN-0182,"Supernova Sumatra",Mexico,Chiapas,"Finca Pure Functional Farm",1291,wet-hulled,dark,2025-12-01,"Eventual Consistency Roasting","hibiscus,floral,rose,grapefruit",nerd-approved,10,3,2,8,2,1,1kg,french_press,44.85,57,BEAN-0182-1kg-FRE,0
BEAN-0182,"Supernova Sumatra",Mexico,Chiapas,"Finca Pure Functional Farm",1291,wet-hulled,dark,2025-12-01,"Eventual Consistency Roasting","hibiscus,floral,rose,grapefruit",nerd-approved,10,3,2,8,2,1,250g,turkish,18.17,66,BEAN-0182-250g-TUR,1
BEAN-0182,"Supernova Sumatra",Mexico,Chiapas,"Finca Pure Functional Farm",1291,wet-hulled,dark,2025-12-01,"Eventual Consistency Roasting","hibiscus,floral,rose,grapefruit",nerd-approved,10,3,2,8,2,1,500g,french_press,23.47,170,BEAN-0182-500g-FRE,2
BEAN-0183,"Mana Potion",Colombia,Huila,"Finca Stack Plantation",1533,washed,medium,2026-01-09,"Eventual Consistency Roasting",blackcurrant,"battle-tested,open-source,decaf",9,2,7,2,6,1,"Fuel for the 3am production incident.",500g,moka,25.69,151,BEAN-0183-500g-MOK,0
BEAN-0184,"Critical Hit Cappuccino",Mexico,Chiapas,"Finca Null Acres",1233,natural,-9.7672,-59.4383,french,2025-12-11,"SIGTERM Single Origin","honey,rose,mango","espresso-friendly,single-origin",10,8,2,10,10,1,"Has been peer-reviewed.",1kg,espresso,45.46,103,BEAN-0184-1kg-ESP,0
BEAN-0184,"Critical Hit Cappuccino",Mexico,Chiapas,"Finca Null Acres",1233,natural,-9.7672,-59.4383,french,2025-12-11,"SIGTERM Single Origin","honey,rose,mango","espresso-friendly,single-origin",10,8,2,10,10,1,"Has been peer-reviewed.",100g,moka,4.87,152,BEAN-0184-100g-MOK,1
BEAN-0184,"Critical Hit Cappuccino",Mexico,Chiapas,"Finca Null Acres",1233,natural,-9.7672,-59.4383,french,2025-12-11,"SIGTERM Single Origin","honey,rose,mango","espresso-friendly,single-origin",10,8,2,10,10,1,"Has been peer-reviewed.",1kg,filter,46.95,169,BEAN-0184-1kg-FIL,2
BEAN-0185,"Null Pointer Roast",Avalon,"Apple Isle","Finca Commit Hill",,natural,medium-dark,2025-12-26,"Buffer Overflow Brewing","maple syrup,honey,earthy","filter-friendly,direct-trade",5,10,5,7,6,1,"A bold roast that compiles cleanly on the first run.",1kg,turkish,44.02,75,BEAN-0185-1kg-TUR,0
BEAN-0185,"Null Pointer Roast",Avalon,"Apple Isle","Finca Commit Hill",,natural,medium-dark,2025-12-26,"Buffer Overflow Brewing","maple syrup,honey,earthy","filter-friendly,direct-trade",5,10,5,7,6,1,"A bold roast that compiles cleanly on the first run.",100g,filter,11.21,13,BEAN-0185-100g-FIL,1
BEAN-0185,"Null Pointer Roast",Avalon,"Apple Isle","Finca Commit Hill",,natural,medium-dark,2025-12-26,"Buffer Overflow Brewing","maple syrup,honey,earthy","filter-friendly,direct-trade",5,10,5,7,6,1,"A bold roast that compiles cleanly on the first run.",100g,aeropress,8.48,91,BEAN-0185-100g-AER,2
BEAN-0186,"Elven Espresso",India,Karnataka,"Finca Commit Hill",1101,honey,french,2026-02-03,"Daemon Roasters","nutmeg,mango,bergamot","developer-fuel,decaf",4,9,7,6,7,1,"Tastes of certainty, with a hint of doubt.",250g,espresso,11.09,165,BEAN-0186-250g-ESP,0
BEAN-0186,"Elven Espresso",India,Karnataka,"Finca Commit Hill",1101,honey,french,2026-02-03,"Daemon Roasters","nutmeg,mango,bergamot","developer-fuel,decaf",4,9,7,6,7,1,"Tastes of certainty, with a hint of doubt.",100g,espresso,9.77,124,BEAN-0186-100g-ESP,1
BEAN-0186,"Elven Espresso",India,Karnataka,"Finca Commit Hill",1101,honey,french,2026-02-03,"Daemon Roasters","nutmeg,mango,bergamot","developer-fuel,decaf",4,9,7,6,7,1,"Tastes of certainty, with a hint of doubt.",1kg,espresso,43.68,164,BEAN-0186-1kg-ESP,2
BEAN-0186,"Elven Espresso",India,Karnataka,"Finca Commit Hill",1101,honey,french,2026-02-03,"Daemon Roasters","nutmeg,mango,bergamot","developer-fuel,decaf",4,9,7,6,7,1,"Tastes of certainty, with a hint of doubt.",1kg,turkish,46.65,178,BEAN-0186-1kg-TUR,3
BEAN-0187,"Supernova Sumatra",Tanzania,Kilimanjaro,"Finca Stack Plantation",1919,anaerobic,medium,2026-03-15,"O(1) Coffee","brown sugar,chocolate,honey","small-batch,compile-grade,limited-edition,bird-friendly",9,10,6,1,1,1,"Pairs well with rubber duck debugging.",100g,moka,7.85,176,BEAN-0187-100g-MOK,0
BEAN-0187,"Supernova Sumatra",Tanzania,Kilimanjaro,"Finca Stack Plantation",1919,anaerobic,medium,2026-03-15,"O(1) Coffee","brown sugar,chocolate,honey","small-batch,compile-grade,limited-edition,bird-friendly",9,10,6,1,1,1,"Pairs well with rubber duck debugging.",100g,espresso,9.84,134,BEAN-0187-100g-ESP,1
BEAN-0187,"Supernova Sumatra",Tanzania,Kilimanjaro,"Finca Stack Plantation",1919,anaerobic,medium,2026-03-15,"O(1) Coffee","brown sugar,chocolate,honey","small-batch,compile-grade,limited-edition,bird-friendly",9,10,6,1,1,1,"Pairs well with rubber duck debugging.",500g,french_press,26.14,133,BEAN-0187-500g-FRE,2
BEAN-0188,"Faraday's Filter",Panama,Boquete,"Finca Commit Hill",1339,wet-hulled,dark,2026-02-21,"Roast & Roll",,"production-ready,organic,developer-fuel",8,9,8,10,6,1,"Fuel for the 3am production incident.",500g,filter,23.34,177,BEAN-0188-500g-FIL,0
BEAN-0188,"Faraday's Filter",Panama,Boquete,"Finca Commit Hill",1339,wet-hulled,dark,2026-02-21,"Roast & Roll",,"production-ready,organic,developer-fuel",8,9,8,10,6,1,"Fuel for the 3am production incident.",500g,aeropress,28.28,66,BEAN-0188-500g-AER,1
BEAN-0188,"Faraday's Filter",Panama,Boquete,"Finca Commit Hill",1339,wet-hulled,dark,2026-02-21,"Roast & Roll",,"production-ready,organic,developer-fuel",8,9,8,10,6,1,"Fuel for the 3am production incident.",100g,aeropress,7.79,43,BEAN-0188-100g-AER,2
BEAN-0188,"Faraday's Filter",Panama,Boquete,"Finca Commit Hill",1339,wet-hulled,dark,2026-02-21,"Roast & Roll",,"production-ready,organic,developer-fuel",8,9,8,10,6,1,"Fuel for the 3am production incident.",500g,turkish,27.9,6,BEAN-0188-500g-TUR,3
BEAN-0189,"Goblin's Grind",Indonesia,Java,"Finca Bit Bucket",1329,wet-hulled,medium,2026-03-02,"Stack Trace Roasters",,battle-tested,3,10,3,8,6,1,250g,french_press,12.45,135,BEAN-0189-250g-FRE,0
BEAN-0189,"Goblin's Grind",Indonesia,Java,"Finca Bit Bucket",1329,wet-hulled,medium,2026-03-02,"Stack Trace Roasters",,battle-tested,3,10,3,8,6,1,100g,filter,11.87,37,BEAN-0189-100g-FIL,1
BEAN-0190,"Paladin Pour-Over",Nicaragua,Jinotega,"Finca Heap Hill",1694,natural,french,2026-01-19,"The Daily Brew",bergamot,"fair-trade,limited-edition,blend",1,3,8,7,8,1,"Fuel for the 3am production incident.",250g,french_press,16.47,99,BEAN-0190-250g-FRE,0
BEAN-0190,"Paladin Pour-Over",Nicaragua,Jinotega,"Finca Heap Hill",1694,natural,french,2026-01-19,"The Daily Brew",bergamot,"fair-trade,limited-edition,blend",1,3,8,7,8,1,"Fuel for the 3am production incident.",1kg,filter,44.16,111,BEAN-0190-1kg-FIL,1
BEAN-0190,"Paladin Pour-Over",Nicaragua,Jinotega,"Finca Heap Hill",1694,natural,french,2026-01-19,"The Daily Brew",bergamot,"fair-trade,limited-edition,blend",1,3,8,7,8,1,"Fuel for the 3am production incident.",100g,filter,11.42,114,BEAN-0190-100g-FIL,2
BEAN-0191,"Recursive Espresso",Ethiopia,Sidamo,"Finca The Repo",2069,honey,medium-dark,2025-12-06,"The Daily Brew","rose,raspberry","blend,limited-edition,rainforest-alliance",8,4,10,4,9,1,250g,filter,15.38,172,BEAN-0191-250g-FIL,0
BEAN-0191,"Recursive Espresso",Ethiopia,Sidamo,"Finca The Repo",2069,honey,medium-dark,2025-12-06,"The Daily Brew","rose,raspberry","blend,limited-edition,rainforest-alliance",8,4,10,4,9,1,100g,turkish,4.54,105,BEAN-0191-100g-TUR,1
BEAN-0191,"Recursive Espresso",Ethiopia,Sidamo,"Finca The Repo",2069,honey,medium-dark,2025-12-06,"The Daily Brew","rose,raspberry","blend,limited-edition,rainforest-alliance",8,4,10,4,9,1,100g,moka,4.83,114,BEAN-0191-100g-MOK,2
BEAN-0192,"Big Endian Blend",Colombia,Huila,"Finca San Miguel",1817,washed,dark,2025-11-24,"Loops & Beans","spacetime,walnut,victory,hazelnut","rainforest-alliance,open-source",3,2,3,5,5,1,"Best paired with a 200 OK.",1kg,filter,49.15,177,BEAN-0192-1kg-FIL,0
BEAN-0192,"Big Endian Blend",Colombia,Huila,"Finca San Miguel",1817,washed,dark,2025-11-24,"Loops & Beans","spacetime,walnut,victory,hazelnut","rainforest-alliance,open-source",3,2,3,5,5,1,"Best paired with a 200 OK.",500g,filter,23.3,18,BEAN-0192-500g-FIL,1
BEAN-0192,"Big Endian Blend",Colombia,Huila,"Finca San Miguel",1817,washed,dark,2025-11-24,"Loops & Beans","spacetime,walnut,victory,hazelnut","rainforest-alliance,open-source",3,2,3,5,5,1,"Best paired with a 200 OK.",500g,turkish,22.5,99,BEAN-0192-500g-TUR,2
BEAN-0192,"Big Endian Blend",Colombia,Huila,"Finca San Miguel",1817,washed,dark,2025-11-24,"Loops & Beans","spacetime,walnut,victory,hazelnut","rainforest-alliance,open-source",3,2,3,5,5,1,"Best paired with a 200 OK.",500g,whole_bean,24.07,67,BEAN-0192-500g-WHO,3
BEAN-0193,"Async/Await Awakening",Jamaica,"Blue Mountain","Finca San Miguel",1551,natural,dark,2026-01-21,"Loops & Beans","uncertainty,almond,earthy,victory","blend,fair-trade,single-origin",2,10,5,8,1,1,"Has been peer-reviewed.",100g,whole_bean,9.32,68,BEAN-0193-100g-WHO,0
BEAN-0193,"Async/Await Awakening",Jamaica,"Blue Mountain","Finca San Miguel",1551,natural,dark,2026-01-21,"Loops & Beans","uncertainty,almond,earthy,victory","blend,fair-trade,single-origin",2,10,5,8,1,1,"Has been peer-reviewed.",250g,aeropress,13.64,100,BEAN-0193-250g-AER,1
BEAN-0194,"Light-Speed Latte",Mexico,Chiapas,"Finca Pure Functional Farm",1632,washed,dark,2026-03-15,"Bit Roasters","the smell of merged PRs,smoky,walnut","direct-trade,seasonal,rainforest-alliance",1,2,6,9,6,,500g,aeropress,23.62,141,BEAN-0194-500g-AER,0
BEAN-0194,"Light-Speed Latte",Mexico,Chiapas,"Finca Pure Functional Farm",1632,washed,dark,2026-03-15,"Bit Roasters","the smell of merged PRs,smoky,walnut","direct-trade,seasonal,rainforest-alliance",1,2,6,9,6,,100g,french_press,9.29,76,BEAN-0194-100g-FRE,1
BEAN-0194,"Light-Speed Latte",Mexico,Chiapas,"Finca Pure Functional Farm",1632,washed,dark,2026-03-15,"Bit Roasters","the smell of merged PRs,smoky,walnut","direct-trade,seasonal,rainforest-alliance",1,2,6,9,6,,1kg,whole_bean,48.04,91,BEAN-0194-1kg-WHO,2
BEAN-0195,"DNS Drip",Brazil,"Minas Gerais","Finca The Mainframe",1018,washed,french,2025-12-11,"Function Call Cafe","cinnamon,vanilla,mango","developer-fuel,production-ready,nerd-approved",1,1,6,1,6,1,100g,espresso,10.46,170,BEAN-0195-100g-ESP,0
BEAN-0196,"Console Command Cold Brew",Brazil,"Minas Gerais","Finca Branch Estate",1379,natural,light,2026-05-02,"The Recursion Roastery","uncertainty,dark chocolate,smoky",small-batch,3,1,3,1,5,1,"Recommended by 9 out of 10 over-tired developers.",250g,turkish,15.73,27,BEAN-0196-250g-TUR,0
BEAN-0197,"Tavern Triple Shot",Vietnam,"Đắk Lắk","Finca Null Acres",618,anaerobic,-24.4943,113.7501,medium,2026-04-11,"FIFO Coffee Bar","mango,peanut butter,jasmine,bergamot",open-source,3,6,2,2,5,,500g,moka,23.32,62,BEAN-0197-500g-MOK,0
BEAN-0197,"Tavern Triple Shot",Vietnam,"Đắk Lắk","Finca Null Acres",618,anaerobic,-24.4943,113.7501,medium,2026-04-11,"FIFO Coffee Bar","mango,peanut butter,jasmine,bergamot",open-source,3,6,2,2,5,,100g,espresso,4.8,161,BEAN-0197-100g-ESP,1
BEAN-0197,"Tavern Triple Shot",Vietnam,"Đắk Lắk","Finca Null Acres",618,anaerobic,-24.4943,113.7501,medium,2026-04-11,"FIFO Coffee Bar","mango,peanut butter,jasmine,bergamot",open-source,3,6,2,2,5,,1kg,turkish,44.26,124,BEAN-0197-1kg-TUR,2
BEAN-0198,"Big-O Bourbon",Nicaragua,Jinotega,"Finca The Sandbox",1655,anaerobic,french,2026-04-09,"Loops & Beans",spacetime,"compile-grade,nerd-approved,bird-friendly",4,3,10,1,10,1,100g,aeropress,10.61,77,BEAN-0198-100g-AER,0
BEAN-0198,"Big-O Bourbon",Nicaragua,Jinotega,"Finca The Sandbox",1655,anaerobic,french,2026-04-09,"Loops & Beans",spacetime,"compile-grade,nerd-approved,bird-friendly",4,3,10,1,10,1,500g,french_press,22.04,60,BEAN-0198-500g-FRE,1
BEAN-0198,"Big-O Bourbon",Nicaragua,Jinotega,"Finca The Sandbox",1655,anaerobic,french,2026-04-09,"Loops & Beans",spacetime,"compile-grade,nerd-approved,bird-friendly",4,3,10,1,10,1,250g,whole_bean,18.89,24,BEAN-0198-250g-WHO,2
BEAN-0199,"Boss Battle Brew",Indonesia,Sumatra,"Finca The Sandbox",1337,natural,medium,2026-04-28,"Loops & Beans",,"developer-fuel,battle-tested",3,3,1,1,6,1,"Best paired with a 200 OK.",500g,moka,28.44,194,BEAN-0199-500g-MOK,0
BEAN-0199,"Boss Battle Brew",Indonesia,Sumatra,"Finca The Sandbox",1337,natural,medium,2026-04-28,"Loops & Beans",,"developer-fuel,battle-tested",3,3,1,1,6,1,"Best paired with a 200 OK.",1kg,whole_bean,43.84,13,BEAN-0199-1kg-WHO,1
BEAN-0199,"Boss Battle Brew",Indonesia,Sumatra,"Finca The Sandbox",1337,natural,medium,2026-04-28,"Loops & Beans",,"developer-fuel,battle-tested",3,3,1,1,6,1,"Best paired with a 200 OK.",250g,espresso,17.28,124,BEAN-0199-250g-ESP,2
BEAN-0200,"Cooldown Cold Brew",India,Karnataka,"Finca Heap Hill",1066,natural,french,2025-11-19,"Cache Coherence Coffee",walnut,"small-batch,blend,battle-tested",7,4,7,4,2,1,"Side effects may include: refactoring, enlightenment, productivity.",1kg,espresso,44.73,156,BEAN-0200-1kg-ESP,0
BEAN-0200,"Cooldown Cold Brew",India,Karnataka,"Finca Heap Hill",1066,natural,french,2025-11-19,"Cache Coherence Coffee",walnut,"small-batch,blend,battle-tested",7,4,7,4,2,1,"Side effects may include: refactoring, enlightenment, productivity.",1kg,filter,44.09,184,BEAN-0200-1kg-FIL,1
BEAN-0200,"Cooldown Cold Brew",India,Karnataka,"Finca Heap Hill",1066,natural,french,2025-11-19,"Cache Coherence Coffee",walnut,"small-batch,blend,battle-tested",7,4,7,4,2,1,"Side effects may include: refactoring, enlightenment, productivity.",250g,aeropress,13.87,69,BEAN-0200-250g-AER,2
BEAN-0201,"Yak Shaving Yirgacheffe",Brazil,"Minas Gerais","Finca Stack Plantation",1056,anaerobic,medium-dark,2026-03-29,"Cache Coherence Coffee",blackcurrant,"battle-tested,espresso-friendly",10,9,4,2,7,1,250g,moka,14.79,118,BEAN-0201-250g-MOK,0
BEAN-0201,"Yak Shaving Yirgacheffe",Brazil,"Minas Gerais","Finca Stack Plantation",1056,anaerobic,medium-dark,2026-03-29,"Cache Coherence Coffee",blackcurrant,"battle-tested,espresso-friendly",10,9,4,2,7,1,500g,whole_bean,27.84,188,BEAN-0201-500g-WHO,1
BEAN-0201,"Yak Shaving Yirgacheffe",Brazil,"Minas Gerais","Finca Stack Plantation",1056,anaerobic,medium-dark,2026-03-29,"Cache Coherence Coffee",blackcurrant,"battle-tested,espresso-friendly",10,9,4,2,7,1,250g,espresso,13.62,148,BEAN-0201-250g-ESP,2
BEAN-0202,"Side Quest Sumatra",Colombia,Huila,"Finca La Esperanza",1713,washed,medium-dark,2026-01-02,"Compile Time Coffee Co.","apricot,cardamom,smoky",nerd-approved,8,4,2,9,1,1,"Pairs well with rubber duck debugging.",250g,espresso,13.87,61,BEAN-0202-250g-ESP,0
BEAN-0202,"Side Quest Sumatra",Colombia,Huila,"Finca La Esperanza",1713,washed,medium-dark,2026-01-02,"Compile Time Coffee Co.","apricot,cardamom,smoky",nerd-approved,8,4,2,9,1,1,"Pairs well with rubber duck debugging.",100g,whole_bean,7.84,78,BEAN-0202-100g-WHO,1
BEAN-0202,"Side Quest Sumatra",Colombia,Huila,"Finca La Esperanza",1713,washed,medium-dark,2026-01-02,"Compile Time Coffee Co.","apricot,cardamom,smoky",nerd-approved,8,4,2,9,1,1,"Pairs well with rubber duck debugging.",250g,aeropress,14.67,146,BEAN-0202-250g-AER,2
BEAN-0203,"Daemon Drink",Xanadu,"Summer Palace","Finca Heap Hill",1560,natural,medium,2025-12-02,"Eventual Consistency Roasting",,rainforest-alliance,6,9,1,5,7,1,"If found defective, please file a bug report.",250g,turkish,16.48,158,BEAN-0203-250g-TUR,0
BEAN-0203,"Daemon Drink",Xanadu,"Summer Palace","Finca Heap Hill",1560,natural,medium,2025-12-02,"Eventual Consistency Roasting",,rainforest-alliance,6,9,1,5,7,1,"If found defective, please file a bug report.",500g,aeropress,29.46,131,BEAN-0203-500g-AER,1
BEAN-0203,"Daemon Drink",Xanadu,"Summer Palace","Finca Heap Hill",1560,natural,medium,2025-12-02,"Eventual Consistency Roasting",,rainforest-alliance,6,9,1,5,7,1,"If found defective, please file a bug report.",500g,whole_bean,22.89,93,BEAN-0203-500g-WHO,2
BEAN-0204,"NPC Nitro",Atlantis,"Sunken City","Finca San Miguel",,wet-hulled,french,2026-03-20,"The Recursion Roastery","blueberry,mango",developer-fuel,10,4,4,6,6,1,1kg,filter,43.44,95,BEAN-0204-1kg-FIL,0
BEAN-0204,"NPC Nitro",Atlantis,"Sunken City","Finca San Miguel",,wet-hulled,french,2026-03-20,"The Recursion Roastery","blueberry,mango",developer-fuel,10,4,4,6,6,1,500g,french_press,25.89,134,BEAN-0204-500g-FRE,1
BEAN-0204,"NPC Nitro",Atlantis,"Sunken City","Finca San Miguel",,wet-hulled,french,2026-03-20,"The Recursion Roastery","blueberry,mango",developer-fuel,10,4,4,6,6,1,100g,french_press,9.68,173,BEAN-0204-100g-FRE,2
BEAN-0205,"Wormhole Wakeup","El Dorado","Lake Guatavita","Finca Pure Functional Farm",3244,washed,medium-light,2026-01-14,"Isotope Roasters",,"espresso-friendly,seasonal,single-origin,blend",3,5,2,3,8,1,"Best paired with a 200 OK.",100g,filter,7.33,174,BEAN-0205-100g-FIL,0
BEAN-0205,"Wormhole Wakeup","El Dorado","Lake Guatavita","Finca Pure Functional Farm",3244,washed,medium-light,2026-01-14,"Isotope Roasters",,"espresso-friendly,seasonal,single-origin,blend",3,5,2,3,8,1,"Best paired with a 200 OK.",250g,french_press,13.77,113,BEAN-0205-250g-FRE,1
BEAN-0206,"Tavern Triple Shot",Indonesia,Sumatra,"Finca The Repo",1527,honey,medium-dark,2025-12-14,"Cache Coherence Coffee","tobacco,molasses","nerd-approved,seasonal,decaf,open-source",3,5,4,8,6,1,"Tastes of certainty, with a hint of doubt.",100g,espresso,6.82,116,BEAN-0206-100g-ESP,0
BEAN-0206,"Tavern Triple Shot",Indonesia,Sumatra,"Finca The Repo",1527,honey,medium-dark,2025-12-14,"Cache Coherence Coffee","tobacco,molasses","nerd-approved,seasonal,decaf,open-source",3,5,4,8,6,1,"Tastes of certainty, with a hint of doubt.",250g,moka,18.39,182,BEAN-0206-250g-MOK,1
BEAN-0206,"Tavern Triple Shot",Indonesia,Sumatra,"Finca The Repo",1527,honey,medium-dark,2025-12-14,"Cache Coherence Coffee","tobacco,molasses","nerd-approved,seasonal,decaf,open-source",3,5,4,8,6,1,"Tastes of certainty, with a hint of doubt.",500g,espresso,29.79,181,BEAN-0206-500g-ESP,2
BEAN-0207,"Garbage Collected Gourmet",Colombia,Antioquia,"Finca Branch Estate",1462,natural,medium-dark,2026-03-06,"Tail Call Tea",bergamot,direct-trade,6,3,6,8,9,1,100g,whole_bean,7.24,127,BEAN-0207-100g-WHO,0
BEAN-0207,"Garbage Collected Gourmet",Colombia,Antioquia,"Finca Branch Estate",1462,natural,medium-dark,2026-03-06,"Tail Call Tea",bergamot,direct-trade,6,3,6,8,9,1,250g,french_press,18.42,39,BEAN-0207-250g-FRE,1
BEAN-0207,"Garbage Collected Gourmet",Colombia,Antioquia,"Finca Branch Estate",1462,natural,medium-dark,2026-03-06,"Tail Call Tea",bergamot,direct-trade,6,3,6,8,9,1,100g,aeropress,8.37,129,BEAN-0207-100g-AER,2
BEAN-0208,"Merge Conflict Mocha",Avalon,"Apple Isle","Finca Commit Hill",193,natural,dark,2026-01-18,"Cache Coherence Coffee",,"fair-trade,decaf,production-ready,blend",5,1,7,10,4,1,100g,moka,9.13,149,BEAN-0208-100g-MOK,0
BEAN-0209,"Regex Roast",Colombia,Huila,"Finca The Repo",1542,anaerobic,french,2025-11-21,"Isotope Roasters","cardamom,grapefruit,tobacco,jasmine",shade-grown,7,3,7,6,7,1,"Pairs well with rubber duck debugging.",500g,filter,29.82,143,BEAN-0209-500g-FIL,0
BEAN-0209,"Regex Roast",Colombia,Huila,"Finca The Repo",1542,anaerobic,french,2025-11-21,"Isotope Roasters","cardamom,grapefruit,tobacco,jasmine",shade-grown,7,3,7,6,7,1,"Pairs well with rubber duck debugging.",100g,espresso,9.82,113,BEAN-0209-100g-ESP,1
BEAN-0210,"Alchemist Americano","Mount Olympus",Pelion,"Finca Heap Hill",3196,anaerobic,medium-light,2025-12-12,"Roast & Roll",,"filter-friendly,seasonal",8,9,6,2,10,1,"Recommended by 9 out of 10 over-tired developers.",1kg,aeropress,50.32,106,BEAN-0210-1kg-AER,0
BEAN-0211,"Daemon Drink",Vietnam,"Đắk Lắk","Finca Heap Hill",495,honey,dark,2026-01-06,"Compile Time Coffee Co.","molasses,floral","production-ready,nerd-approved,small-batch,organic",1,3,5,5,8,,"Ships with no warranty, express or implied.",500g,french_press,23.43,176,BEAN-0211-500g-FRE,0
BEAN-0211,"Daemon Drink",Vietnam,"Đắk Lắk","Finca Heap Hill",495,honey,dark,2026-01-06,"Compile Time Coffee Co.","molasses,floral","production-ready,nerd-approved,small-batch,organic",1,3,5,5,8,,"Ships with no warranty, express or implied.",250g,whole_bean,11.95,70,BEAN-0211-250g-WHO,1
BEAN-0211,"Daemon Drink",Vietnam,"Đắk Lắk","Finca Heap Hill",495,honey,dark,2026-01-06,"Compile Time Coffee Co.","molasses,floral","production-ready,nerd-approved,small-batch,organic",1,3,5,5,8,,"Ships with no warranty, express or implied.",1kg,whole_bean,47.79,92,BEAN-0211-1kg-WHO,2
BEAN-0212,"Riemann Roast",Kenya,Nyeri,"Finca Pure Functional Farm",2198,washed,medium,2025-12-31,"The Bean Counters",,"espresso-friendly,open-source,fair-trade",3,6,8,3,6,1,"Has been peer-reviewed.",1kg,aeropress,50.3,91,BEAN-0212-1kg-AER,0
BEAN-0212,"Riemann Roast",Kenya,Nyeri,"Finca Pure Functional Farm",2198,washed,medium,2025-12-31,"The Bean Counters",,"espresso-friendly,open-source,fair-trade",3,6,8,3,6,1,"Has been peer-reviewed.",100g,filter,6.33,163,BEAN-0212-100g-FIL,1
BEAN-0213,"Rogue Roast",Ethiopia,Sidamo,"Finca The Sandbox",1906,natural,dark,2026-02-18,"Cache Coherence Coffee","raspberry,tail-call sweetness","blend,production-ready,shade-grown",3,1,3,9,5,1,"A bold roast that compiles cleanly on the first run.",500g,espresso,22.82,39,BEAN-0213-500g-ESP,0
BEAN-0213,"Rogue Roast",Ethiopia,Sidamo,"Finca The Sandbox",1906,natural,dark,2026-02-18,"Cache Coherence Coffee","raspberry,tail-call sweetness","blend,production-ready,shade-grown",3,1,3,9,5,1,"A bold roast that compiles cleanly on the first run.",250g,turkish,12.51,143,BEAN-0213-250g-TUR,1
BEAN-0213,"Rogue Roast",Ethiopia,Sidamo,"Finca The Sandbox",1906,natural,dark,2026-02-18,"Cache Coherence Coffee","raspberry,tail-call sweetness","blend,production-ready,shade-grown",3,1,3,9,5,1,"A bold roast that compiles cleanly on the first run.",100g,french_press,7.68,19,BEAN-0213-100g-FRE,2
BEAN-0214,"Tail Recursion Tonic",Atlantis,"Sunken City","Finca Null Acres",,natural,-3.8848,-87.7401,medium-dark,2025-12-10,"Pure Function Pour-Over","orange,victory","organic,blend,small-batch",3,3,4,5,3,1,"Smooth like a well-balanced API.",1kg,aeropress,49.1,28,BEAN-0214-1kg-AER,0
BEAN-0214,"Tail Recursion Tonic",Atlantis,"Sunken City","Finca Null Acres",,natural,-3.8848,-87.7401,medium-dark,2025-12-10,"Pure Function Pour-Over","orange,victory","organic,blend,small-batch",3,3,4,5,3,1,"Smooth like a well-balanced API.",100g,whole_bean,10.2,193,BEAN-0214-100g-WHO,1
BEAN-0214,"Tail Recursion Tonic",Atlantis,"Sunken City","Finca Null Acres",,natural,-3.8848,-87.7401,medium-dark,2025-12-10,"Pure Function Pour-Over","orange,victory","organic,blend,small-batch",3,3,4,5,3,1,"Smooth like a well-balanced API.",1kg,whole_bean,44.57,8,BEAN-0214-1kg-WHO,2
BEAN-0214,"Tail Recursion Tonic",Atlantis,"Sunken City","Finca Null Acres",,natural,-3.8848,-87.7401,medium-dark,2025-12-10,"Pure Function Pour-Over","orange,victory","organic,blend,small-batch",3,3,4,5,3,1,"Smooth like a well-balanced API.",100g,french_press,4.95,64,BEAN-0214-100g-FRE,3
BEAN-0215,"Vim Vortex",India,Karnataka,"Finca The Mainframe",1361,natural,-10.0189,20.923,french,2026-02-11,"Bit Roasters",,"limited-edition,open-source",6,6,3,9,10,1,100g,turkish,8.63,3,BEAN-0215-100g-TUR,0
BEAN-0215,"Vim Vortex",India,Karnataka,"Finca The Mainframe",1361,natural,-10.0189,20.923,french,2026-02-11,"Bit Roasters",,"limited-edition,open-source",6,6,3,9,10,1,250g,aeropress,12.53,72,BEAN-0215-250g-AER,1
BEAN-0215,"Vim Vortex",India,Karnataka,"Finca The Mainframe",1361,natural,-10.0189,20.923,french,2026-02-11,"Bit Roasters",,"limited-edition,open-source",6,6,3,9,10,1,250g,turkish,15.3,185,BEAN-0215-250g-TUR,2
BEAN-0216,"Cooldown Cold Brew",Brazil,Mogiana,"Finca Commit Hill",1125,washed,medium-light,2026-02-10,"Daemon Roasters","bergamot,peach,berry","blend,direct-trade,battle-tested,nerd-approved",2,9,3,8,6,1,"Ships with no warranty, express or implied.",100g,whole_bean,6.62,29,BEAN-0216-100g-WHO,0
BEAN-0216,"Cooldown Cold Brew",Brazil,Mogiana,"Finca Commit Hill",1125,washed,medium-light,2026-02-10,"Daemon Roasters","bergamot,peach,berry","blend,direct-trade,battle-tested,nerd-approved",2,9,3,8,6,1,"Ships with no warranty, express or implied.",1kg,filter,46.66,188,BEAN-0216-1kg-FIL,1
BEAN-0216,"Cooldown Cold Brew",Brazil,Mogiana,"Finca Commit Hill",1125,washed,medium-light,2026-02-10,"Daemon Roasters","bergamot,peach,berry","blend,direct-trade,battle-tested,nerd-approved",2,9,3,8,6,1,"Ships with no warranty, express or implied.",500g,aeropress,29.81,113,BEAN-0216-500g-AER,2
BEAN-0217,"Mutex Latte",Hyperborea,"Northern Reaches","Finca Stack Plantation",1710,honey,medium-light,2026-05-08,"FIFO Coffee Bar","tail-call sweetness,almond,cardamom","compile-grade,single-origin,blend,decaf",7,7,10,2,3,,"Brewed under the careful eye of our QA team.",500g,espresso,26.76,103,BEAN-0217-500g-ESP,0
BEAN-0217,"Mutex Latte",Hyperborea,"Northern Reaches","Finca Stack Plantation",1710,honey,medium-light,2026-05-08,"FIFO Coffee Bar","tail-call sweetness,almond,cardamom","compile-grade,single-origin,blend,decaf",7,7,10,2,3,,"Brewed under the careful eye of our QA team.",100g,espresso,10.7,185,BEAN-0217-100g-ESP,1
BEAN-0217,"Mutex Latte",Hyperborea,"Northern Reaches","Finca Stack Plantation",1710,honey,medium-light,2026-05-08,"FIFO Coffee Bar","tail-call sweetness,almond,cardamom","compile-grade,single-origin,blend,decaf",7,7,10,2,3,,"Brewed under the careful eye of our QA team.",1kg,filter,49.12,196,BEAN-0217-1kg-FIL,2
BEAN-0217,"Mutex Latte",Hyperborea,"Northern Reaches","Finca Stack Plantation",1710,honey,medium-light,2026-05-08,"FIFO Coffee Bar","tail-call sweetness,almond,cardamom","compile-grade,single-origin,blend,decaf",7,7,10,2,3,,"Brewed under the careful eye of our QA team.",500g,turkish,28.32,164,BEAN-0217-500g-TUR,3
BEAN-0218,"Cosmic Ray Roast",Kenya,Nyeri,"Finca Loop Holdings",1961,natural,medium-dark,2026-04-14,"ASCII Coffee","tobacco,berry","organic,blend",1,2,8,1,3,1,"Now with 30% fewer race conditions.",250g,filter,15.98,24,BEAN-0218-250g-FIL,0
BEAN-0218,"Cosmic Ray Roast",Kenya,Nyeri,"Finca Loop Holdings",1961,natural,medium-dark,2026-04-14,"ASCII Coffee","tobacco,berry","organic,blend",1,2,8,1,3,1,"Now with 30% fewer race conditions.",100g,aeropress,10.01,196,BEAN-0218-100g-AER,1
BEAN-0218,"Cosmic Ray Roast",Kenya,Nyeri,"Finca Loop Holdings",1961,natural,medium-dark,2026-04-14,"ASCII Coffee","tobacco,berry","organic,blend",1,2,8,1,3,1,"Now with 30% fewer race conditions.",1kg,turkish,46.73,75,BEAN-0218-1kg-TUR,2
BEAN-0219,"Alchemist Americano",Xanadu,"Summer Palace","Finca The Repo",1476,washed,light,2026-01-21,"ASCII Coffee","earthy,jasmine,cinnamon","nerd-approved,fair-trade,open-source,espresso-friendly",9,5,3,8,7,,"Pairs well with rubber duck debugging.",1kg,turkish,43.88,172,BEAN-0219-1kg-TUR,0
BEAN-0219,"Alchemist Americano",Xanadu,"Summer Palace","Finca The Repo",1476,washed,light,2026-01-21,"ASCII Coffee","earthy,jasmine,cinnamon","nerd-approved,fair-trade,open-source,espresso-friendly",9,5,3,8,7,,"Pairs well with rubber duck debugging.",1kg,aeropress,47.43,138,BEAN-0219-1kg-AER,1
BEAN-0219,"Alchemist Americano",Xanadu,"Summer Palace","Finca The Repo",1476,washed,light,2026-01-21,"ASCII Coffee","earthy,jasmine,cinnamon","nerd-approved,fair-trade,open-source,espresso-friendly",9,5,3,8,7,,"Pairs well with rubber duck debugging.",1kg,french_press,47.5,40,BEAN-0219-1kg-FRE,2
BEAN-0220,"Singularity Sumatra",Hawaii,Kona,"Finca Null Acres",946,honey,medium,2026-04-26,"Bit Roasters","milk chocolate,peanut butter,lavender,hibiscus",direct-trade,7,2,7,6,6,1,250g,espresso,12.88,79,BEAN-0220-250g-ESP,0
BEAN-0221,"Tail Recursion Tonic",Ethiopia,Sidamo,"Finca Bit Bucket",1772,washed,dark,2026-02-17,"Compile Time Coffee Co.","compile-time aroma,nutmeg,honey","limited-edition,organic,developer-fuel,open-source",6,7,10,7,6,1,"Now with 30% fewer race conditions.",100g,aeropress,9.4,86,BEAN-0221-100g-AER,0
BEAN-0221,"Tail Recursion Tonic",Ethiopia,Sidamo,"Finca Bit Bucket",1772,washed,dark,2026-02-17,"Compile Time Coffee Co.","compile-time aroma,nutmeg,honey","limited-edition,organic,developer-fuel,open-source",6,7,10,7,6,1,"Now with 30% fewer race conditions.",1kg,moka,49.49,170,BEAN-0221-1kg-MOK,1
BEAN-0221,"Tail Recursion Tonic",Ethiopia,Sidamo,"Finca Bit Bucket",1772,washed,dark,2026-02-17,"Compile Time Coffee Co.","compile-time aroma,nutmeg,honey","limited-edition,organic,developer-fuel,open-source",6,7,10,7,6,1,"Now with 30% fewer race conditions.",500g,espresso,26.92,93,BEAN-0221-500g-ESP,2
BEAN-0221,"Tail Recursion Tonic",Ethiopia,Sidamo,"Finca Bit Bucket",1772,washed,dark,2026-02-17,"Compile Time Coffee Co.","compile-time aroma,nutmeg,honey","limited-edition,organic,developer-fuel,open-source",6,7,10,7,6,1,"Now with 30% fewer race conditions.",1kg,espresso,46.98,19,BEAN-0221-1kg-ESP,3
BEAN-0222,"Segfault Single Origin",India,Karnataka,"Finca The Sandbox",1105,natural,dark,2026-04-18,"The Bean Counters",,"limited-edition,single-origin,compile-grade",8,7,4,6,2,1,"Fuel for the 3am production incident.",500g,french_press,27.31,80,BEAN-0222-500g-FRE,0
BEAN-0222,"Segfault Single Origin",India,Karnataka,"Finca The Sandbox",1105,natural,dark,2026-04-18,"The Bean Counters",,"limited-edition,single-origin,compile-grade",8,7,4,6,2,1,"Fuel for the 3am production incident.",250g,french_press,14.22,159,BEAN-0222-250g-FRE,1
BEAN-0223,"404: Bean Not Found ☕",Jamaica,"Blue Mountain","Finca The Repo",1660,natural,dark,2026-01-04,"Loops & Beans","raspberry,spacetime,mango","open-source,fair-trade,compile-grade,filter-friendly",6,8,3,4,3,1,"Best paired with a 200 OK.",1kg,french_press,45.55,16,BEAN-0223-1kg-FRE,0
BEAN-0223,"404: Bean Not Found ☕",Jamaica,"Blue Mountain","Finca The Repo",1660,natural,dark,2026-01-04,"Loops & Beans","raspberry,spacetime,mango","open-source,fair-trade,compile-grade,filter-friendly",6,8,3,4,3,1,"Best paired with a 200 OK.",250g,turkish,14.3,73,BEAN-0223-250g-TUR,1
BEAN-0223,"404: Bean Not Found ☕",Jamaica,"Blue Mountain","Finca The Repo",1660,natural,dark,2026-01-04,"Loops & Beans","raspberry,spacetime,mango","open-source,fair-trade,compile-grade,filter-friendly",6,8,3,4,3,1,"Best paired with a 200 OK.",250g,filter,16.49,60,BEAN-0223-250g-FIL,2
BEAN-0224,"Tavern Triple Shot",Hyperborea,"Northern Reaches","Finca Stack Plantation",1458,anaerobic,dark,2026-01-20,"SIGTERM Single Origin",,"espresso-friendly,limited-edition",3,1,5,5,9,1,"Brewed under the careful eye of our QA team.",1kg,turkish,43.16,21,BEAN-0224-1kg-TUR,0
BEAN-0224,"Tavern Triple Shot",Hyperborea,"Northern Reaches","Finca Stack Plantation",1458,anaerobic,dark,2026-01-20,"SIGTERM Single Origin",,"espresso-friendly,limited-edition",3,1,5,5,9,1,"Brewed under the careful eye of our QA team.",500g,moka,24.38,16,BEAN-0224-500g-MOK,1
BEAN-0224,"Tavern Triple Shot",Hyperborea,"Northern Reaches","Finca Stack Plantation",1458,anaerobic,dark,2026-01-20,"SIGTERM Single Origin",,"espresso-friendly,limited-edition",3,1,5,5,9,1,"Brewed under the careful eye of our QA team.",1kg,filter,48.37,23,BEAN-0224-1kg-FIL,2
BEAN-0224,"Tavern Triple Shot",Hyperborea,"Northern Reaches","Finca Stack Plantation",1458,anaerobic,dark,2026-01-20,"SIGTERM Single Origin",,"espresso-friendly,limited-edition",3,1,5,5,9,1,"Brewed under the careful eye of our QA team.",250g,espresso,11.9,188,BEAN-0224-250g-ESP,3
BEAN-0225,"Necromancer Nitro",Rwanda,Nyamasheke,"Finca Stack Plantation",1728,washed,42.6764,43.2792,medium-light,2025-12-09,"ASCII Coffee","rose,molasses","small-batch,bird-friendly,filter-friendly,decaf",2,3,4,5,8,1,100g,french_press,8.27,179,BEAN-0225-100g-FRE,0
BEAN-0225,"Necromancer Nitro",Rwanda,Nyamasheke,"Finca Stack Plantation",1728,washed,42.6764,43.2792,medium-light,2025-12-09,"ASCII Coffee","rose,molasses","small-batch,bird-friendly,filter-friendly,decaf",2,3,4,5,8,1,100g,filter,8.37,121,BEAN-0225-100g-FIL,1
BEAN-0225,"Necromancer Nitro",Rwanda,Nyamasheke,"Finca Stack Plantation",1728,washed,42.6764,43.2792,medium-light,2025-12-09,"ASCII Coffee","rose,molasses","small-batch,bird-friendly,filter-friendly,decaf",2,3,4,5,8,1,250g,filter,18.04,37,BEAN-0225-250g-FIL,2
BEAN-0225,"Necromancer Nitro",Rwanda,Nyamasheke,"Finca Stack Plantation",1728,washed,42.6764,43.2792,medium-light,2025-12-09,"ASCII Coffee","rose,molasses","small-batch,bird-friendly,filter-friendly,decaf",2,3,4,5,8,1,500g,french_press,27.73,78,BEAN-0225-500g-FRE,3
BEAN-0226,"Off-By-One Latte",Atlantis,"Sunken City","Finca The Sandbox",,natural,medium,2025-12-21,"Daemon Roasters","spacetime,the smell of merged PRs","blend,production-ready,small-batch",8,7,1,7,5,1,250g,filter,12.68,41,BEAN-0226-250g-FIL,0
BEAN-0226,"Off-By-One Latte",Atlantis,"Sunken City","Finca The Sandbox",,natural,medium,2025-12-21,"Daemon Roasters","spacetime,the smell of merged PRs","blend,production-ready,small-batch",8,7,1,7,5,1,1kg,aeropress,45.54,196,BEAN-0226-1kg-AER,1
BEAN-0226,"Off-By-One Latte",Atlantis,"Sunken City","Finca The Sandbox",,natural,medium,2025-12-21,"Daemon Roasters","spacetime,the smell of merged PRs","blend,production-ready,small-batch",8,7,1,7,5,1,1kg,turkish,43.27,20,BEAN-0226-1kg-TUR,2
BEAN-0226,"Off-By-One Latte",Atlantis,"Sunken City","Finca The Sandbox",,natural,medium,2025-12-21,"Daemon Roasters","spacetime,the smell of merged PRs","blend,production-ready,small-batch",8,7,1,7,5,1,1kg,french_press,48.9,85,BEAN-0226-1kg-FRE,3
BEAN-0227,"Rickroll Latte",Brazil,Mogiana,"Finca Loop Holdings",1257,wet-hulled,light,2026-02-10,"SIGTERM Single Origin","regret,pineapple,ambition,jasmine","organic,fair-trade,espresso-friendly,nerd-approved",3,1,7,4,5,1,250g,espresso,15.13,196,BEAN-0227-250g-ESP,0
BEAN-0228,"Riemann Roast",Nicaragua,Jinotega,"Finca Null Acres",1705,anaerobic,medium-dark,2026-04-07,"Stack Trace Roasters","tail-call sweetness","seasonal,filter-friendly,single-origin",7,6,3,7,7,1,"A bold roast that compiles cleanly on the first run.",250g,whole_bean,18.58,142,BEAN-0228-250g-WHO,0
BEAN-0228,"Riemann Roast",Nicaragua,Jinotega,"Finca Null Acres",1705,anaerobic,medium-dark,2026-04-07,"Stack Trace Roasters","tail-call sweetness","seasonal,filter-friendly,single-origin",7,6,3,7,7,1,"A bold roast that compiles cleanly on the first run.",1kg,espresso,45.09,43,BEAN-0228-1kg-ESP,1
BEAN-0228,"Riemann Roast",Nicaragua,Jinotega,"Finca Null Acres",1705,anaerobic,medium-dark,2026-04-07,"Stack Trace Roasters","tail-call sweetness","seasonal,filter-friendly,single-origin",7,6,3,7,7,1,"A bold roast that compiles cleanly on the first run.",100g,french_press,8.94,153,BEAN-0228-100g-FRE,2
BEAN-0228,"Riemann Roast",Nicaragua,Jinotega,"Finca Null Acres",1705,anaerobic,medium-dark,2026-04-07,"Stack Trace Roasters","tail-call sweetness","seasonal,filter-friendly,single-origin",7,6,3,7,7,1,"A bold roast that compiles cleanly on the first run.",500g,espresso,22.71,94,BEAN-0228-500g-ESP,3
BEAN-0229,"Light-Speed Latte",Avalon,"Apple Isle","Finca Stack Plantation",371,anaerobic,light,2026-03-15,"Loops & Beans",raspberry,"developer-fuel,rainforest-alliance,decaf",7,4,10,4,5,1,"Brewed under the careful eye of our QA team.",250g,french_press,17.34,7,BEAN-0229-250g-FRE,0
BEAN-0229,"Light-Speed Latte",Avalon,"Apple Isle","Finca Stack Plantation",371,anaerobic,light,2026-03-15,"Loops & Beans",raspberry,"developer-fuel,rainforest-alliance,decaf",7,4,10,4,5,1,"Brewed under the careful eye of our QA team.",500g,filter,23.88,115,BEAN-0229-500g-FIL,1
BEAN-0230,"Goto Statement Espresso",Colombia,Huila,"Finca Bit Bucket",1740,honey,french,2026-01-30,"FIFO Coffee Bar",victory,"bird-friendly,limited-edition,single-origin,blend",9,1,1,6,4,1,100g,whole_bean,6.03,158,BEAN-0230-100g-WHO,0
BEAN-0230,"Goto Statement Espresso",Colombia,Huila,"Finca Bit Bucket",1740,honey,french,2026-01-30,"FIFO Coffee Bar",victory,"bird-friendly,limited-edition,single-origin,blend",9,1,1,6,4,1,1kg,filter,50.82,171,BEAN-0230-1kg-FIL,1
BEAN-0231,"Grinding Gold",Brazil,Mogiana,"Finca Bit Bucket",1033,wet-hulled,medium-dark,2026-02-14,"Eventual Consistency Roasting",hazelnut,"compile-grade,bird-friendly,decaf",5,2,6,1,3,1,"Has been peer-reviewed.",500g,aeropress,24.88,110,BEAN-0231-500g-AER,0
BEAN-0231,"Grinding Gold",Brazil,Mogiana,"Finca Bit Bucket",1033,wet-hulled,medium-dark,2026-02-14,"Eventual Consistency Roasting",hazelnut,"compile-grade,bird-friendly,decaf",5,2,6,1,3,1,"Has been peer-reviewed.",500g,filter,26.9,194,BEAN-0231-500g-FIL,1
BEAN-0231,"Grinding Gold",Brazil,Mogiana,"Finca Bit Bucket",1033,wet-hulled,medium-dark,2026-02-14,"Eventual Consistency Roasting",hazelnut,"compile-grade,bird-friendly,decaf",5,2,6,1,3,1,"Has been peer-reviewed.",500g,moka,24.5,42,BEAN-0231-500g-MOK,2
BEAN-0231,"Grinding Gold",Brazil,Mogiana,"Finca Bit Bucket",1033,wet-hulled,medium-dark,2026-02-14,"Eventual Consistency Roasting",hazelnut,"compile-grade,bird-friendly,decaf",5,2,6,1,3,1,"Has been peer-reviewed.",1kg,turkish,50.6,142,BEAN-0231-1kg-TUR,3
BEAN-0232,"DNS Drip",Brazil,"Minas Gerais","Finca The Mainframe",1027,natural,light,2026-01-11,"Stack Trace Roasters",victory,"bird-friendly,blend,developer-fuel,fair-trade",8,6,9,8,8,1,"Single-origin, single-threaded, single-purpose.",250g,whole_bean,13.8,52,BEAN-0232-250g-WHO,0
BEAN-0232,"DNS Drip",Brazil,"Minas Gerais","Finca The Mainframe",1027,natural,light,2026-01-11,"Stack Trace Roasters",victory,"bird-friendly,blend,developer-fuel,fair-trade",8,6,9,8,8,1,"Single-origin, single-threaded, single-purpose.",500g,espresso,28.68,191,BEAN-0232-500g-ESP,1
BEAN-0232,"DNS Drip",Brazil,"Minas Gerais","Finca The Mainframe",1027,natural,light,2026-01-11,"Stack Trace Roasters",victory,"bird-friendly,blend,developer-fuel,fair-trade",8,6,9,8,8,1,"Single-origin, single-threaded, single-purpose.",500g,moka,29.13,149,BEAN-0232-500g-MOK,2
BEAN-0232,"DNS Drip",Brazil,"Minas Gerais","Finca The Mainframe",1027,natural,light,2026-01-11,"Stack Trace Roasters",victory,"bird-friendly,blend,developer-fuel,fair-trade",8,6,9,8,8,1,"Single-origin, single-threaded, single-purpose.",250g,moka,18.98,1,BEAN-0232-250g-MOK,3
BEAN-0233,"Goroutine Gold",Avalon,"Apple Isle","Finca Commit Hill",155,washed,41.633,-6.094,medium,2026-05-05,"Buffer Overflow Brewing",,"shade-grown,open-source,blend,direct-trade",3,1,2,8,8,1,"Tastes of certainty, with a hint of doubt.",100g,filter,11.76,167,BEAN-0233-100g-FIL,0
BEAN-0233,"Goroutine Gold",Avalon,"Apple Isle","Finca Commit Hill",155,washed,41.633,-6.094,medium,2026-05-05,"Buffer Overflow Brewing",,"shade-grown,open-source,blend,direct-trade",3,1,2,8,8,1,"Tastes of certainty, with a hint of doubt.",1kg,filter,50.58,187,BEAN-0233-1kg-FIL,1
BEAN-0233,"Goroutine Gold",Avalon,"Apple Isle","Finca Commit Hill",155,washed,41.633,-6.094,medium,2026-05-05,"Buffer Overflow Brewing",,"shade-grown,open-source,blend,direct-trade",3,1,2,8,8,1,"Tastes of certainty, with a hint of doubt.",250g,espresso,17.91,164,BEAN-0233-250g-ESP,2
BEAN-0233,"Goroutine Gold",Avalon,"Apple Isle","Finca Commit Hill",155,washed,41.633,-6.094,medium,2026-05-05,"Buffer Overflow Brewing",,"shade-grown,open-source,blend,direct-trade",3,1,2,8,8,1,"Tastes of certainty, with a hint of doubt.",500g,filter,28.39,190,BEAN-0233-500g-FIL,3
BEAN-0234,"Druid's Drip",Xanadu,"Summer Palace","Finca San Miguel",1404,washed,medium-light,2026-03-31,"Daemon Roasters","blackcurrant,uncertainty,Sunday afternoon","blend,seasonal",8,7,5,10,3,1,"Recommended by 9 out of 10 over-tired developers.",500g,moka,23.6,114,BEAN-0234-500g-MOK,0
BEAN-0235,"Semicolon Sumatra",Avalon,"Apple Isle","Finca The Sandbox",116,honey,dark,2026-03-25,"SIGTERM Single Origin","hazelnut,milk chocolate,peach","nerd-approved,small-batch,decaf",8,9,9,2,5,1,"Best paired with a 200 OK.",1kg,filter,44.19,32,BEAN-0235-1kg-FIL,0
BEAN-0236,"Merge Conflict Mocha",India,Karnataka,"Finca The Repo",924,washed,light,2025-12-31,"ASCII Coffee","nutmeg,clove,almond,woody","shade-grown,limited-edition,single-origin",9,1,2,8,3,1,"Brewed under the careful eye of our QA team.",100g,whole_bean,7.33,180,BEAN-0236-100g-WHO,0
BEAN-0236,"Merge Conflict Mocha",India,Karnataka,"Finca The Repo",924,washed,light,2025-12-31,"ASCII Coffee","nutmeg,clove,almond,woody","shade-grown,limited-edition,single-origin",9,1,2,8,3,1,"Brewed under the careful eye of our QA team.",500g,filter,26.7,116,BEAN-0236-500g-FIL,1
BEAN-0236,"Merge Conflict Mocha",India,Karnataka,"Finca The Repo",924,washed,light,2025-12-31,"ASCII Coffee","nutmeg,clove,almond,woody","shade-grown,limited-edition,single-origin",9,1,2,8,3,1,"Brewed under the careful eye of our QA team.",1kg,moka,49.46,87,BEAN-0236-1kg-MOK,2
BEAN-0236,"Merge Conflict Mocha",India,Karnataka,"Finca The Repo",924,washed,light,2025-12-31,"ASCII Coffee","nutmeg,clove,almond,woody","shade-grown,limited-edition,single-origin",9,1,2,8,3,1,"Brewed under the careful eye of our QA team.",250g,espresso,12.48,191,BEAN-0236-250g-ESP,3
BEAN-0237,"Console Command Cold Brew",Colombia,Huila,"Finca Heap Hill",1502,washed,light,2026-03-29,"The Daily Brew","woody,the smell of merged PRs,cardamom","seasonal,shade-grown,rainforest-alliance,battle-tested",2,3,3,1,4,,"Single-origin, single-threaded, single-purpose.",250g,turkish,11.21,123,BEAN-0237-250g-TUR,0
BEAN-0238,"Mage's Mocha",Tanzania,Kilimanjaro,"Finca San Miguel",1597,honey,medium-dark,2026-04-04,"Idempotent Espresso","dark chocolate,walnut,lemon","nerd-approved,developer-fuel",8,1,8,10,4,1,1kg,whole_bean,45.67,26,BEAN-0238-1kg-WHO,0
BEAN-0238,"Mage's Mocha",Tanzania,Kilimanjaro,"Finca San Miguel",1597,honey,medium-dark,2026-04-04,"Idempotent Espresso","dark chocolate,walnut,lemon","nerd-approved,developer-fuel",8,1,8,10,4,1,1kg,french_press,49.79,188,BEAN-0238-1kg-FRE,1
BEAN-0238,"Mage's Mocha",Tanzania,Kilimanjaro,"Finca San Miguel",1597,honey,medium-dark,2026-04-04,"Idempotent Espresso","dark chocolate,walnut,lemon","nerd-approved,developer-fuel",8,1,8,10,4,1,500g,whole_bean,25.9,124,BEAN-0238-500g-WHO,2
BEAN-0239,"Doge Roast (Such Bean, Much Brew)",Xanadu,"Summer Palace","Finca The Mainframe",1449,washed,dark,2026-05-07,"SIGTERM Single Origin","jasmine,pineapple,vanilla,raspberry","developer-fuel,blend,battle-tested,shade-grown",8,7,1,3,5,1,"Side effects may include: refactoring, enlightenment, productivity.",1kg,espresso,47.06,150,BEAN-0239-1kg-ESP,0
BEAN-0239,"Doge Roast (Such Bean, Much Brew)",Xanadu,"Summer Palace","Finca The Mainframe",1449,washed,dark,2026-05-07,"SIGTERM Single Origin","jasmine,pineapple,vanilla,raspberry","developer-fuel,blend,battle-tested,shade-grown",8,7,1,3,5,1,"Side effects may include: refactoring, enlightenment, productivity.",500g,moka,28.83,183,BEAN-0239-500g-MOK,1
BEAN-0239,"Doge Roast (Such Bean, Much Brew)",Xanadu,"Summer Palace","Finca The Mainframe",1449,washed,dark,2026-05-07,"SIGTERM Single Origin","jasmine,pineapple,vanilla,raspberry","developer-fuel,blend,battle-tested,shade-grown",8,7,1,3,5,1,"Side effects may include: refactoring, enlightenment, productivity.",500g,aeropress,27.69,106,BEAN-0239-500g-AER,2
BEAN-0240,"White Dwarf Drip","El Dorado","Lake Guatavita","Finca Bit Bucket",3397,wet-hulled,medium-light,2026-02-28,"Isotope Roasters","peanut butter,orange,grapefruit","battle-tested,developer-fuel",2,7,8,5,4,1,"Ships with no warranty, express or implied.",100g,filter,11.05,91,BEAN-0240-100g-FIL,0
BEAN-0241,"Big Endian Blend","El Dorado","Lake Guatavita","Finca Null Acres",2932,anaerobic,light,2025-12-04,"Function Call Cafe",,"developer-fuel,limited-edition",6,6,1,9,5,1,"Now with 30% fewer race conditions.",100g,aeropress,4.4,112,BEAN-0241-100g-AER,0
BEAN-0241,"Big Endian Blend","El Dorado","Lake Guatavita","Finca Null Acres",2932,anaerobic,light,2025-12-04,"Function Call Cafe",,"developer-fuel,limited-edition",6,6,1,9,5,1,"Now with 30% fewer race conditions.",1kg,turkish,49.05,27,BEAN-0241-1kg-TUR,1
BEAN-0241,"Big Endian Blend","El Dorado","Lake Guatavita","Finca Null Acres",2932,anaerobic,light,2025-12-04,"Function Call Cafe",,"developer-fuel,limited-edition",6,6,1,9,5,1,"Now with 30% fewer race conditions.",100g,turkish,8.5,129,BEAN-0241-100g-TUR,2
BEAN-0241,"Big Endian Blend","El Dorado","Lake Guatavita","Finca Null Acres",2932,anaerobic,light,2025-12-04,"Function Call Cafe",,"developer-fuel,limited-edition",6,6,1,9,5,1,"Now with 30% fewer race conditions.",100g,espresso,9.04,52,BEAN-0241-100g-ESP,3
BEAN-0242,"Rogue Roast",Rwanda,Nyamasheke,"Finca Pure Functional Farm",1855,washed,medium-light,2025-11-27,"Tail Call Tea","peanut butter,walnut","nerd-approved,bird-friendly",1,4,8,6,5,1,"Has been peer-reviewed.",500g,aeropress,28.04,92,BEAN-0242-500g-AER,0
BEAN-0243,"Nebula Nitro","El Dorado","Lake Guatavita","Finca Bit Bucket",3016,anaerobic,medium-dark,2026-01-27,"Eventual Consistency Roasting","tail-call sweetness,lavender,dark chocolate,earthy","organic,compile-grade",2,2,6,6,7,1,100g,french_press,10.07,169,BEAN-0243-100g-FRE,0
BEAN-0243,"Nebula Nitro","El Dorado","Lake Guatavita","Finca Bit Bucket",3016,anaerobic,medium-dark,2026-01-27,"Eventual Consistency Roasting","tail-call sweetness,lavender,dark chocolate,earthy","organic,compile-grade",2,2,6,6,7,1,250g,moka,11.46,161,BEAN-0243-250g-MOK,1
BEAN-0244,"Merge Conflict Mocha",Nicaragua,Jinotega,"Finca Commit Hill",1505,wet-hulled,medium,2026-02-20,"Tail Call Tea",,"compile-grade,decaf,rainforest-alliance",8,4,9,10,10,1,"Now with 30% fewer race conditions.",1kg,turkish,44.58,77,BEAN-0244-1kg-TUR,0
BEAN-0244,"Merge Conflict Mocha",Nicaragua,Jinotega,"Finca Commit Hill",1505,wet-hulled,medium,2026-02-20,"Tail Call Tea",,"compile-grade,decaf,rainforest-alliance",8,4,9,10,10,1,"Now with 30% fewer race conditions.",100g,whole_bean,8.3,99,BEAN-0244-100g-WHO,1
BEAN-0244,"Merge Conflict Mocha",Nicaragua,Jinotega,"Finca Commit Hill",1505,wet-hulled,medium,2026-02-20,"Tail Call Tea",,"compile-grade,decaf,rainforest-alliance",8,4,9,10,10,1,"Now with 30% fewer race conditions.",250g,moka,18.94,72,BEAN-0244-250g-MOK,2
BEAN-0245,"Paladin Pour-Over",Jamaica,"Blue Mountain","Finca La Esperanza",1381,washed,dark,2025-12-11,"Stack Trace Roasters",floral,"compile-grade,blend,fair-trade,shade-grown",5,9,6,2,1,1,"Recommended by 9 out of 10 over-tired developers.",1kg,filter,47.58,1,BEAN-0245-1kg-FIL,0
BEAN-0245,"Paladin Pour-Over",Jamaica,"Blue Mountain","Finca La Esperanza",1381,washed,dark,2025-12-11,"Stack Trace Roasters",floral,"compile-grade,blend,fair-trade,shade-grown",5,9,6,2,1,1,"Recommended by 9 out of 10 over-tired developers.",250g,turkish,16.97,148,BEAN-0245-250g-TUR,1
BEAN-0245,"Paladin Pour-Over",Jamaica,"Blue Mountain","Finca La Esperanza",1381,washed,dark,2025-12-11,"Stack Trace Roasters",floral,"compile-grade,blend,fair-trade,shade-grown",5,9,6,2,1,1,"Recommended by 9 out of 10 over-tired developers.",250g,filter,13.39,170,BEAN-0245-250g-FIL,2
BEAN-0245,"Paladin Pour-Over",Jamaica,"Blue Mountain","Finca La Esperanza",1381,washed,dark,2025-12-11,"Stack Trace Roasters",floral,"compile-grade,blend,fair-trade,shade-grown",5,9,6,2,1,1,"Recommended by 9 out of 10 over-tired developers.",250g,aeropress,14.02,188,BEAN-0245-250g-AER,3
BEAN-0246,"Necromancer Nitro",Guatemala,Antigua,"Finca San Miguel",1632,natural,french,2026-01-23,"SIGTERM Single Origin",,fair-trade,7,3,8,4,8,,"Tastes of certainty, with a hint of doubt.",1kg,moka,47.47,199,BEAN-0246-1kg-MOK,0
BEAN-0246,"Necromancer Nitro",Guatemala,Antigua,"Finca San Miguel",1632,natural,french,2026-01-23,"SIGTERM Single Origin",,fair-trade,7,3,8,4,8,,"Tastes of certainty, with a hint of doubt.",1kg,turkish,45.11,127,BEAN-0246-1kg-TUR,1
BEAN-0246,"Necromancer Nitro",Guatemala,Antigua,"Finca San Miguel",1632,natural,french,2026-01-23,"SIGTERM Single Origin",,fair-trade,7,3,8,4,8,,"Tastes of certainty, with a hint of doubt.",1kg,french_press,48.51,125,BEAN-0246-1kg-FRE,2
BEAN-0247,"Kernel Panic Coffee",Kenya,Nyeri,"Finca Stack Plantation",2064,natural,french,2025-12-31,"Pure Function Pour-Over",,"nerd-approved,developer-fuel",1,3,9,6,2,1,"A bold roast that compiles cleanly on the first run.",100g,filter,8.57,10,BEAN-0247-100g-FIL,0
BEAN-0247,"Kernel Panic Coffee",Kenya,Nyeri,"Finca Stack Plantation",2064,natural,french,2025-12-31,"Pure Function Pour-Over",,"nerd-approved,developer-fuel",1,3,9,6,2,1,"A bold roast that compiles cleanly on the first run.",250g,whole_bean,13.97,95,BEAN-0247-250g-WHO,1
BEAN-0247,"Kernel Panic Coffee",Kenya,Nyeri,"Finca Stack Plantation",2064,natural,french,2025-12-31,"Pure Function Pour-Over",,"nerd-approved,developer-fuel",1,3,9,6,2,1,"A bold roast that compiles cleanly on the first run.",500g,filter,25.89,36,BEAN-0247-500g-FIL,2
BEAN-0248,"Tail Recursion Tonic",Honduras,Copán,"Finca Bit Bucket",1410,anaerobic,light,2026-04-10,"Brewed in Berlin","vanilla,milk chocolate","developer-fuel,open-source,seasonal,nerd-approved",6,7,8,10,3,1,"Brewed under the careful eye of our QA team.",1kg,turkish,46.6,114,BEAN-0248-1kg-TUR,0
BEAN-0248,"Tail Recursion Tonic",Honduras,Copán,"Finca Bit Bucket",1410,anaerobic,light,2026-04-10,"Brewed in Berlin","vanilla,milk chocolate","developer-fuel,open-source,seasonal,nerd-approved",6,7,8,10,3,1,"Brewed under the careful eye of our QA team.",250g,turkish,16.82,22,BEAN-0248-250g-TUR,1
BEAN-0248,"Tail Recursion Tonic",Honduras,Copán,"Finca Bit Bucket",1410,anaerobic,light,2026-04-10,"Brewed in Berlin","vanilla,milk chocolate","developer-fuel,open-source,seasonal,nerd-approved",6,7,8,10,3,1,"Brewed under the careful eye of our QA team.",1kg,french_press,44.86,101,BEAN-0248-1kg-FRE,2
BEAN-0249,"Knight's Nightcap",Indonesia,Java,"Finca San Miguel",1530,natural,french,2026-05-05,"The Bean Counters","pineapple,uncertainty",production-ready,2,4,10,9,10,1,"Pairs well with rubber duck debugging.",250g,turkish,14.81,4,BEAN-0249-250g-TUR,0
BEAN-0249,"Knight's Nightcap",Indonesia,Java,"Finca San Miguel",1530,natural,french,2026-05-05,"The Bean Counters","pineapple,uncertainty",production-ready,2,4,10,9,10,1,"Pairs well with rubber duck debugging.",100g,aeropress,11.49,46,BEAN-0249-100g-AER,1
BEAN-0249,"Knight's Nightcap",Indonesia,Java,"Finca San Miguel",1530,natural,french,2026-05-05,"The Bean Counters","pineapple,uncertainty",production-ready,2,4,10,9,10,1,"Pairs well with rubber duck debugging.",100g,filter,10.29,62,BEAN-0249-100g-FIL,2
BEAN-0249,"Knight's Nightcap",Indonesia,Java,"Finca San Miguel",1530,natural,french,2026-05-05,"The Bean Counters","pineapple,uncertainty",production-ready,2,4,10,9,10,1,"Pairs well with rubber duck debugging.",1kg,whole_bean,49.46,155,BEAN-0249-1kg-WHO,3
BEAN-0250,"404: Bean Not Found",Peru,Cajamarca,"Finca Bit Bucket",1723,anaerobic,light,2025-12-27,"Cache Coherence Coffee","strawberry,hazelnut,walnut",production-ready,3,5,3,3,5,1,"Tastes of certainty, with a hint of doubt.",1kg,aeropress,44.35,157,BEAN-0250-1kg-AER,0
BEAN-0250,"404: Bean Not Found",Peru,Cajamarca,"Finca Bit Bucket",1723,anaerobic,light,2025-12-27,"Cache Coherence Coffee","strawberry,hazelnut,walnut",production-ready,3,5,3,3,5,1,"Tastes of certainty, with a hint of doubt.",500g,espresso,22.22,14,BEAN-0250-500g-ESP,1
BEAN-0251,"Schrödinger's Latte",Indonesia,Java,"Finca San Miguel",1392,washed,19.5059,-45.2395,medium-light,2026-03-11,"Roast & Roll","blueberry,tobacco,peach,Sunday afternoon","blend,limited-edition,fair-trade,direct-trade",8,9,7,2,8,,100g,filter,8.43,150,BEAN-0251-100g-FIL,0
BEAN-0251,"Schrödinger's Latte",Indonesia,Java,"Finca San Miguel",1392,washed,19.5059,-45.2395,medium-light,2026-03-11,"Roast & Roll","blueberry,tobacco,peach,Sunday afternoon","blend,limited-edition,fair-trade,direct-trade",8,9,7,2,8,,100g,espresso,10.1,166,BEAN-0251-100g-ESP,1
BEAN-0251,"Schrödinger's Latte",Indonesia,Java,"Finca San Miguel",1392,washed,19.5059,-45.2395,medium-light,2026-03-11,"Roast & Roll","blueberry,tobacco,peach,Sunday afternoon","blend,limited-edition,fair-trade,direct-trade",8,9,7,2,8,,250g,filter,15.55,114,BEAN-0251-250g-FIL,2
BEAN-0252,"Promise Resolved Roast","El Dorado","Lake Guatavita","Finca The Repo",3025,anaerobic,dark,2026-01-16,"Compile Time Coffee Co.",,"battle-tested,seasonal,espresso-friendly,organic",1,8,5,10,5,1,"Single-origin, single-threaded, single-purpose.",500g,turkish,27.06,149,BEAN-0252-500g-TUR,0
BEAN-0252,"Promise Resolved Roast","El Dorado","Lake Guatavita","Finca The Repo",3025,anaerobic,dark,2026-01-16,"Compile Time Coffee Co.",,"battle-tested,seasonal,espresso-friendly,organic",1,8,5,10,5,1,"Single-origin, single-threaded, single-purpose.",500g,whole_bean,23.29,136,BEAN-0252-500g-WHO,1
BEAN-0253,"Y2K Vintage Roast",Brazil,"Minas Gerais","Finca The Repo",1371,honey,medium-dark,2026-03-19,"Roast & Roll","jasmine,tail-call sweetness,rose,spacetime","nerd-approved,limited-edition,small-batch",6,6,4,8,10,1,"Smooth like a well-balanced API.",250g,aeropress,18.38,155,BEAN-0253-250g-AER,0
BEAN-0253,"Y2K Vintage Roast",Brazil,"Minas Gerais","Finca The Repo",1371,honey,medium-dark,2026-03-19,"Roast & Roll","jasmine,tail-call sweetness,rose,spacetime","nerd-approved,limited-edition,small-batch",6,6,4,8,10,1,"Smooth like a well-balanced API.",1kg,whole_bean,50.21,172,BEAN-0253-1kg-WHO,1
BEAN-0253,"Y2K Vintage Roast",Brazil,"Minas Gerais","Finca The Repo",1371,honey,medium-dark,2026-03-19,"Roast & Roll","jasmine,tail-call sweetness,rose,spacetime","nerd-approved,limited-edition,small-batch",6,6,4,8,10,1,"Smooth like a well-balanced API.",250g,french_press,15.45,178,BEAN-0253-250g-FRE,2
BEAN-0253,"Y2K Vintage Roast",Brazil,"Minas Gerais","Finca The Repo",1371,honey,medium-dark,2026-03-19,"Roast & Roll","jasmine,tail-call sweetness,rose,spacetime","nerd-approved,limited-edition,small-batch",6,6,4,8,10,1,"Smooth like a well-balanced API.",1kg,turkish,46.14,20,BEAN-0253-1kg-TUR,3
BEAN-0254,"Y2K Vintage Roast",Hyperborea,"Northern Reaches","Finca Stack Plantation",1643,washed,medium,2026-02-04,"Roast & Roll","cinnamon,orange",blend,8,6,4,8,1,1,500g,aeropress,29.37,91,BEAN-0254-500g-AER,0
BEAN-0255,"Alchemist Americano",Atlantis,"Sunken City","Finca The Mainframe",,natural,medium-dark,2026-02-08,"Compile Time Coffee Co.","tobacco,victory","organic,filter-friendly",7,2,5,10,9,1,"Side effects may include: refactoring, enlightenment, productivity.",250g,whole_bean,15.71,190,BEAN-0255-250g-WHO,0
BEAN-0255,"Alchemist Americano",Atlantis,"Sunken City","Finca The Mainframe",,natural,medium-dark,2026-02-08,"Compile Time Coffee Co.","tobacco,victory","organic,filter-friendly",7,2,5,10,9,1,"Side effects may include: refactoring, enlightenment, productivity.",100g,espresso,6.08,145,BEAN-0255-100g-ESP,1
BEAN-0255,"Alchemist Americano",Atlantis,"Sunken City","Finca The Mainframe",,natural,medium-dark,2026-02-08,"Compile Time Coffee Co.","tobacco,victory","organic,filter-friendly",7,2,5,10,9,1,"Side effects may include: refactoring, enlightenment, productivity.",250g,moka,16.83,70,BEAN-0255-250g-MOK,2
BEAN-0256,"Euler's Espresso",Indonesia,Java,"Finca The Repo",1548,anaerobic,light,2026-01-22,"The Daily Brew",,"bird-friendly,battle-tested,limited-edition",2,9,8,8,6,1,"Single-origin, single-threaded, single-purpose.",250g,whole_bean,13.22,107,BEAN-0256-250g-WHO,0
BEAN-0257,"Goto Statement Espresso",India,Karnataka,"Finca La Esperanza",1313,natural,french,2026-01-23,"Isotope Roasters",grapefruit,"direct-trade,seasonal",2,2,1,8,7,1,"Has been peer-reviewed.",500g,turkish,24,27,BEAN-0257-500g-TUR,0
BEAN-0257,"Goto Statement Espresso",India,Karnataka,"Finca La Esperanza",1313,natural,french,2026-01-23,"Isotope Roasters",grapefruit,"direct-trade,seasonal",2,2,1,8,7,1,"Has been peer-reviewed.",1kg,espresso,50.67,13,BEAN-0257-1kg-ESP,1
BEAN-0257,"Goto Statement Espresso",India,Karnataka,"Finca La Esperanza",1313,natural,french,2026-01-23,"Isotope Roasters",grapefruit,"direct-trade,seasonal",2,2,1,8,7,1,"Has been peer-reviewed.",500g,moka,28.35,18,BEAN-0257-500g-MOK,2
BEAN-0258,"Multiverse Mocha",India,Karnataka,"Finca San Miguel",963,washed,27.6374,-38.7154,light,2026-02-04,"Cache Coherence Coffee",,"fair-trade,nerd-approved",1,5,10,7,2,,"Brewed under the careful eye of our QA team.",100g,filter,10.8,102,BEAN-0258-100g-FIL,0
BEAN-0259,"Tachyon Trip",Mexico,Chiapas,"Finca The Sandbox",1437,anaerobic,dark,2025-12-04,"ASCII Coffee","uncertainty,tail-call sweetness",nerd-approved,9,6,10,4,2,,"A bold roast that compiles cleanly on the first run.",100g,moka,10.32,49,BEAN-0259-100g-MOK,0
BEAN-0259,"Tachyon Trip",Mexico,Chiapas,"Finca The Sandbox",1437,anaerobic,dark,2025-12-04,"ASCII Coffee","uncertainty,tail-call sweetness",nerd-approved,9,6,10,4,2,,"A bold roast that compiles cleanly on the first run.",250g,aeropress,15.07,90,BEAN-0259-250g-AER,1
BEAN-0259,"Tachyon Trip",Mexico,Chiapas,"Finca The Sandbox",1437,anaerobic,dark,2025-12-04,"ASCII Coffee","uncertainty,tail-call sweetness",nerd-approved,9,6,10,4,2,,"A bold roast that compiles cleanly on the first run.",1kg,french_press,48.8,113,BEAN-0259-1kg-FRE,2
BEAN-0260,"Tail Recursion Tonic",India,Karnataka,"Finca The Repo",1123,honey,medium,2025-12-13,"Brewed in Berlin",citrus,"seasonal,direct-trade,battle-tested,shade-grown",1,9,10,3,1,1,"Tastes of certainty, with a hint of doubt.",100g,french_press,6.75,51,BEAN-0260-100g-FRE,0
BEAN-0260,"Tail Recursion Tonic",India,Karnataka,"Finca The Repo",1123,honey,medium,2025-12-13,"Brewed in Berlin",citrus,"seasonal,direct-trade,battle-tested,shade-grown",1,9,10,3,1,1,"Tastes of certainty, with a hint of doubt.",250g,turkish,11.55,48,BEAN-0260-250g-TUR,1
BEAN-0260,"Tail Recursion Tonic",India,Karnataka,"Finca The Repo",1123,honey,medium,2025-12-13,"Brewed in Berlin",citrus,"seasonal,direct-trade,battle-tested,shade-grown",1,9,10,3,1,1,"Tastes of certainty, with a hint of doubt.",1kg,aeropress,48.53,119,BEAN-0260-1kg-AER,2
BEAN-0260,"Tail Recursion Tonic",India,Karnataka,"Finca The Repo",1123,honey,medium,2025-12-13,"Brewed in Berlin",citrus,"seasonal,direct-trade,battle-tested,shade-grown",1,9,10,3,1,1,"Tastes of certainty, with a hint of doubt.",500g,turkish,26.63,85,BEAN-0260-500g-TUR,3
BEAN-0261,"Mage's Mocha",Colombia,Antioquia,"Finca The Mainframe",1553,washed,french,2026-03-15,"Function Call Cafe","maple syrup,bergamot,blueberry","direct-trade,rainforest-alliance,filter-friendly,open-source",3,1,6,1,2,1,250g,filter,14.52,161,BEAN-0261-250g-FIL,0
BEAN-0261,"Mage's Mocha",Colombia,Antioquia,"Finca The Mainframe",1553,washed,french,2026-03-15,"Function Call Cafe","maple syrup,bergamot,blueberry","direct-trade,rainforest-alliance,filter-friendly,open-source",3,1,6,1,2,1,500g,whole_bean,29.8,50,BEAN-0261-500g-WHO,1
BEAN-0261,"Mage's Mocha",Colombia,Antioquia,"Finca The Mainframe",1553,washed,french,2026-03-15,"Function Call Cafe","maple syrup,bergamot,blueberry","direct-trade,rainforest-alliance,filter-friendly,open-source",3,1,6,1,2,1,250g,espresso,18.08,184,BEAN-0261-250g-ESP,2
BEAN-0262,"Regex Roast",Colombia,Huila,"Finca Loop Holdings",1590,washed,light,2025-11-19,"The Recursion Roastery","uncertainty,walnut,rose","seasonal,nerd-approved",4,6,6,3,9,1,"Has been peer-reviewed.",1kg,aeropress,43.52,36,BEAN-0262-1kg-AER,0
BEAN-0262,"Regex Roast",Colombia,Huila,"Finca Loop Holdings",1590,washed,light,2025-11-19,"The Recursion Roastery","uncertainty,walnut,rose","seasonal,nerd-approved",4,6,6,3,9,1,"Has been peer-reviewed.",250g,turkish,12.52,136,BEAN-0262-250g-TUR,1
BEAN-0262,"Regex Roast",Colombia,Huila,"Finca Loop Holdings",1590,washed,light,2025-11-19,"The Recursion Roastery","uncertainty,walnut,rose","seasonal,nerd-approved",4,6,6,3,9,1,"Has been peer-reviewed.",500g,filter,26.8,162,BEAN-0262-500g-FIL,2
BEAN-0262,"Regex Roast",Colombia,Huila,"Finca Loop Holdings",1590,washed,light,2025-11-19,"The Recursion Roastery","uncertainty,walnut,rose","seasonal,nerd-approved",4,6,6,3,9,1,"Has been peer-reviewed.",250g,whole_bean,17.1,150,BEAN-0262-250g-WHO,3
BEAN-0263,"Goroutine Gold",Colombia,Antioquia,"Finca The Sandbox",1622,honey,medium-light,2026-01-01,"The Bean Counters","bergamot,regret,hazelnut","battle-tested,single-origin,espresso-friendly,compile-grade",7,9,6,8,9,1,500g,moka,27.56,183,BEAN-0263-500g-MOK,0
BEAN-0263,"Goroutine Gold",Colombia,Antioquia,"Finca The Sandbox",1622,honey,medium-light,2026-01-01,"The Bean Counters","bergamot,regret,hazelnut","battle-tested,single-origin,espresso-friendly,compile-grade",7,9,6,8,9,1,1kg,french_press,45.15,102,BEAN-0263-1kg-FRE,1
BEAN-0264,"Vim Vortex",Indonesia,Sumatra,"Finca The Mainframe",1558,anaerobic,medium-light,2026-01-30,"Loops & Beans","nutmeg,cinnamon","shade-grown,limited-edition",9,2,3,2,5,1,"Now with 30% fewer race conditions.",100g,french_press,8.1,86,BEAN-0264-100g-FRE,0
BEAN-0264,"Vim Vortex",Indonesia,Sumatra,"Finca The Mainframe",1558,anaerobic,medium-light,2026-01-30,"Loops & Beans","nutmeg,cinnamon","shade-grown,limited-edition",9,2,3,2,5,1,"Now with 30% fewer race conditions.",1kg,french_press,46.74,104,BEAN-0264-1kg-FRE,1
BEAN-0265,"Async/Await Awakening","Costa Rica",Tarrazú,"Finca Loop Holdings",1619,washed,medium,2026-04-20,"Buffer Overflow Brewing","peach,mango,uncertainty,hazelnut","small-batch,blend,open-source",2,6,1,9,4,1,500g,filter,27.96,196,BEAN-0265-500g-FIL,0
BEAN-0265,"Async/Await Awakening","Costa Rica",Tarrazú,"Finca Loop Holdings",1619,washed,medium,2026-04-20,"Buffer Overflow Brewing","peach,mango,uncertainty,hazelnut","small-batch,blend,open-source",2,6,1,9,4,1,500g,espresso,27.65,35,BEAN-0265-500g-ESP,1
BEAN-0265,"Async/Await Awakening","Costa Rica",Tarrazú,"Finca Loop Holdings",1619,washed,medium,2026-04-20,"Buffer Overflow Brewing","peach,mango,uncertainty,hazelnut","small-batch,blend,open-source",2,6,1,9,4,1,500g,whole_bean,28.16,72,BEAN-0265-500g-WHO,2
BEAN-0266,"Cosmic Ray Roast ☕",Hyperborea,"Northern Reaches","Finca The Sandbox",1596,washed,-15.2735,102.225,medium-dark,2025-11-25,"Pure Function Pour-Over",cardamom,"small-batch,filter-friendly",8,4,9,10,9,1,"Side effects may include: refactoring, enlightenment, productivity.",1kg,filter,49.34,80,BEAN-0266-1kg-FIL,0
BEAN-0266,"Cosmic Ray Roast ☕",Hyperborea,"Northern Reaches","Finca The Sandbox",1596,washed,-15.2735,102.225,medium-dark,2025-11-25,"Pure Function Pour-Over",cardamom,"small-batch,filter-friendly",8,4,9,10,9,1,"Side effects may include: refactoring, enlightenment, productivity.",250g,french_press,17.16,178,BEAN-0266-250g-FRE,1
BEAN-0266,"Cosmic Ray Roast ☕",Hyperborea,"Northern Reaches","Finca The Sandbox",1596,washed,-15.2735,102.225,medium-dark,2025-11-25,"Pure Function Pour-Over",cardamom,"small-batch,filter-friendly",8,4,9,10,9,1,"Side effects may include: refactoring, enlightenment, productivity.",1kg,espresso,46.51,142,BEAN-0266-1kg-ESP,2
BEAN-0267,"Alchemist Americano",Panama,Boquete,"Finca Null Acres",1727,honey,medium-light,2026-01-24,"SIGTERM Single Origin","Sunday afternoon,the smell of merged PRs,mango","direct-trade,open-source,organic",10,1,3,3,6,1,"Tastes of certainty, with a hint of doubt.",1kg,french_press,44.63,100,BEAN-0267-1kg-FRE,0
BEAN-0267,"Alchemist Americano",Panama,Boquete,"Finca Null Acres",1727,honey,medium-light,2026-01-24,"SIGTERM Single Origin","Sunday afternoon,the smell of merged PRs,mango","direct-trade,open-source,organic",10,1,3,3,6,1,"Tastes of certainty, with a hint of doubt.",100g,moka,7.09,121,BEAN-0267-100g-MOK,1
BEAN-0267,"Alchemist Americano",Panama,Boquete,"Finca Null Acres",1727,honey,medium-light,2026-01-24,"SIGTERM Single Origin","Sunday afternoon,the smell of merged PRs,mango","direct-trade,open-source,organic",10,1,3,3,6,1,"Tastes of certainty, with a hint of doubt.",100g,filter,8.56,115,BEAN-0267-100g-FIL,2
BEAN-0268,"High Score Hot Brew",Brazil,Mogiana,"Finca Pure Functional Farm",916,wet-hulled,41.8568,100.4539,medium-dark,2026-05-05,"O(1) Coffee",vanilla,"seasonal,filter-friendly,small-batch,battle-tested",9,2,8,1,6,1,"Best paired with a 200 OK.",1kg,french_press,44.26,28,BEAN-0268-1kg-FRE,0
BEAN-0268,"High Score Hot Brew",Brazil,Mogiana,"Finca Pure Functional Farm",916,wet-hulled,41.8568,100.4539,medium-dark,2026-05-05,"O(1) Coffee",vanilla,"seasonal,filter-friendly,small-batch,battle-tested",9,2,8,1,6,1,"Best paired with a 200 OK.",250g,moka,14.35,190,BEAN-0268-250g-MOK,1
BEAN-0269,"Doge Roast (Such Bean, Much Brew)",Atlantis,"Sunken City","Finca Commit Hill",,anaerobic,medium-light,2025-12-08,"The Bean Counters","molasses,grapefruit","limited-edition,filter-friendly,organic,decaf",8,2,7,10,4,1,"Recommended by 9 out of 10 over-tired developers.",1kg,french_press,46.7,10,BEAN-0269-1kg-FRE,0
BEAN-0269,"Doge Roast (Such Bean, Much Brew)",Atlantis,"Sunken City","Finca Commit Hill",,anaerobic,medium-light,2025-12-08,"The Bean Counters","molasses,grapefruit","limited-edition,filter-friendly,organic,decaf",8,2,7,10,4,1,"Recommended by 9 out of 10 over-tired developers.",100g,filter,9.17,116,BEAN-0269-100g-FIL,1
BEAN-0269,"Doge Roast (Such Bean, Much Brew)",Atlantis,"Sunken City","Finca Commit Hill",,anaerobic,medium-light,2025-12-08,"The Bean Counters","molasses,grapefruit","limited-edition,filter-friendly,organic,decaf",8,2,7,10,4,1,"Recommended by 9 out of 10 over-tired developers.",500g,aeropress,28.74,76,BEAN-0269-500g-AER,2
BEAN-0269,"Doge Roast (Such Bean, Much Brew)",Atlantis,"Sunken City","Finca Commit Hill",,anaerobic,medium-light,2025-12-08,"The Bean Counters","molasses,grapefruit","limited-edition,filter-friendly,organic,decaf",8,2,7,10,4,1,"Recommended by 9 out of 10 over-tired developers.",1kg,moka,49.59,44,BEAN-0269-1kg-MOK,3
BEAN-0270,"Tachyon Trip",Mexico,Chiapas,"Finca Commit Hill",1666,natural,23.614,74.942,french,2025-12-17,"ASCII Coffee","the smell of merged PRs,milk chocolate,blueberry","limited-edition,production-ready",5,2,4,8,7,1,"Side effects may include: refactoring, enlightenment, productivity.",500g,whole_bean,28.04,129,BEAN-0270-500g-WHO,0
BEAN-0270,"Tachyon Trip",Mexico,Chiapas,"Finca Commit Hill",1666,natural,23.614,74.942,french,2025-12-17,"ASCII Coffee","the smell of merged PRs,milk chocolate,blueberry","limited-edition,production-ready",5,2,4,8,7,1,"Side effects may include: refactoring, enlightenment, productivity.",500g,french_press,25.61,64,BEAN-0270-500g-FRE,1
BEAN-0270,"Tachyon Trip",Mexico,Chiapas,"Finca Commit Hill",1666,natural,23.614,74.942,french,2025-12-17,"ASCII Coffee","the smell of merged PRs,milk chocolate,blueberry","limited-edition,production-ready",5,2,4,8,7,1,"Side effects may include: refactoring, enlightenment, productivity.",250g,moka,11.36,6,BEAN-0270-250g-MOK,2
BEAN-0271,"DNS Drip ☕",Mexico,Chiapas,"Finca La Esperanza",1219,honey,-5.8723,6.9448,light,2026-04-07,"Cache Coherence Coffee","tobacco,woody,vanilla",production-ready,4,8,3,8,5,1,"Side effects may include: refactoring, enlightenment, productivity.",100g,moka,4.8,75,BEAN-0271-100g-MOK,0
BEAN-0271,"DNS Drip ☕",Mexico,Chiapas,"Finca La Esperanza",1219,honey,-5.8723,6.9448,light,2026-04-07,"Cache Coherence Coffee","tobacco,woody,vanilla",production-ready,4,8,3,8,5,1,"Side effects may include: refactoring, enlightenment, productivity.",1kg,espresso,43.62,195,BEAN-0271-1kg-ESP,1
BEAN-0272,"Boltzmann Brew",Tanzania,Kilimanjaro,"Finca Stack Plantation",1610,washed,42.1122,-68.7473,french,2025-12-29,"The Daily Brew",,"seasonal,nerd-approved,fair-trade,organic",1,7,4,4,6,1,100g,french_press,4.22,3,BEAN-0272-100g-FRE,0
BEAN-0272,"Boltzmann Brew",Tanzania,Kilimanjaro,"Finca Stack Plantation",1610,washed,42.1122,-68.7473,french,2025-12-29,"The Daily Brew",,"seasonal,nerd-approved,fair-trade,organic",1,7,4,4,6,1,500g,turkish,23.54,171,BEAN-0272-500g-TUR,1
BEAN-0273,"Dwarven Drip",Brazil,Mogiana,"Finca Heap Hill",922,wet-hulled,-9.7007,-23.6625,light,2026-02-17,"Cache Coherence Coffee","spacetime,grapefruit,maple syrup,bergamot","bird-friendly,blend,small-batch,filter-friendly",2,6,6,3,1,1,"Smooth like a well-balanced API.",1kg,espresso,46.67,16,BEAN-0273-1kg-ESP,0
BEAN-0273,"Dwarven Drip",Brazil,Mogiana,"Finca Heap Hill",922,wet-hulled,-9.7007,-23.6625,light,2026-02-17,"Cache Coherence Coffee","spacetime,grapefruit,maple syrup,bergamot","bird-friendly,blend,small-batch,filter-friendly",2,6,6,3,1,1,"Smooth like a well-balanced API.",500g,aeropress,26.99,11,BEAN-0273-500g-AER,1
BEAN-0274,"Mage's Mocha",Xanadu,"Summer Palace","Finca Bit Bucket",1491,honey,light,2025-12-09,"Cache Coherence Coffee","tail-call sweetness,the smell of merged PRs,peanut butter","espresso-friendly,direct-trade,developer-fuel",2,6,1,10,10,1,"Tastes of certainty, with a hint of doubt.",250g,moka,15.7,3,BEAN-0274-250g-MOK,0
BEAN-0274,"Mage's Mocha",Xanadu,"Summer Palace","Finca Bit Bucket",1491,honey,light,2025-12-09,"Cache Coherence Coffee","tail-call sweetness,the smell of merged PRs,peanut butter","espresso-friendly,direct-trade,developer-fuel",2,6,1,10,10,1,"Tastes of certainty, with a hint of doubt.",250g,whole_bean,15.93,31,BEAN-0274-250g-WHO,1
BEAN-0274,"Mage's Mocha",Xanadu,"Summer Palace","Finca Bit Bucket",1491,honey,light,2025-12-09,"Cache Coherence Coffee","tail-call sweetness,the smell of merged PRs,peanut butter","espresso-friendly,direct-trade,developer-fuel",2,6,1,10,10,1,"Tastes of certainty, with a hint of doubt.",500g,espresso,27.9,193,BEAN-0274-500g-ESP,2
BEAN-0275,"Merge Conflict Mocha",Vietnam,"Đắk Lắk","Finca Heap Hill",477,natural,french,2026-05-02,"Function Call Cafe","earthy,ambition,rose,peanut butter","direct-trade,fair-trade,compile-grade",7,5,1,4,6,1,"A bold roast that compiles cleanly on the first run.",100g,aeropress,11.91,175,BEAN-0275-100g-AER,0
BEAN-0275,"Merge Conflict Mocha",Vietnam,"Đắk Lắk","Finca Heap Hill",477,natural,french,2026-05-02,"Function Call Cafe","earthy,ambition,rose,peanut butter","direct-trade,fair-trade,compile-grade",7,5,1,4,6,1,"A bold roast that compiles cleanly on the first run.",250g,moka,17.98,133,BEAN-0275-250g-MOK,1
BEAN-0276,"Mana Potion",Ethiopia,Yirgacheffe,"Finca The Mainframe",2288,washed,french,2026-04-05,"Loops & Beans",hazelnut,"open-source,production-ready",4,4,9,2,7,1,"Ships with no warranty, express or implied.",250g,espresso,14.39,155,BEAN-0276-250g-ESP,0
BEAN-0276,"Mana Potion",Ethiopia,Yirgacheffe,"Finca The Mainframe",2288,washed,french,2026-04-05,"Loops & Beans",hazelnut,"open-source,production-ready",4,4,9,2,7,1,"Ships with no warranty, express or implied.",250g,filter,13.28,114,BEAN-0276-250g-FIL,1
BEAN-0277,"Goto Statement Espresso ☕",Guatemala,Antigua,"Finca Heap Hill",1603,natural,medium-dark,2026-01-19,"SIGTERM Single Origin","maple syrup,ambition,nutmeg,Sunday afternoon","developer-fuel,organic",7,7,2,5,10,1,"Best paired with a 200 OK.",250g,filter,14.04,78,BEAN-0277-250g-FIL,0
BEAN-0277,"Goto Statement Espresso ☕",Guatemala,Antigua,"Finca Heap Hill",1603,natural,medium-dark,2026-01-19,"SIGTERM Single Origin","maple syrup,ambition,nutmeg,Sunday afternoon","developer-fuel,organic",7,7,2,5,10,1,"Best paired with a 200 OK.",1kg,filter,46,155,BEAN-0277-1kg-FIL,1
BEAN-0277,"Goto Statement Espresso ☕",Guatemala,Antigua,"Finca Heap Hill",1603,natural,medium-dark,2026-01-19,"SIGTERM Single Origin","maple syrup,ambition,nutmeg,Sunday afternoon","developer-fuel,organic",7,7,2,5,10,1,"Best paired with a 200 OK.",1kg,whole_bean,45.67,183,BEAN-0277-1kg-WHO,2
BEAN-0278,"Boss Battle Brew","Mount Olympus",Pelion,"Finca Null Acres",3071,anaerobic,medium-dark,2026-01-25,"Daemon Roasters","cinnamon,tobacco","open-source,single-origin,bird-friendly",1,2,7,10,3,1,500g,turkish,29.3,184,BEAN-0278-500g-TUR,0
BEAN-0278,"Boss Battle Brew","Mount Olympus",Pelion,"Finca Null Acres",3071,anaerobic,medium-dark,2026-01-25,"Daemon Roasters","cinnamon,tobacco","open-source,single-origin,bird-friendly",1,2,7,10,3,1,500g,moka,27.67,162,BEAN-0278-500g-MOK,1
BEAN-0278,"Boss Battle Brew","Mount Olympus",Pelion,"Finca Null Acres",3071,anaerobic,medium-dark,2026-01-25,"Daemon Roasters","cinnamon,tobacco","open-source,single-origin,bird-friendly",1,2,7,10,3,1,500g,aeropress,22.46,98,BEAN-0278-500g-AER,2
BEAN-0279,"Big Endian Blend",Hyperborea,"Northern Reaches","Finca Commit Hill",1485,washed,french,2025-11-22,"The Daily Brew",strawberry,"decaf,limited-edition,small-batch,espresso-friendly",1,2,2,7,7,1,100g,moka,11.28,108,BEAN-0279-100g-MOK,0
BEAN-0279,"Big Endian Blend",Hyperborea,"Northern Reaches","Finca Commit Hill",1485,washed,french,2025-11-22,"The Daily Brew",strawberry,"decaf,limited-edition,small-batch,espresso-friendly",1,2,2,7,7,1,250g,turkish,14.41,177,BEAN-0279-250g-TUR,1
BEAN-0279,"Big Endian Blend",Hyperborea,"Northern Reaches","Finca Commit Hill",1485,washed,french,2025-11-22,"The Daily Brew",strawberry,"decaf,limited-edition,small-batch,espresso-friendly",1,2,2,7,7,1,500g,moka,29.74,168,BEAN-0279-500g-MOK,2
BEAN-0279,"Big Endian Blend",Hyperborea,"Northern Reaches","Finca Commit Hill",1485,washed,french,2025-11-22,"The Daily Brew",strawberry,"decaf,limited-edition,small-batch,espresso-friendly",1,2,2,7,7,1,1kg,moka,45.46,105,BEAN-0279-1kg-MOK,3
BEAN-0280,"Hexadecimal House Blend",Jamaica,"Blue Mountain","Finca The Sandbox",1593,honey,medium-light,2026-03-04,"Loops & Beans","the smell of merged PRs,floral,chocolate","developer-fuel,organic",2,2,7,9,7,1,250g,espresso,14,180,BEAN-0280-250g-ESP,0
BEAN-0280,"Hexadecimal House Blend",Jamaica,"Blue Mountain","Finca The Sandbox",1593,honey,medium-light,2026-03-04,"Loops & Beans","the smell of merged PRs,floral,chocolate","developer-fuel,organic",2,2,7,9,7,1,1kg,espresso,47.02,28,BEAN-0280-1kg-ESP,1
BEAN-0280,"Hexadecimal House Blend",Jamaica,"Blue Mountain","Finca The Sandbox",1593,honey,medium-light,2026-03-04,"Loops & Beans","the smell of merged PRs,floral,chocolate","developer-fuel,organic",2,2,7,9,7,1,1kg,moka,49.51,47,BEAN-0280-1kg-MOK,2
BEAN-0281,"DNS Drip",Indonesia,Java,"Finca Heap Hill",1661,anaerobic,french,2025-12-03,"ASCII Coffee",hazelnut,"single-origin,rainforest-alliance,blend",5,2,6,1,10,1,"Has been peer-reviewed.",100g,whole_bean,4.49,192,BEAN-0281-100g-WHO,0
BEAN-0281,"DNS Drip",Indonesia,Java,"Finca Heap Hill",1661,anaerobic,french,2025-12-03,"ASCII Coffee",hazelnut,"single-origin,rainforest-alliance,blend",5,2,6,1,10,1,"Has been peer-reviewed.",100g,aeropress,8.66,10,BEAN-0281-100g-AER,1
BEAN-0281,"DNS Drip",Indonesia,Java,"Finca Heap Hill",1661,anaerobic,french,2025-12-03,"ASCII Coffee",hazelnut,"single-origin,rainforest-alliance,blend",5,2,6,1,10,1,"Has been peer-reviewed.",100g,espresso,8.18,1,BEAN-0281-100g-ESP,2
BEAN-0282,"Mana Potion",Kenya,Nyeri,"Finca Null Acres",2087,wet-hulled,medium-dark,2026-02-14,"Tail Call Tea","jasmine,blueberry","rainforest-alliance,battle-tested,fair-trade",6,6,2,1,8,1,"Brewed under the careful eye of our QA team.",250g,whole_bean,15.82,135,BEAN-0282-250g-WHO,0
BEAN-0282,"Mana Potion",Kenya,Nyeri,"Finca Null Acres",2087,wet-hulled,medium-dark,2026-02-14,"Tail Call Tea","jasmine,blueberry","rainforest-alliance,battle-tested,fair-trade",6,6,2,1,8,1,"Brewed under the careful eye of our QA team.",500g,aeropress,28.01,63,BEAN-0282-500g-AER,1
BEAN-0282,"Mana Potion",Kenya,Nyeri,"Finca Null Acres",2087,wet-hulled,medium-dark,2026-02-14,"Tail Call Tea","jasmine,blueberry","rainforest-alliance,battle-tested,fair-trade",6,6,2,1,8,1,"Brewed under the careful eye of our QA team.",500g,french_press,26.95,168,BEAN-0282-500g-FRE,2
BEAN-0283,"Edison Espresso",Hyperborea,"Northern Reaches","Finca La Esperanza",1464,honey,light,2026-02-17,"FIFO Coffee Bar","berry,brown sugar,tobacco","battle-tested,single-origin,shade-grown,bird-friendly",8,2,7,5,10,1,"Pairs well with rubber duck debugging.",100g,espresso,7.98,22,BEAN-0283-100g-ESP,0
BEAN-0283,"Edison Espresso",Hyperborea,"Northern Reaches","Finca La Esperanza",1464,honey,light,2026-02-17,"FIFO Coffee Bar","berry,brown sugar,tobacco","battle-tested,single-origin,shade-grown,bird-friendly",8,2,7,5,10,1,"Pairs well with rubber duck debugging.",500g,turkish,27.38,140,BEAN-0283-500g-TUR,1
BEAN-0284,"Critical Hit Cappuccino",Panama,Boquete,"Finca The Mainframe",1576,natural,medium-light,2026-03-29,"FIFO Coffee Bar",,bird-friendly,1,3,6,7,5,1,1kg,aeropress,43.98,34,BEAN-0284-1kg-AER,0
BEAN-0284,"Critical Hit Cappuccino",Panama,Boquete,"Finca The Mainframe",1576,natural,medium-light,2026-03-29,"FIFO Coffee Bar",,bird-friendly,1,3,6,7,5,1,1kg,whole_bean,49.36,85,BEAN-0284-1kg-WHO,1
BEAN-0285,"Fibonacci Filter",Ethiopia,Yirgacheffe,"Finca Null Acres",2129,anaerobic,french,2026-02-03,"The Daily Brew","nutmeg,berry,strawberry,walnut","single-origin,blend,battle-tested",6,10,4,2,10,1,"Fuel for the 3am production incident.",1kg,moka,48.9,79,BEAN-0285-1kg-MOK,0
BEAN-0285,"Fibonacci Filter",Ethiopia,Yirgacheffe,"Finca Null Acres",2129,anaerobic,french,2026-02-03,"The Daily Brew","nutmeg,berry,strawberry,walnut","single-origin,blend,battle-tested",6,10,4,2,10,1,"Fuel for the 3am production incident.",100g,moka,8.28,99,BEAN-0285-100g-MOK,1
BEAN-0285,"Fibonacci Filter",Ethiopia,Yirgacheffe,"Finca Null Acres",2129,anaerobic,french,2026-02-03,"The Daily Brew","nutmeg,berry,strawberry,walnut","single-origin,blend,battle-tested",6,10,4,2,10,1,"Fuel for the 3am production incident.",1kg,filter,49.17,173,BEAN-0285-1kg-FIL,2
BEAN-0285,"Fibonacci Filter",Ethiopia,Yirgacheffe,"Finca Null Acres",2129,anaerobic,french,2026-02-03,"The Daily Brew","nutmeg,berry,strawberry,walnut","single-origin,blend,battle-tested",6,10,4,2,10,1,"Fuel for the 3am production incident.",250g,moka,16.31,151,BEAN-0285-250g-MOK,3
BEAN-0286,"Monad Mocha",Brazil,"Minas Gerais","Finca Loop Holdings",1417,natural,medium-dark,2025-11-18,"Eventual Consistency Roasting","brown sugar","decaf,fair-trade,direct-trade",5,9,2,5,10,1,"A bold roast that compiles cleanly on the first run.",1kg,filter,48.63,96,BEAN-0286-1kg-FIL,0
BEAN-0286,"Monad Mocha",Brazil,"Minas Gerais","Finca Loop Holdings",1417,natural,medium-dark,2025-11-18,"Eventual Consistency Roasting","brown sugar","decaf,fair-trade,direct-trade",5,9,2,5,10,1,"A bold roast that compiles cleanly on the first run.",100g,turkish,6.67,183,BEAN-0286-100g-TUR,1
BEAN-0286,"Monad Mocha",Brazil,"Minas Gerais","Finca Loop Holdings",1417,natural,medium-dark,2025-11-18,"Eventual Consistency Roasting","brown sugar","decaf,fair-trade,direct-trade",5,9,2,5,10,1,"A bold roast that compiles cleanly on the first run.",250g,turkish,16.86,57,BEAN-0286-250g-TUR,2
BEAN-0286,"Monad Mocha",Brazil,"Minas Gerais","Finca Loop Holdings",1417,natural,medium-dark,2025-11-18,"Eventual Consistency Roasting","brown sugar","decaf,fair-trade,direct-trade",5,9,2,5,10,1,"A bold roast that compiles cleanly on the first run.",1kg,aeropress,46.13,168,BEAN-0286-1kg-AER,3
BEAN-0287,"Hyperdrive House Blend",Nicaragua,Jinotega,"Finca Stack Plantation",1647,honey,medium-dark,2026-01-31,"Isotope Roasters","regret,blackcurrant,the smell of merged PRs,grapefruit","blend,decaf,direct-trade,fair-trade",5,8,3,10,3,1,250g,espresso,12.75,191,BEAN-0287-250g-ESP,0
BEAN-0287,"Hyperdrive House Blend",Nicaragua,Jinotega,"Finca Stack Plantation",1647,honey,medium-dark,2026-01-31,"Isotope Roasters","regret,blackcurrant,the smell of merged PRs,grapefruit","blend,decaf,direct-trade,fair-trade",5,8,3,10,3,1,250g,aeropress,16.21,92,BEAN-0287-250g-AER,1
BEAN-0287,"Hyperdrive House Blend",Nicaragua,Jinotega,"Finca Stack Plantation",1647,honey,medium-dark,2026-01-31,"Isotope Roasters","regret,blackcurrant,the smell of merged PRs,grapefruit","blend,decaf,direct-trade,fair-trade",5,8,3,10,3,1,100g,aeropress,10.28,37,BEAN-0287-100g-AER,2
BEAN-0288,"Promise Resolved Roast",Colombia,Antioquia,"Finca Null Acres",1349,anaerobic,medium-light,2026-04-28,"ASCII Coffee","uncertainty,rose,molasses,nutmeg","rainforest-alliance,small-batch",1,2,4,7,8,1,"Smooth like a well-balanced API.",250g,aeropress,16.96,198,BEAN-0288-250g-AER,0
BEAN-0288,"Promise Resolved Roast",Colombia,Antioquia,"Finca Null Acres",1349,anaerobic,medium-light,2026-04-28,"ASCII Coffee","uncertainty,rose,molasses,nutmeg","rainforest-alliance,small-batch",1,2,4,7,8,1,"Smooth like a well-balanced API.",100g,turkish,7.71,166,BEAN-0288-100g-TUR,1
BEAN-0288,"Promise Resolved Roast",Colombia,Antioquia,"Finca Null Acres",1349,anaerobic,medium-light,2026-04-28,"ASCII Coffee","uncertainty,rose,molasses,nutmeg","rainforest-alliance,small-batch",1,2,4,7,8,1,"Smooth like a well-balanced API.",1kg,filter,48.06,113,BEAN-0288-1kg-FIL,2
BEAN-0289,"Mendeleev Mocha ☕",Panama,Boquete,"Finca The Repo",1765,natural,light,2025-12-12,"The Bean Counters","smoky,raspberry,the smell of merged PRs,ambition",open-source,3,7,8,7,5,1,100g,aeropress,11.27,137,BEAN-0289-100g-AER,0
BEAN-0290,"NPC Nitro",Hyperborea,"Northern Reaches","Finca The Sandbox",1574,wet-hulled,43.595,21.3526,medium-dark,2026-04-25,"Pure Function Pour-Over","mango,victory,uncertainty,walnut","blend,espresso-friendly",10,3,1,9,8,1,"Fuel for the 3am production incident.",250g,moka,12.65,41,BEAN-0290-250g-MOK,0
BEAN-0290,"NPC Nitro",Hyperborea,"Northern Reaches","Finca The Sandbox",1574,wet-hulled,43.595,21.3526,medium-dark,2026-04-25,"Pure Function Pour-Over","mango,victory,uncertainty,walnut","blend,espresso-friendly",10,3,1,9,8,1,"Fuel for the 3am production incident.",100g,moka,6.05,192,BEAN-0290-100g-MOK,1
BEAN-0291,"Faraday's Filter",Colombia,Huila,"Finca Loop Holdings",1627,washed,dark,2026-02-25,"FIFO Coffee Bar","earthy,peanut butter,honey,tobacco","compile-grade,shade-grown,production-ready",9,4,2,1,4,,"Now with 30% fewer race conditions.",250g,espresso,15.82,55,BEAN-0291-250g-ESP,0
BEAN-0291,"Faraday's Filter",Colombia,Huila,"Finca Loop Holdings",1627,washed,dark,2026-02-25,"FIFO Coffee Bar","earthy,peanut butter,honey,tobacco","compile-grade,shade-grown,production-ready",9,4,2,1,4,,"Now with 30% fewer race conditions.",500g,filter,23.03,159,BEAN-0291-500g-FIL,1
BEAN-0292,"Lambda Latte",Mexico,Chiapas,"Finca San Miguel",1433,honey,french,2026-01-23,"The Recursion Roastery","bergamot,vanilla,spacetime,regret","filter-friendly,shade-grown,compile-grade",10,3,7,3,6,1,"Has been peer-reviewed.",100g,moka,5.98,69,BEAN-0292-100g-MOK,0
BEAN-0292,"Lambda Latte",Mexico,Chiapas,"Finca San Miguel",1433,honey,french,2026-01-23,"The Recursion Roastery","bergamot,vanilla,spacetime,regret","filter-friendly,shade-grown,compile-grade",10,3,7,3,6,1,"Has been peer-reviewed.",100g,aeropress,8.39,16,BEAN-0292-100g-AER,1
BEAN-0292,"Lambda Latte",Mexico,Chiapas,"Finca San Miguel",1433,honey,french,2026-01-23,"The Recursion Roastery","bergamot,vanilla,spacetime,regret","filter-friendly,shade-grown,compile-grade",10,3,7,3,6,1,"Has been peer-reviewed.",500g,aeropress,22.71,85,BEAN-0292-500g-AER,2
BEAN-0293,"Stack Overflow Blend",Ethiopia,Sidamo,"Finca The Mainframe",1793,anaerobic,light,2026-04-10,"O(1) Coffee","regret,floral,molasses,tobacco",compile-grade,6,10,5,9,5,1,250g,filter,18.57,99,BEAN-0293-250g-FIL,0
BEAN-0293,"Stack Overflow Blend",Ethiopia,Sidamo,"Finca The Mainframe",1793,anaerobic,light,2026-04-10,"O(1) Coffee","regret,floral,molasses,tobacco",compile-grade,6,10,5,9,5,1,1kg,french_press,47.74,66,BEAN-0293-1kg-FRE,1
BEAN-0293,"Stack Overflow Blend",Ethiopia,Sidamo,"Finca The Mainframe",1793,anaerobic,light,2026-04-10,"O(1) Coffee","regret,floral,molasses,tobacco",compile-grade,6,10,5,9,5,1,100g,aeropress,8.11,39,BEAN-0293-100g-AER,2
BEAN-0293,"Stack Overflow Blend",Ethiopia,Sidamo,"Finca The Mainframe",1793,anaerobic,light,2026-04-10,"O(1) Coffee","regret,floral,molasses,tobacco",compile-grade,6,10,5,9,5,1,250g,espresso,14.03,188,BEAN-0293-250g-ESP,3
BEAN-0294,"Wormhole Wakeup ☕",Atlantis,"Sunken City","Finca The Sandbox",,natural,-4.9904,114.5096,french,2025-12-07,"SIGTERM Single Origin","orange,earthy,hibiscus","compile-grade,seasonal,limited-edition,bird-friendly",9,4,5,2,5,1,100g,aeropress,4.64,186,BEAN-0294-100g-AER,0
BEAN-0294,"Wormhole Wakeup ☕",Atlantis,"Sunken City","Finca The Sandbox",,natural,-4.9904,114.5096,french,2025-12-07,"SIGTERM Single Origin","orange,earthy,hibiscus","compile-grade,seasonal,limited-edition,bird-friendly",9,4,5,2,5,1,250g,whole_bean,12.32,14,BEAN-0294-250g-WHO,1
BEAN-0295,"Supernova Sumatra",Panama,Boquete,"Finca Pure Functional Farm",1560,natural,medium-dark,2026-01-04,"Pure Function Pour-Over","the smell of merged PRs,walnut,cardamom,chocolate","organic,bird-friendly",9,6,4,9,10,,250g,aeropress,18.44,195,BEAN-0295-250g-AER,0
BEAN-0295,"Supernova Sumatra",Panama,Boquete,"Finca Pure Functional Farm",1560,natural,medium-dark,2026-01-04,"Pure Function Pour-Over","the smell of merged PRs,walnut,cardamom,chocolate","organic,bird-friendly",9,6,4,9,10,,250g,espresso,11.6,34,BEAN-0295-250g-ESP,1
BEAN-0295,"Supernova Sumatra",Panama,Boquete,"Finca Pure Functional Farm",1560,natural,medium-dark,2026-01-04,"Pure Function Pour-Over","the smell of merged PRs,walnut,cardamom,chocolate","organic,bird-friendly",9,6,4,9,10,,500g,whole_bean,25.38,97,BEAN-0295-500g-WHO,2
BEAN-0296,"Boltzmann Brew ☕",Indonesia,Sumatra,"Finca The Repo",1525,washed,11.0023,-56.1837,medium,2026-02-24,"Idempotent Espresso","strawberry,bergamot",open-source,7,4,5,9,1,1,"Pairs well with rubber duck debugging.",1kg,whole_bean,45.85,157,BEAN-0296-1kg-WHO,0
BEAN-0296,"Boltzmann Brew ☕",Indonesia,Sumatra,"Finca The Repo",1525,washed,11.0023,-56.1837,medium,2026-02-24,"Idempotent Espresso","strawberry,bergamot",open-source,7,4,5,9,1,1,"Pairs well with rubber duck debugging.",1kg,filter,45.39,27,BEAN-0296-1kg-FIL,1
BEAN-0296,"Boltzmann Brew ☕",Indonesia,Sumatra,"Finca The Repo",1525,washed,11.0023,-56.1837,medium,2026-02-24,"Idempotent Espresso","strawberry,bergamot",open-source,7,4,5,9,1,1,"Pairs well with rubber duck debugging.",100g,filter,11.12,47,BEAN-0296-100g-FIL,2
BEAN-0296,"Boltzmann Brew ☕",Indonesia,Sumatra,"Finca The Repo",1525,washed,11.0023,-56.1837,medium,2026-02-24,"Idempotent Espresso","strawberry,bergamot",open-source,7,4,5,9,1,1,"Pairs well with rubber duck debugging.",100g,whole_bean,7.45,50,BEAN-0296-100g-WHO,3
BEAN-0297,"Druid's Drip",Panama,Boquete,"Finca The Mainframe",1428,anaerobic,medium-dark,2026-02-05,"Buffer Overflow Brewing","nutmeg,orange","blend,nerd-approved,open-source",3,3,6,7,1,1,"Tastes of certainty, with a hint of doubt.",250g,whole_bean,12.52,10,BEAN-0297-250g-WHO,0
BEAN-0297,"Druid's Drip",Panama,Boquete,"Finca The Mainframe",1428,anaerobic,medium-dark,2026-02-05,"Buffer Overflow Brewing","nutmeg,orange","blend,nerd-approved,open-source",3,3,6,7,1,1,"Tastes of certainty, with a hint of doubt.",250g,french_press,14.37,84,BEAN-0297-250g-FRE,1
BEAN-0297,"Druid's Drip",Panama,Boquete,"Finca The Mainframe",1428,anaerobic,medium-dark,2026-02-05,"Buffer Overflow Brewing","nutmeg,orange","blend,nerd-approved,open-source",3,3,6,7,1,1,"Tastes of certainty, with a hint of doubt.",100g,espresso,9.33,122,BEAN-0297-100g-ESP,2
BEAN-0297,"Druid's Drip",Panama,Boquete,"Finca The Mainframe",1428,anaerobic,medium-dark,2026-02-05,"Buffer Overflow Brewing","nutmeg,orange","blend,nerd-approved,open-source",3,3,6,7,1,1,"Tastes of certainty, with a hint of doubt.",500g,whole_bean,25.37,140,BEAN-0297-500g-WHO,3
BEAN-0298,"Rogue Roast",Avalon,"Apple Isle","Finca Heap Hill",351,wet-hulled,french,2026-02-01,"The Recursion Roastery",,organic,3,3,6,9,1,1,500g,french_press,29.81,188,BEAN-0298-500g-FRE,0
BEAN-0298,"Rogue Roast",Avalon,"Apple Isle","Finca Heap Hill",351,wet-hulled,french,2026-02-01,"The Recursion Roastery",,organic,3,3,6,9,1,1,100g,french_press,7.84,72,BEAN-0298-100g-FRE,1
BEAN-0299,"Cache Miss Mocha","Mount Olympus",Pelion,"Finca Bit Bucket",2961,natural,medium,2026-04-12,"Stack Trace Roasters","compile-time aroma","filter-friendly,developer-fuel,blend,compile-grade",10,3,4,10,3,1,"Fuel for the 3am production incident.",100g,filter,11.92,37,BEAN-0299-100g-FIL,0
BEAN-0299,"Cache Miss Mocha","Mount Olympus",Pelion,"Finca Bit Bucket",2961,natural,medium,2026-04-12,"Stack Trace Roasters","compile-time aroma","filter-friendly,developer-fuel,blend,compile-grade",10,3,4,10,3,1,"Fuel for the 3am production incident.",1kg,whole_bean,47.93,23,BEAN-0299-1kg-WHO,1
BEAN-0300,"Edison Espresso",Indonesia,Sumatra,"Finca Null Acres",1213,anaerobic,medium-dark,2026-04-26,"Pure Function Pour-Over","uncertainty,caramel,floral",limited-edition,6,5,6,7,4,1,"Now with 30% fewer race conditions.",100g,whole_bean,4.42,190,BEAN-0300-100g-WHO,0
BEAN-0301,"Boolean Bean",Nicaragua,Jinotega,"Finca Loop Holdings",1394,anaerobic,medium,2026-02-15,"Buffer Overflow Brewing",,organic,9,3,6,6,6,1,"Pairs well with rubber duck debugging.",500g,espresso,27.2,53,BEAN-0301-500g-ESP,0
BEAN-0301,"Boolean Bean",Nicaragua,Jinotega,"Finca Loop Holdings",1394,anaerobic,medium,2026-02-15,"Buffer Overflow Brewing",,organic,9,3,6,6,6,1,"Pairs well with rubber duck debugging.",1kg,whole_bean,50.1,33,BEAN-0301-1kg-WHO,1
BEAN-0301,"Boolean Bean",Nicaragua,Jinotega,"Finca Loop Holdings",1394,anaerobic,medium,2026-02-15,"Buffer Overflow Brewing",,organic,9,3,6,6,6,1,"Pairs well with rubber duck debugging.",100g,whole_bean,8.69,167,BEAN-0301-100g-WHO,2
BEAN-0302,"Race Condition Cold Brew",Tanzania,Kilimanjaro,"Finca Null Acres",1816,honey,french,2026-01-10,"Loops & Beans","regret,citrus,milk chocolate,peanut butter","bird-friendly,production-ready",5,9,6,6,8,1,"Recommended by 9 out of 10 over-tired developers.",1kg,whole_bean,46.86,134,BEAN-0302-1kg-WHO,0
BEAN-0302,"Race Condition Cold Brew",Tanzania,Kilimanjaro,"Finca Null Acres",1816,honey,french,2026-01-10,"Loops & Beans","regret,citrus,milk chocolate,peanut butter","bird-friendly,production-ready",5,9,6,6,8,1,"Recommended by 9 out of 10 over-tired developers.",100g,espresso,8.79,178,BEAN-0302-100g-ESP,1
BEAN-0303,"Gauss Grind",Vietnam,"Đắk Lắk","Finca Heap Hill",779,anaerobic,french,2025-12-26,"Pure Function Pour-Over",,"nerd-approved,compile-grade",7,9,7,7,10,1,"Now with 30% fewer race conditions.",250g,moka,12.74,178,BEAN-0303-250g-MOK,0
BEAN-0303,"Gauss Grind",Vietnam,"Đắk Lắk","Finca Heap Hill",779,anaerobic,french,2025-12-26,"Pure Function Pour-Over",,"nerd-approved,compile-grade",7,9,7,7,10,1,"Now with 30% fewer race conditions.",100g,turkish,8.1,128,BEAN-0303-100g-TUR,1
BEAN-0304,"Merge Conflict Mocha",Atlantis,"Sunken City","Finca Loop Holdings",,wet-hulled,light,2026-03-29,"Function Call Cafe",,"seasonal,fair-trade",3,5,3,5,1,1,250g,moka,11.93,166,BEAN-0304-250g-MOK,0
BEAN-0304,"Merge Conflict Mocha",Atlantis,"Sunken City","Finca Loop Holdings",,wet-hulled,light,2026-03-29,"Function Call Cafe",,"seasonal,fair-trade",3,5,3,5,1,1,500g,aeropress,26.84,94,BEAN-0304-500g-AER,1
BEAN-0305,"Haskell Hot Brew","Mount Olympus",Pelion,"Finca Heap Hill",2768,wet-hulled,medium,2026-02-17,"Compile Time Coffee Co.",,"small-batch,limited-edition,espresso-friendly",5,1,9,10,2,1,"Side effects may include: refactoring, enlightenment, productivity.",500g,turkish,27.01,154,BEAN-0305-500g-TUR,0
BEAN-0305,"Haskell Hot Brew","Mount Olympus",Pelion,"Finca Heap Hill",2768,wet-hulled,medium,2026-02-17,"Compile Time Coffee Co.",,"small-batch,limited-edition,espresso-friendly",5,1,9,10,2,1,"Side effects may include: refactoring, enlightenment, productivity.",250g,turkish,14.54,83,BEAN-0305-250g-TUR,1
BEAN-0305,"Haskell Hot Brew","Mount Olympus",Pelion,"Finca Heap Hill",2768,wet-hulled,medium,2026-02-17,"Compile Time Coffee Co.",,"small-batch,limited-edition,espresso-friendly",5,1,9,10,2,1,"Side effects may include: refactoring, enlightenment, productivity.",500g,espresso,26.65,192,BEAN-0305-500g-ESP,2
BEAN-0306,"Wormhole Wakeup",Brazil,"Minas Gerais","Finca Stack Plantation",1461,washed,32.8594,77.9581,medium-dark,2026-03-26,"Eventual Consistency Roasting",orange,"open-source,developer-fuel",3,5,1,5,3,1,"A bold roast that compiles cleanly on the first run.",250g,whole_bean,12.15,109,BEAN-0306-250g-WHO,0
BEAN-0306,"Wormhole Wakeup",Brazil,"Minas Gerais","Finca Stack Plantation",1461,washed,32.8594,77.9581,medium-dark,2026-03-26,"Eventual Consistency Roasting",orange,"open-source,developer-fuel",3,5,1,5,3,1,"A bold roast that compiles cleanly on the first run.",250g,french_press,18.27,103,BEAN-0306-250g-FRE,1
BEAN-0306,"Wormhole Wakeup",Brazil,"Minas Gerais","Finca Stack Plantation",1461,washed,32.8594,77.9581,medium-dark,2026-03-26,"Eventual Consistency Roasting",orange,"open-source,developer-fuel",3,5,1,5,3,1,"A bold roast that compiles cleanly on the first run.",100g,aeropress,8.21,186,BEAN-0306-100g-AER,2
BEAN-0306,"Wormhole Wakeup",Brazil,"Minas Gerais","Finca Stack Plantation",1461,washed,32.8594,77.9581,medium-dark,2026-03-26,"Eventual Consistency Roasting",orange,"open-source,developer-fuel",3,5,1,5,3,1,"A bold roast that compiles cleanly on the first run.",100g,moka,4.8,98,BEAN-0306-100g-MOK,3
BEAN-0307,"Druid's Drip",Ethiopia,Yirgacheffe,"Finca Bit Bucket",1937,wet-hulled,light,2026-05-09,"ASCII Coffee","ambition,rose,victory,hazelnut","decaf,developer-fuel",10,8,3,5,6,1,500g,aeropress,26.35,5,BEAN-0307-500g-AER,0
BEAN-0307,"Druid's Drip",Ethiopia,Yirgacheffe,"Finca Bit Bucket",1937,wet-hulled,light,2026-05-09,"ASCII Coffee","ambition,rose,victory,hazelnut","decaf,developer-fuel",10,8,3,5,6,1,100g,whole_bean,8.36,26,BEAN-0307-100g-WHO,1
BEAN-0308,"Bash Brew",Colombia,Huila,"Finca Heap Hill",1616,anaerobic,medium-light,2026-02-10,"The Daily Brew","berry,tail-call sweetness","blend,developer-fuel,espresso-friendly,battle-tested",4,2,5,6,2,1,"Brewed under the careful eye of our QA team.",100g,whole_bean,8.84,45,BEAN-0308-100g-WHO,0
BEAN-0308,"Bash Brew",Colombia,Huila,"Finca Heap Hill",1616,anaerobic,medium-light,2026-02-10,"The Daily Brew","berry,tail-call sweetness","blend,developer-fuel,espresso-friendly,battle-tested",4,2,5,6,2,1,"Brewed under the careful eye of our QA team.",1kg,moka,45.68,46,BEAN-0308-1kg-MOK,1
BEAN-0309,"Curie's Cup",Hyperborea,"Northern Reaches","Finca Null Acres",1446,washed,medium,2026-01-04,"FIFO Coffee Bar","strawberry,victory",organic,3,3,6,3,7,1,"Pairs well with rubber duck debugging.",1kg,turkish,43.54,147,BEAN-0309-1kg-TUR,0
BEAN-0309,"Curie's Cup",Hyperborea,"Northern Reaches","Finca Null Acres",1446,washed,medium,2026-01-04,"FIFO Coffee Bar","strawberry,victory",organic,3,3,6,3,7,1,"Pairs well with rubber duck debugging.",1kg,aeropress,45.23,23,BEAN-0309-1kg-AER,1
BEAN-0309,"Curie's Cup",Hyperborea,"Northern Reaches","Finca Null Acres",1446,washed,medium,2026-01-04,"FIFO Coffee Bar","strawberry,victory",organic,3,3,6,3,7,1,"Pairs well with rubber duck debugging.",500g,espresso,23.45,98,BEAN-0309-500g-ESP,2
BEAN-0310,"Dark Matter Mocha",Hawaii,Kona,"Finca Commit Hill",1006,honey,medium-light,2025-11-25,"Function Call Cafe","clove,pineapple,tobacco","production-ready,battle-tested,small-batch,rainforest-alliance",2,10,7,9,10,1,250g,aeropress,11.7,92,BEAN-0310-250g-AER,0
BEAN-0310,"Dark Matter Mocha",Hawaii,Kona,"Finca Commit Hill",1006,honey,medium-light,2025-11-25,"Function Call Cafe","clove,pineapple,tobacco","production-ready,battle-tested,small-batch,rainforest-alliance",2,10,7,9,10,1,100g,espresso,11.95,4,BEAN-0310-100g-ESP,1
BEAN-0310,"Dark Matter Mocha",Hawaii,Kona,"Finca Commit Hill",1006,honey,medium-light,2025-11-25,"Function Call Cafe","clove,pineapple,tobacco","production-ready,battle-tested,small-batch,rainforest-alliance",2,10,7,9,10,1,500g,moka,25.79,34,BEAN-0310-500g-MOK,2
BEAN-0310,"Dark Matter Mocha",Hawaii,Kona,"Finca Commit Hill",1006,honey,medium-light,2025-11-25,"Function Call Cafe","clove,pineapple,tobacco","production-ready,battle-tested,small-batch,rainforest-alliance",2,10,7,9,10,1,100g,whole_bean,11.29,92,BEAN-0310-100g-WHO,3
BEAN-0311,"Merge Conflict Mocha","Costa Rica",Tarrazú,"Finca The Repo",1573,anaerobic,medium-light,2026-03-19,"Function Call Cafe",,"blend,decaf",7,1,7,6,1,1,"Side effects may include: refactoring, enlightenment, productivity.",100g,french_press,10.7,40,BEAN-0311-100g-FRE,0
BEAN-0311,"Merge Conflict Mocha","Costa Rica",Tarrazú,"Finca The Repo",1573,anaerobic,medium-light,2026-03-19,"Function Call Cafe",,"blend,decaf",7,1,7,6,1,1,"Side effects may include: refactoring, enlightenment, productivity.",100g,espresso,6.92,20,BEAN-0311-100g-ESP,1
BEAN-0311,"Merge Conflict Mocha","Costa Rica",Tarrazú,"Finca The Repo",1573,anaerobic,medium-light,2026-03-19,"Function Call Cafe",,"blend,decaf",7,1,7,6,1,1,"Side effects may include: refactoring, enlightenment, productivity.",250g,whole_bean,11.1,106,BEAN-0311-250g-WHO,2
BEAN-0312,"Loot Drop Latte",Atlantis,"Sunken City","Finca Loop Holdings",,anaerobic,medium-dark,2026-02-14,"Eventual Consistency Roasting",,"blend,decaf,fair-trade",1,10,3,9,3,,1kg,moka,48.69,66,BEAN-0312-1kg-MOK,0
BEAN-0312,"Loot Drop Latte",Atlantis,"Sunken City","Finca Loop Holdings",,anaerobic,medium-dark,2026-02-14,"Eventual Consistency Roasting",,"blend,decaf,fair-trade",1,10,3,9,3,,500g,aeropress,23.82,40,BEAN-0312-500g-AER,1
BEAN-0312,"Loot Drop Latte",Atlantis,"Sunken City","Finca Loop Holdings",,anaerobic,medium-dark,2026-02-14,"Eventual Consistency Roasting",,"blend,decaf,fair-trade",1,10,3,9,3,,500g,whole_bean,26.17,32,BEAN-0312-500g-WHO,2
BEAN-0312,"Loot Drop Latte",Atlantis,"Sunken City","Finca Loop Holdings",,anaerobic,medium-dark,2026-02-14,"Eventual Consistency Roasting",,"blend,decaf,fair-trade",1,10,3,9,3,,250g,french_press,15.95,56,BEAN-0312-250g-FRE,3
BEAN-0313,"Pi Day Brew",Hyperborea,"Northern Reaches","Finca Pure Functional Farm",1339,anaerobic,medium-dark,2026-02-20,"The Daily Brew","cinnamon,lemon,caramel","bird-friendly,filter-friendly,limited-edition",2,2,2,6,10,1,"Best paired with a 200 OK.",250g,filter,12.3,27,BEAN-0313-250g-FIL,0
BEAN-0313,"Pi Day Brew",Hyperborea,"Northern Reaches","Finca Pure Functional Farm",1339,anaerobic,medium-dark,2026-02-20,"The Daily Brew","cinnamon,lemon,caramel","bird-friendly,filter-friendly,limited-edition",2,2,2,6,10,1,"Best paired with a 200 OK.",100g,espresso,8.78,193,BEAN-0313-100g-ESP,1
BEAN-0314,"Big Endian Blend ☕",Indonesia,Sumatra,"Finca San Miguel",1237,wet-hulled,30.7249,14.9297,dark,2026-04-30,"The Bean Counters","milk chocolate,caramel,jasmine",seasonal,1,6,5,7,9,1,500g,espresso,27.62,24,BEAN-0314-500g-ESP,0
BEAN-0314,"Big Endian Blend ☕",Indonesia,Sumatra,"Finca San Miguel",1237,wet-hulled,30.7249,14.9297,dark,2026-04-30,"The Bean Counters","milk chocolate,caramel,jasmine",seasonal,1,6,5,7,9,1,500g,french_press,29.17,128,BEAN-0314-500g-FRE,1
BEAN-0314,"Big Endian Blend ☕",Indonesia,Sumatra,"Finca San Miguel",1237,wet-hulled,30.7249,14.9297,dark,2026-04-30,"The Bean Counters","milk chocolate,caramel,jasmine",seasonal,1,6,5,7,9,1,100g,moka,10.46,38,BEAN-0314-100g-MOK,2
BEAN-0315,"Lambda Latte",Brazil,"Minas Gerais","Finca Stack Plantation",1349,washed,french,2026-04-18,"Function Call Cafe","tail-call sweetness","espresso-friendly,compile-grade",9,10,9,6,8,1,500g,moka,28.85,110,BEAN-0315-500g-MOK,0
BEAN-0315,"Lambda Latte",Brazil,"Minas Gerais","Finca Stack Plantation",1349,washed,french,2026-04-18,"Function Call Cafe","tail-call sweetness","espresso-friendly,compile-grade",9,10,9,6,8,1,100g,aeropress,10.19,99,BEAN-0315-100g-AER,1
BEAN-0316,"Cache Miss Mocha",India,Karnataka,"Finca Stack Plantation",1221,washed,light,2026-04-05,"Buffer Overflow Brewing","hazelnut,tobacco,almond,woody","espresso-friendly,seasonal,battle-tested",2,5,10,6,6,,"If found defective, please file a bug report.",1kg,filter,50.89,65,BEAN-0316-1kg-FIL,0
BEAN-0316,"Cache Miss Mocha",India,Karnataka,"Finca Stack Plantation",1221,washed,light,2026-04-05,"Buffer Overflow Brewing","hazelnut,tobacco,almond,woody","espresso-friendly,seasonal,battle-tested",2,5,10,6,6,,"If found defective, please file a bug report.",1kg,aeropress,50.39,31,BEAN-0316-1kg-AER,1
BEAN-0317,"Cosmic Ray Roast",Nicaragua,Jinotega,"Finca Branch Estate",1738,natural,7.6114,51.3466,medium-dark,2026-02-07,"Pure Function Pour-Over","jasmine,lavender,hazelnut,tail-call sweetness","compile-grade,nerd-approved,limited-edition,fair-trade",10,1,4,9,1,1,1kg,espresso,47.56,18,BEAN-0317-1kg-ESP,0
BEAN-0317,"Cosmic Ray Roast",Nicaragua,Jinotega,"Finca Branch Estate",1738,natural,7.6114,51.3466,medium-dark,2026-02-07,"Pure Function Pour-Over","jasmine,lavender,hazelnut,tail-call sweetness","compile-grade,nerd-approved,limited-edition,fair-trade",10,1,4,9,1,1,250g,french_press,17.99,171,BEAN-0317-250g-FRE,1
BEAN-0318,"Goto Statement Espresso",Brazil,Mogiana,"Finca San Miguel",1274,anaerobic,medium-dark,2026-03-21,"Daemon Roasters","vanilla,jasmine","battle-tested,developer-fuel,filter-friendly",8,2,5,8,1,1,"Now with 30% fewer race conditions.",250g,aeropress,12.71,145,BEAN-0318-250g-AER,0
BEAN-0318,"Goto Statement Espresso",Brazil,Mogiana,"Finca San Miguel",1274,anaerobic,medium-dark,2026-03-21,"Daemon Roasters","vanilla,jasmine","battle-tested,developer-fuel,filter-friendly",8,2,5,8,1,1,"Now with 30% fewer race conditions.",100g,moka,10.19,15,BEAN-0318-100g-MOK,1
BEAN-0318,"Goto Statement Espresso",Brazil,Mogiana,"Finca San Miguel",1274,anaerobic,medium-dark,2026-03-21,"Daemon Roasters","vanilla,jasmine","battle-tested,developer-fuel,filter-friendly",8,2,5,8,1,1,"Now with 30% fewer race conditions.",500g,turkish,25.44,121,BEAN-0318-500g-TUR,2
BEAN-0318,"Goto Statement Espresso",Brazil,Mogiana,"Finca San Miguel",1274,anaerobic,medium-dark,2026-03-21,"Daemon Roasters","vanilla,jasmine","battle-tested,developer-fuel,filter-friendly",8,2,5,8,1,1,"Now with 30% fewer race conditions.",250g,whole_bean,12.69,5,BEAN-0318-250g-WHO,3
BEAN-0319,"Async/Await Awakening",Ethiopia,Yirgacheffe,"Finca San Miguel",1872,honey,medium-dark,2026-04-21,"Buffer Overflow Brewing","clove,apricot,bergamot","espresso-friendly,fair-trade,single-origin",7,6,5,3,4,1,"Side effects may include: refactoring, enlightenment, productivity.",1kg,moka,48.51,41,BEAN-0319-1kg-MOK,0
BEAN-0319,"Async/Await Awakening",Ethiopia,Yirgacheffe,"Finca San Miguel",1872,honey,medium-dark,2026-04-21,"Buffer Overflow Brewing","clove,apricot,bergamot","espresso-friendly,fair-trade,single-origin",7,6,5,3,4,1,"Side effects may include: refactoring, enlightenment, productivity.",1kg,filter,50.3,146,BEAN-0319-1kg-FIL,1
BEAN-0319,"Async/Await Awakening",Ethiopia,Yirgacheffe,"Finca San Miguel",1872,honey,medium-dark,2026-04-21,"Buffer Overflow Brewing","clove,apricot,bergamot","espresso-friendly,fair-trade,single-origin",7,6,5,3,4,1,"Side effects may include: refactoring, enlightenment, productivity.",1kg,turkish,43.08,200,BEAN-0319-1kg-TUR,2
BEAN-0320,"Euler's Espresso",Brazil,"Minas Gerais","Finca Commit Hill",1165,honey,light,2026-04-03,"Eventual Consistency Roasting",tobacco,"blend,bird-friendly,limited-edition",9,1,8,3,8,1,"A bold roast that compiles cleanly on the first run.",100g,espresso,9.97,48,BEAN-0320-100g-ESP,0
BEAN-0320,"Euler's Espresso",Brazil,"Minas Gerais","Finca Commit Hill",1165,honey,light,2026-04-03,"Eventual Consistency Roasting",tobacco,"blend,bird-friendly,limited-edition",9,1,8,3,8,1,"A bold roast that compiles cleanly on the first run.",1kg,aeropress,47.37,42,BEAN-0320-1kg-AER,1
BEAN-0320,"Euler's Espresso",Brazil,"Minas Gerais","Finca Commit Hill",1165,honey,light,2026-04-03,"Eventual Consistency Roasting",tobacco,"blend,bird-friendly,limited-edition",9,1,8,3,8,1,"A bold roast that compiles cleanly on the first run.",1kg,espresso,45.78,48,BEAN-0320-1kg-ESP,2
BEAN-0321,"Black Hole Brew",Colombia,Huila,"Finca Loop Holdings",1654,wet-hulled,-23.8501,115.1493,light,2025-11-13,"Idempotent Espresso","clove,hibiscus,mango","compile-grade,direct-trade,blend,espresso-friendly",8,7,6,3,9,1,"Side effects may include: refactoring, enlightenment, productivity.",1kg,filter,49.76,176,BEAN-0321-1kg-FIL,0
BEAN-0321,"Black Hole Brew",Colombia,Huila,"Finca Loop Holdings",1654,wet-hulled,-23.8501,115.1493,light,2025-11-13,"Idempotent Espresso","clove,hibiscus,mango","compile-grade,direct-trade,blend,espresso-friendly",8,7,6,3,9,1,"Side effects may include: refactoring, enlightenment, productivity.",1kg,aeropress,45.27,158,BEAN-0321-1kg-AER,1
BEAN-0321,"Black Hole Brew",Colombia,Huila,"Finca Loop Holdings",1654,wet-hulled,-23.8501,115.1493,light,2025-11-13,"Idempotent Espresso","clove,hibiscus,mango","compile-grade,direct-trade,blend,espresso-friendly",8,7,6,3,9,1,"Side effects may include: refactoring, enlightenment, productivity.",100g,whole_bean,10.45,26,BEAN-0321-100g-WHO,2
BEAN-0322,"Save Point Sumatra",Ethiopia,Sidamo,"Finca Stack Plantation",1924,wet-hulled,dark,2026-05-03,"FIFO Coffee Bar","clove,bergamot","nerd-approved,production-ready",7,2,4,8,2,1,1kg,french_press,50.26,165,BEAN-0322-1kg-FRE,0
BEAN-0322,"Save Point Sumatra",Ethiopia,Sidamo,"Finca Stack Plantation",1924,wet-hulled,dark,2026-05-03,"FIFO Coffee Bar","clove,bergamot","nerd-approved,production-ready",7,2,4,8,2,1,1kg,whole_bean,50.52,200,BEAN-0322-1kg-WHO,1
BEAN-0322,"Save Point Sumatra",Ethiopia,Sidamo,"Finca Stack Plantation",1924,wet-hulled,dark,2026-05-03,"FIFO Coffee Bar","clove,bergamot","nerd-approved,production-ready",7,2,4,8,2,1,250g,moka,13.27,168,BEAN-0322-250g-MOK,2
BEAN-0323,"Nebula Nitro",Panama,Boquete,"Finca La Esperanza",1423,anaerobic,light,2026-05-08,"Bit Roasters",lavender,"direct-trade,espresso-friendly,bird-friendly",4,9,7,4,10,1,"Now with 30% fewer race conditions.",1kg,espresso,50.52,99,BEAN-0323-1kg-ESP,0
BEAN-0323,"Nebula Nitro",Panama,Boquete,"Finca La Esperanza",1423,anaerobic,light,2026-05-08,"Bit Roasters",lavender,"direct-trade,espresso-friendly,bird-friendly",4,9,7,4,10,1,"Now with 30% fewer race conditions.",250g,french_press,18.23,132,BEAN-0323-250g-FRE,1
BEAN-0323,"Nebula Nitro",Panama,Boquete,"Finca La Esperanza",1423,anaerobic,light,2026-05-08,"Bit Roasters",lavender,"direct-trade,espresso-friendly,bird-friendly",4,9,7,4,10,1,"Now with 30% fewer race conditions.",250g,whole_bean,16.68,32,BEAN-0323-250g-WHO,2
BEAN-0323,"Nebula Nitro",Panama,Boquete,"Finca La Esperanza",1423,anaerobic,light,2026-05-08,"Bit Roasters",lavender,"direct-trade,espresso-friendly,bird-friendly",4,9,7,4,10,1,"Now with 30% fewer race conditions.",100g,aeropress,8.62,100,BEAN-0323-100g-AER,3
BEAN-0324,"Lambda Latte",Peru,Cajamarca,"Finca San Miguel",1604,washed,43.9358,100.7266,light,2026-01-20,"Bit Roasters","citrus,dark chocolate,maple syrup,victory",open-source,7,1,3,8,6,1,"Recommended by 9 out of 10 over-tired developers.",250g,filter,12.55,62,BEAN-0324-250g-FIL,0
BEAN-0324,"Lambda Latte",Peru,Cajamarca,"Finca San Miguel",1604,washed,43.9358,100.7266,light,2026-01-20,"Bit Roasters","citrus,dark chocolate,maple syrup,victory",open-source,7,1,3,8,6,1,"Recommended by 9 out of 10 over-tired developers.",1kg,turkish,45.08,13,BEAN-0324-1kg-TUR,1
BEAN-0324,"Lambda Latte",Peru,Cajamarca,"Finca San Miguel",1604,washed,43.9358,100.7266,light,2026-01-20,"Bit Roasters","citrus,dark chocolate,maple syrup,victory",open-source,7,1,3,8,6,1,"Recommended by 9 out of 10 over-tired developers.",500g,whole_bean,29.48,160,BEAN-0324-500g-WHO,2
BEAN-0325,"Bitwise Brew ☕",Honduras,Copán,"Finca Bit Bucket",1434,washed,light,2026-01-05,"Tail Call Tea",cardamom,developer-fuel,1,7,2,8,2,1,"Fuel for the 3am production incident.",500g,aeropress,29.27,41,BEAN-0325-500g-AER,0
BEAN-0325,"Bitwise Brew ☕",Honduras,Copán,"Finca Bit Bucket",1434,washed,light,2026-01-05,"Tail Call Tea",cardamom,developer-fuel,1,7,2,8,2,1,"Fuel for the 3am production incident.",250g,filter,11.08,45,BEAN-0325-250g-FIL,1
BEAN-0325,"Bitwise Brew ☕",Honduras,Copán,"Finca Bit Bucket",1434,washed,light,2026-01-05,"Tail Call Tea",cardamom,developer-fuel,1,7,2,8,2,1,"Fuel for the 3am production incident.",100g,whole_bean,11.81,88,BEAN-0325-100g-WHO,2
BEAN-0326,"Respawn Roast","Mount Olympus",Pelion,"Finca San Miguel",2830,natural,dark,2026-05-04,"Brewed in Berlin",,"filter-friendly,shade-grown",2,4,1,6,3,1,250g,filter,13.19,51,BEAN-0326-250g-FIL,0
BEAN-0326,"Respawn Roast","Mount Olympus",Pelion,"Finca San Miguel",2830,natural,dark,2026-05-04,"Brewed in Berlin",,"filter-friendly,shade-grown",2,4,1,6,3,1,100g,filter,9.66,166,BEAN-0326-100g-FIL,1
BEAN-0326,"Respawn Roast","Mount Olympus",Pelion,"Finca San Miguel",2830,natural,dark,2026-05-04,"Brewed in Berlin",,"filter-friendly,shade-grown",2,4,1,6,3,1,500g,french_press,27.96,126,BEAN-0326-500g-FRE,2
BEAN-0327,"Python Pour-Over ☕",Brazil,Mogiana,"Finca Commit Hill",1001,honey,medium-dark,2026-04-15,"The Bean Counters","floral,lemon,bergamot,regret","bird-friendly,nerd-approved,battle-tested,limited-edition",6,10,2,10,7,1,"Single-origin, single-threaded, single-purpose.",500g,aeropress,28.55,115,BEAN-0327-500g-AER,0
BEAN-0327,"Python Pour-Over ☕",Brazil,Mogiana,"Finca Commit Hill",1001,honey,medium-dark,2026-04-15,"The Bean Counters","floral,lemon,bergamot,regret","bird-friendly,nerd-approved,battle-tested,limited-edition",6,10,2,10,7,1,"Single-origin, single-threaded, single-purpose.",250g,whole_bean,18.66,64,BEAN-0327-250g-WHO,1
BEAN-0327,"Python Pour-Over ☕",Brazil,Mogiana,"Finca Commit Hill",1001,honey,medium-dark,2026-04-15,"The Bean Counters","floral,lemon,bergamot,regret","bird-friendly,nerd-approved,battle-tested,limited-edition",6,10,2,10,7,1,"Single-origin, single-threaded, single-purpose.",1kg,filter,47.83,165,BEAN-0327-1kg-FIL,2
BEAN-0328,"TCP Triple-Shot","El Dorado","Lake Guatavita","Finca Heap Hill",3065,natural,medium,2026-03-10,"Isotope Roasters","compile-time aroma","shade-grown,decaf,direct-trade",2,1,6,1,6,1,500g,espresso,26.49,98,BEAN-0328-500g-ESP,0
BEAN-0328,"TCP Triple-Shot","El Dorado","Lake Guatavita","Finca Heap Hill",3065,natural,medium,2026-03-10,"Isotope Roasters","compile-time aroma","shade-grown,decaf,direct-trade",2,1,6,1,6,1,500g,moka,23.7,55,BEAN-0328-500g-MOK,1
BEAN-0328,"TCP Triple-Shot","El Dorado","Lake Guatavita","Finca Heap Hill",3065,natural,medium,2026-03-10,"Isotope Roasters","compile-time aroma","shade-grown,decaf,direct-trade",2,1,6,1,6,1,100g,moka,6.22,155,BEAN-0328-100g-MOK,2
BEAN-0329,"Side Quest Sumatra",Jamaica,"Blue Mountain","Finca Commit Hill",1515,anaerobic,12.3427,26.053,medium,2026-02-19,"Loops & Beans",caramel,"developer-fuel,fair-trade,limited-edition,bird-friendly",2,2,8,3,10,1,"A bold roast that compiles cleanly on the first run.",100g,filter,4.14,200,BEAN-0329-100g-FIL,0
BEAN-0329,"Side Quest Sumatra",Jamaica,"Blue Mountain","Finca Commit Hill",1515,anaerobic,12.3427,26.053,medium,2026-02-19,"Loops & Beans",caramel,"developer-fuel,fair-trade,limited-edition,bird-friendly",2,2,8,3,10,1,"A bold roast that compiles cleanly on the first run.",100g,french_press,6.27,103,BEAN-0329-100g-FRE,1
BEAN-0330,"Boolean Bean",Hyperborea,"Northern Reaches","Finca Heap Hill",1710,honey,medium,2026-02-19,"Tail Call Tea","hazelnut,pineapple,jasmine","battle-tested,fair-trade,rainforest-alliance,seasonal",8,8,2,6,10,,100g,espresso,4.84,82,BEAN-0330-100g-ESP,0
BEAN-0330,"Boolean Bean",Hyperborea,"Northern Reaches","Finca Heap Hill",1710,honey,medium,2026-02-19,"Tail Call Tea","hazelnut,pineapple,jasmine","battle-tested,fair-trade,rainforest-alliance,seasonal",8,8,2,6,10,,1kg,espresso,44.36,48,BEAN-0330-1kg-ESP,1
BEAN-0331,"Console Command Cold Brew",Colombia,Huila,"Finca Pure Functional Farm",1978,washed,medium,2026-04-30,"ASCII Coffee",,"single-origin,limited-edition,direct-trade",10,7,5,3,3,1,"Pairs well with rubber duck debugging.",500g,turkish,23.18,149,BEAN-0331-500g-TUR,0
BEAN-0331,"Console Command Cold Brew",Colombia,Huila,"Finca Pure Functional Farm",1978,washed,medium,2026-04-30,"ASCII Coffee",,"single-origin,limited-edition,direct-trade",10,7,5,3,3,1,"Pairs well with rubber duck debugging.",1kg,aeropress,46.57,31,BEAN-0331-1kg-AER,1
BEAN-0332,"Yak Shaving Yirgacheffe",Peru,Cajamarca,"Finca Pure Functional Farm",1895,anaerobic,medium-light,2026-04-18,"Stack Trace Roasters","victory,hazelnut","production-ready,small-batch,filter-friendly",2,2,8,1,4,,"Now with 30% fewer race conditions.",1kg,espresso,46.9,87,BEAN-0332-1kg-ESP,0
BEAN-0332,"Yak Shaving Yirgacheffe",Peru,Cajamarca,"Finca Pure Functional Farm",1895,anaerobic,medium-light,2026-04-18,"Stack Trace Roasters","victory,hazelnut","production-ready,small-batch,filter-friendly",2,2,8,1,4,,"Now with 30% fewer race conditions.",250g,turkish,15.72,135,BEAN-0332-250g-TUR,1
BEAN-0333,"Avogadro's Bean",Brazil,"Minas Gerais","Finca The Repo",1434,washed,medium-light,2026-03-16,"Tail Call Tea","earthy,maple syrup,peach","rainforest-alliance,filter-friendly",2,5,7,3,5,1,100g,espresso,7.69,27,BEAN-0333-100g-ESP,0
BEAN-0333,"Avogadro's Bean",Brazil,"Minas Gerais","Finca The Repo",1434,washed,medium-light,2026-03-16,"Tail Call Tea","earthy,maple syrup,peach","rainforest-alliance,filter-friendly",2,5,7,3,5,1,100g,french_press,5.5,7,BEAN-0333-100g-FRE,1
BEAN-0333,"Avogadro's Bean",Brazil,"Minas Gerais","Finca The Repo",1434,washed,medium-light,2026-03-16,"Tail Call Tea","earthy,maple syrup,peach","rainforest-alliance,filter-friendly",2,5,7,3,5,1,1kg,aeropress,47.25,90,BEAN-0333-1kg-AER,2
BEAN-0334,"Light-Speed Latte",Vietnam,"Đắk Lắk","Finca Heap Hill",477,wet-hulled,medium-dark,2026-01-01,"Cache Coherence Coffee",,"limited-edition,shade-grown,blend,fair-trade",7,7,4,5,4,1,"Fuel for the 3am production incident.",1kg,moka,46.47,174,BEAN-0334-1kg-MOK,0
BEAN-0334,"Light-Speed Latte",Vietnam,"Đắk Lắk","Finca Heap Hill",477,wet-hulled,medium-dark,2026-01-01,"Cache Coherence Coffee",,"limited-edition,shade-grown,blend,fair-trade",7,7,4,5,4,1,"Fuel for the 3am production incident.",100g,aeropress,5.99,28,BEAN-0334-100g-AER,1
BEAN-0334,"Light-Speed Latte",Vietnam,"Đắk Lắk","Finca Heap Hill",477,wet-hulled,medium-dark,2026-01-01,"Cache Coherence Coffee",,"limited-edition,shade-grown,blend,fair-trade",7,7,4,5,4,1,"Fuel for the 3am production incident.",250g,whole_bean,11.43,9,BEAN-0334-250g-WHO,2
BEAN-0335,"Bash Brew",Hawaii,Kona,"Finca Pure Functional Farm",958,anaerobic,medium-dark,2026-01-31,"ASCII Coffee",regret,"developer-fuel,filter-friendly,espresso-friendly",4,6,5,10,5,1,"Smooth like a well-balanced API.",1kg,aeropress,45.44,176,BEAN-0335-1kg-AER,0
BEAN-0336,"Quantum Espresso","Costa Rica",Tarrazú,"Finca La Esperanza",1572,anaerobic,medium-dark,2026-02-15,"Bit Roasters",strawberry,espresso-friendly,1,10,6,8,10,,1kg,whole_bean,43.36,4,BEAN-0336-1kg-WHO,0
BEAN-0336,"Quantum Espresso","Costa Rica",Tarrazú,"Finca La Esperanza",1572,anaerobic,medium-dark,2026-02-15,"Bit Roasters",strawberry,espresso-friendly,1,10,6,8,10,,500g,turkish,23.83,128,BEAN-0336-500g-TUR,1
BEAN-0336,"Quantum Espresso","Costa Rica",Tarrazú,"Finca La Esperanza",1572,anaerobic,medium-dark,2026-02-15,"Bit Roasters",strawberry,espresso-friendly,1,10,6,8,10,,250g,turkish,12.17,24,BEAN-0336-250g-TUR,2
BEAN-0336,"Quantum Espresso","Costa Rica",Tarrazú,"Finca La Esperanza",1572,anaerobic,medium-dark,2026-02-15,"Bit Roasters",strawberry,espresso-friendly,1,10,6,8,10,,100g,filter,10.43,85,BEAN-0336-100g-FIL,3
BEAN-0337,"Python Pour-Over",Panama,Boquete,"Finca Loop Holdings",1549,honey,medium-dark,2026-05-08,"Tail Call Tea","victory,rose","blend,limited-edition,compile-grade,organic",3,7,4,3,6,1,"Pairs well with rubber duck debugging.",1kg,filter,44.65,22,BEAN-0337-1kg-FIL,0
BEAN-0337,"Python Pour-Over",Panama,Boquete,"Finca Loop Holdings",1549,honey,medium-dark,2026-05-08,"Tail Call Tea","victory,rose","blend,limited-edition,compile-grade,organic",3,7,4,3,6,1,"Pairs well with rubber duck debugging.",250g,french_press,16.11,70,BEAN-0337-250g-FRE,1
BEAN-0338,"Loot Drop Latte",Brazil,Mogiana,"Finca Commit Hill",1035,honey,medium,2026-01-31,"The Bean Counters","raspberry,floral,grapefruit",open-source,9,6,10,2,7,1,"Pairs well with rubber duck debugging.",500g,filter,22.88,2,BEAN-0338-500g-FIL,0
BEAN-0338,"Loot Drop Latte",Brazil,Mogiana,"Finca Commit Hill",1035,honey,medium,2026-01-31,"The Bean Counters","raspberry,floral,grapefruit",open-source,9,6,10,2,7,1,"Pairs well with rubber duck debugging.",1kg,aeropress,44.18,174,BEAN-0338-1kg-AER,1
BEAN-0338,"Loot Drop Latte",Brazil,Mogiana,"Finca Commit Hill",1035,honey,medium,2026-01-31,"The Bean Counters","raspberry,floral,grapefruit",open-source,9,6,10,2,7,1,"Pairs well with rubber duck debugging.",250g,moka,18.73,159,BEAN-0338-250g-MOK,2
BEAN-0339,"Tavern Triple Shot",Honduras,Copán,"Finca Stack Plantation",1307,washed,medium-light,2026-02-28,"The Bean Counters",,developer-fuel,5,1,7,6,1,,"Recommended by 9 out of 10 over-tired developers.",500g,turkish,28.87,170,BEAN-0339-500g-TUR,0
BEAN-0339,"Tavern Triple Shot",Honduras,Copán,"Finca Stack Plantation",1307,washed,medium-light,2026-02-28,"The Bean Counters",,developer-fuel,5,1,7,6,1,,"Recommended by 9 out of 10 over-tired developers.",250g,whole_bean,16.71,36,BEAN-0339-250g-WHO,1
BEAN-0340,"Merge Conflict Mocha",Indonesia,Sumatra,"Finca Stack Plantation",1116,honey,medium-light,2025-11-19,"The Daily Brew","nutmeg,cardamom,almond","seasonal,battle-tested,espresso-friendly",10,7,6,10,3,1,"Has been peer-reviewed.",250g,french_press,15.43,77,BEAN-0340-250g-FRE,0
BEAN-0340,"Merge Conflict Mocha",Indonesia,Sumatra,"Finca Stack Plantation",1116,honey,medium-light,2025-11-19,"The Daily Brew","nutmeg,cardamom,almond","seasonal,battle-tested,espresso-friendly",10,7,6,10,3,1,"Has been peer-reviewed.",500g,whole_bean,24.38,160,BEAN-0340-500g-WHO,1
BEAN-0341,"Light-Speed Latte",Ethiopia,Sidamo,"Finca The Repo",1670,anaerobic,french,2026-02-20,"Pure Function Pour-Over","woody,hibiscus","nerd-approved,bird-friendly,open-source,battle-tested",1,9,1,7,2,1,"Pairs well with rubber duck debugging.",500g,turkish,23.94,131,BEAN-0341-500g-TUR,0
BEAN-0341,"Light-Speed Latte",Ethiopia,Sidamo,"Finca The Repo",1670,anaerobic,french,2026-02-20,"Pure Function Pour-Over","woody,hibiscus","nerd-approved,bird-friendly,open-source,battle-tested",1,9,1,7,2,1,"Pairs well with rubber duck debugging.",500g,espresso,26.97,144,BEAN-0341-500g-ESP,1
BEAN-0341,"Light-Speed Latte",Ethiopia,Sidamo,"Finca The Repo",1670,anaerobic,french,2026-02-20,"Pure Function Pour-Over","woody,hibiscus","nerd-approved,bird-friendly,open-source,battle-tested",1,9,1,7,2,1,"Pairs well with rubber duck debugging.",500g,whole_bean,28.04,100,BEAN-0341-500g-WHO,2
BEAN-0342,"Respawn Roast","Costa Rica",Tarrazú,"Finca La Esperanza",1929,washed,light,2026-03-03,"The Daily Brew",,"battle-tested,blend,seasonal",10,8,6,1,2,1,"Pairs well with rubber duck debugging.",100g,aeropress,5.64,36,BEAN-0342-100g-AER,0
BEAN-0342,"Respawn Roast","Costa Rica",Tarrazú,"Finca La Esperanza",1929,washed,light,2026-03-03,"The Daily Brew",,"battle-tested,blend,seasonal",10,8,6,1,2,1,"Pairs well with rubber duck debugging.",1kg,espresso,44.79,172,BEAN-0342-1kg-ESP,1
BEAN-0342,"Respawn Roast","Costa Rica",Tarrazú,"Finca La Esperanza",1929,washed,light,2026-03-03,"The Daily Brew",,"battle-tested,blend,seasonal",10,8,6,1,2,1,"Pairs well with rubber duck debugging.",250g,filter,16.03,184,BEAN-0342-250g-FIL,2
BEAN-0343,"Regex Roast",Ethiopia,Sidamo,"Finca La Esperanza",1634,natural,dark,2026-04-11,"Pure Function Pour-Over",,"filter-friendly,blend",8,1,9,8,7,,"Single-origin, single-threaded, single-purpose.",1kg,french_press,50.86,60,BEAN-0343-1kg-FRE,0
BEAN-0343,"Regex Roast",Ethiopia,Sidamo,"Finca La Esperanza",1634,natural,dark,2026-04-11,"Pure Function Pour-Over",,"filter-friendly,blend",8,1,9,8,7,,"Single-origin, single-threaded, single-purpose.",500g,turkish,26.9,112,BEAN-0343-500g-TUR,1
BEAN-0344,"404: Bean Not Found",Brazil,Mogiana,"Finca Pure Functional Farm",972,natural,medium-light,2026-01-01,"Brewed in Berlin",smoky,"seasonal,battle-tested,blend,developer-fuel",6,5,7,7,2,1,250g,whole_bean,13.27,30,BEAN-0344-250g-WHO,0
BEAN-0344,"404: Bean Not Found",Brazil,Mogiana,"Finca Pure Functional Farm",972,natural,medium-light,2026-01-01,"Brewed in Berlin",smoky,"seasonal,battle-tested,blend,developer-fuel",6,5,7,7,2,1,1kg,whole_bean,47.64,8,BEAN-0344-1kg-WHO,1
BEAN-0344,"404: Bean Not Found",Brazil,Mogiana,"Finca Pure Functional Farm",972,natural,medium-light,2026-01-01,"Brewed in Berlin",smoky,"seasonal,battle-tested,blend,developer-fuel",6,5,7,7,2,1,500g,espresso,25.74,185,BEAN-0344-500g-ESP,2
BEAN-0344,"404: Bean Not Found",Brazil,Mogiana,"Finca Pure Functional Farm",972,natural,medium-light,2026-01-01,"Brewed in Berlin",smoky,"seasonal,battle-tested,blend,developer-fuel",6,5,7,7,2,1,1kg,filter,43.07,40,BEAN-0344-1kg-FIL,3
BEAN-0345,"Andromeda Espresso",Atlantis,"Sunken City","Finca The Repo",,anaerobic,-22.9335,71.2331,dark,2026-04-25,"O(1) Coffee",hibiscus,"nerd-approved,decaf,limited-edition",5,7,2,8,7,1,"Brewed under the careful eye of our QA team.",250g,moka,16.67,129,BEAN-0345-250g-MOK,0
BEAN-0345,"Andromeda Espresso",Atlantis,"Sunken City","Finca The Repo",,anaerobic,-22.9335,71.2331,dark,2026-04-25,"O(1) Coffee",hibiscus,"nerd-approved,decaf,limited-edition",5,7,2,8,7,1,"Brewed under the careful eye of our QA team.",500g,espresso,27.58,150,BEAN-0345-500g-ESP,1
BEAN-0345,"Andromeda Espresso",Atlantis,"Sunken City","Finca The Repo",,anaerobic,-22.9335,71.2331,dark,2026-04-25,"O(1) Coffee",hibiscus,"nerd-approved,decaf,limited-edition",5,7,2,8,7,1,"Brewed under the careful eye of our QA team.",500g,moka,26.94,103,BEAN-0345-500g-MOK,2
BEAN-0346,"Boltzmann Brew",Kenya,Nyeri,"Finca The Sandbox",1865,natural,french,2026-03-12,"ASCII Coffee",regret,"bird-friendly,single-origin,fair-trade,limited-edition",2,1,2,8,6,1,"Has been peer-reviewed.",250g,filter,11.86,115,BEAN-0346-250g-FIL,0
BEAN-0346,"Boltzmann Brew",Kenya,Nyeri,"Finca The Sandbox",1865,natural,french,2026-03-12,"ASCII Coffee",regret,"bird-friendly,single-origin,fair-trade,limited-edition",2,1,2,8,6,1,"Has been peer-reviewed.",1kg,espresso,50.91,146,BEAN-0346-1kg-ESP,1
BEAN-0346,"Boltzmann Brew",Kenya,Nyeri,"Finca The Sandbox",1865,natural,french,2026-03-12,"ASCII Coffee",regret,"bird-friendly,single-origin,fair-trade,limited-edition",2,1,2,8,6,1,"Has been peer-reviewed.",250g,espresso,13.02,112,BEAN-0346-250g-ESP,2
BEAN-0346,"Boltzmann Brew",Kenya,Nyeri,"Finca The Sandbox",1865,natural,french,2026-03-12,"ASCII Coffee",regret,"bird-friendly,single-origin,fair-trade,limited-edition",2,1,2,8,6,1,"Has been peer-reviewed.",500g,espresso,23.61,41,BEAN-0346-500g-ESP,3
BEAN-0347,"Grinding Gold",Colombia,Huila,"Finca Commit Hill",1822,washed,medium-light,2026-05-03,"The Recursion Roastery",,"bird-friendly,open-source,production-ready",2,6,3,9,8,1,1kg,moka,45.82,158,BEAN-0347-1kg-MOK,0
BEAN-0347,"Grinding Gold",Colombia,Huila,"Finca Commit Hill",1822,washed,medium-light,2026-05-03,"The Recursion Roastery",,"bird-friendly,open-source,production-ready",2,6,3,9,8,1,250g,turkish,11.54,109,BEAN-0347-250g-TUR,1
BEAN-0348,"Kernel Panic Coffee","El Dorado","Lake Guatavita","Finca Loop Holdings",3164,washed,light,2026-01-04,"Function Call Cafe",,"organic,small-batch,seasonal",5,7,6,2,3,1,"A bold roast that compiles cleanly on the first run.",250g,turkish,15.14,156,BEAN-0348-250g-TUR,0
BEAN-0349,"Garbage Collected Gourmet",India,Karnataka,"Finca Loop Holdings",1141,washed,light,2026-02-14,"SIGTERM Single Origin","grapefruit,rose",decaf,4,9,6,1,4,1,"Ships with no warranty, express or implied.",100g,filter,11.85,106,BEAN-0349-100g-FIL,0
BEAN-0349,"Garbage Collected Gourmet",India,Karnataka,"Finca Loop Holdings",1141,washed,light,2026-02-14,"SIGTERM Single Origin","grapefruit,rose",decaf,4,9,6,1,4,1,"Ships with no warranty, express or implied.",100g,moka,7.83,33,BEAN-0349-100g-MOK,1
BEAN-0349,"Garbage Collected Gourmet",India,Karnataka,"Finca Loop Holdings",1141,washed,light,2026-02-14,"SIGTERM Single Origin","grapefruit,rose",decaf,4,9,6,1,4,1,"Ships with no warranty, express or implied.",500g,aeropress,22.33,9,BEAN-0349-500g-AER,2
BEAN-0349,"Garbage Collected Gourmet",India,Karnataka,"Finca Loop Holdings",1141,washed,light,2026-02-14,"SIGTERM Single Origin","grapefruit,rose",decaf,4,9,6,1,4,1,"Ships with no warranty, express or implied.",1kg,moka,44.8,89,BEAN-0349-1kg-MOK,3
BEAN-0350,"Zsh Espresso",Colombia,Huila,"Finca La Esperanza",1976,washed,medium-light,2025-12-26,"Roast & Roll","tail-call sweetness,ambition,dark chocolate","fair-trade,rainforest-alliance,open-source,decaf",7,7,9,3,2,1,"A bold roast that compiles cleanly on the first run.",500g,filter,23.55,111,BEAN-0350-500g-FIL,0
BEAN-0350,"Zsh Espresso",Colombia,Huila,"Finca La Esperanza",1976,washed,medium-light,2025-12-26,"Roast & Roll","tail-call sweetness,ambition,dark chocolate","fair-trade,rainforest-alliance,open-source,decaf",7,7,9,3,2,1,"A bold roast that compiles cleanly on the first run.",100g,espresso,5.86,150,BEAN-0350-100g-ESP,1
BEAN-0350,"Zsh Espresso",Colombia,Huila,"Finca La Esperanza",1976,washed,medium-light,2025-12-26,"Roast & Roll","tail-call sweetness,ambition,dark chocolate","fair-trade,rainforest-alliance,open-source,decaf",7,7,9,3,2,1,"A bold roast that compiles cleanly on the first run.",1kg,aeropress,49.02,137,BEAN-0350-1kg-AER,2
BEAN-0350,"Zsh Espresso",Colombia,Huila,"Finca La Esperanza",1976,washed,medium-light,2025-12-26,"Roast & Roll","tail-call sweetness,ambition,dark chocolate","fair-trade,rainforest-alliance,open-source,decaf",7,7,9,3,2,1,"A bold roast that compiles cleanly on the first run.",100g,turkish,4.12,184,BEAN-0350-100g-TUR,3
BEAN-0351,"TCP Triple-Shot",Honduras,Copán,"Finca Null Acres",1322,honey,dark,2025-11-25,"Function Call Cafe","peanut butter,brown sugar","developer-fuel,blend,single-origin,production-ready",5,9,4,8,6,1,"Now with 30% fewer race conditions.",1kg,aeropress,45.42,93,BEAN-0351-1kg-AER,0
BEAN-0351,"TCP Triple-Shot",Honduras,Copán,"Finca Null Acres",1322,honey,dark,2025-11-25,"Function Call Cafe","peanut butter,brown sugar","developer-fuel,blend,single-origin,production-ready",5,9,4,8,6,1,"Now with 30% fewer race conditions.",500g,turkish,27.23,134,BEAN-0351-500g-TUR,1
BEAN-0351,"TCP Triple-Shot",Honduras,Copán,"Finca Null Acres",1322,honey,dark,2025-11-25,"Function Call Cafe","peanut butter,brown sugar","developer-fuel,blend,single-origin,production-ready",5,9,4,8,6,1,"Now with 30% fewer race conditions.",500g,filter,27.58,128,BEAN-0351-500g-FIL,2
BEAN-0351,"TCP Triple-Shot",Honduras,Copán,"Finca Null Acres",1322,honey,dark,2025-11-25,"Function Call Cafe","peanut butter,brown sugar","developer-fuel,blend,single-origin,production-ready",5,9,4,8,6,1,"Now with 30% fewer race conditions.",100g,whole_bean,6.77,105,BEAN-0351-100g-WHO,3
BEAN-0352,"Daemon Drink",Hyperborea,"Northern Reaches","Finca The Repo",1799,natural,medium,2025-12-21,"Loops & Beans",,"decaf,fair-trade,small-batch",8,8,2,1,8,1,1kg,filter,49.62,21,BEAN-0352-1kg-FIL,0
BEAN-0352,"Daemon Drink",Hyperborea,"Northern Reaches","Finca The Repo",1799,natural,medium,2025-12-21,"Loops & Beans",,"decaf,fair-trade,small-batch",8,8,2,1,8,1,100g,filter,10.84,98,BEAN-0352-100g-FIL,1
BEAN-0353,"Recursive Espresso",Indonesia,Sumatra,"Finca Heap Hill",1205,natural,french,2026-01-21,"Brewed in Berlin",,"fair-trade,production-ready,shade-grown",1,10,6,5,10,1,1kg,turkish,46.42,186,BEAN-0353-1kg-TUR,0
BEAN-0354,"High Score Hot Brew",Mexico,Chiapas,"Finca Pure Functional Farm",1687,honey,dark,2026-01-13,"SIGTERM Single Origin","regret,honey,apricot,strawberry","rainforest-alliance,nerd-approved",4,3,1,5,5,,"Smooth like a well-balanced API.",500g,filter,26.57,9,BEAN-0354-500g-FIL,0
BEAN-0354,"High Score Hot Brew",Mexico,Chiapas,"Finca Pure Functional Farm",1687,honey,dark,2026-01-13,"SIGTERM Single Origin","regret,honey,apricot,strawberry","rainforest-alliance,nerd-approved",4,3,1,5,5,,"Smooth like a well-balanced API.",500g,aeropress,24,167,BEAN-0354-500g-AER,1
BEAN-0355,"Faraday's Filter ☕",Peru,Cajamarca,"Finca Loop Holdings",1928,natural,medium-dark,2026-01-13,"Bit Roasters","chocolate,woody,milk chocolate","developer-fuel,production-ready,filter-friendly",7,1,10,2,5,1,"Brewed under the careful eye of our QA team.",100g,french_press,5.44,196,BEAN-0355-100g-FRE,0
BEAN-0355,"Faraday's Filter ☕",Peru,Cajamarca,"Finca Loop Holdings",1928,natural,medium-dark,2026-01-13,"Bit Roasters","chocolate,woody,milk chocolate","developer-fuel,production-ready,filter-friendly",7,1,10,2,5,1,"Brewed under the careful eye of our QA team.",500g,filter,28.95,32,BEAN-0355-500g-FIL,1
BEAN-0355,"Faraday's Filter ☕",Peru,Cajamarca,"Finca Loop Holdings",1928,natural,medium-dark,2026-01-13,"Bit Roasters","chocolate,woody,milk chocolate","developer-fuel,production-ready,filter-friendly",7,1,10,2,5,1,"Brewed under the careful eye of our QA team.",250g,aeropress,12.4,158,BEAN-0355-250g-AER,2
BEAN-0356,"Riemann Roast",Rwanda,Nyamasheke,"Finca Stack Plantation",2040,wet-hulled,medium,2026-05-01,"Brewed in Berlin",caramel,"limited-edition,organic,shade-grown",9,1,10,4,6,,"Has been peer-reviewed.",100g,moka,4.62,52,BEAN-0356-100g-MOK,0
BEAN-0356,"Riemann Roast",Rwanda,Nyamasheke,"Finca Stack Plantation",2040,wet-hulled,medium,2026-05-01,"Brewed in Berlin",caramel,"limited-edition,organic,shade-grown",9,1,10,4,6,,"Has been peer-reviewed.",500g,moka,24.97,174,BEAN-0356-500g-MOK,1
BEAN-0356,"Riemann Roast",Rwanda,Nyamasheke,"Finca Stack Plantation",2040,wet-hulled,medium,2026-05-01,"Brewed in Berlin",caramel,"limited-edition,organic,shade-grown",9,1,10,4,6,,"Has been peer-reviewed.",1kg,whole_bean,48.14,72,BEAN-0356-1kg-WHO,2
BEAN-0357,"Dark Matter Mocha",Jamaica,"Blue Mountain","Finca Stack Plantation",1491,honey,dark,2026-05-04,"O(1) Coffee","milk chocolate,blackcurrant","open-source,organic",2,10,4,6,9,1,500g,espresso,25.03,149,BEAN-0357-500g-ESP,0
BEAN-0357,"Dark Matter Mocha",Jamaica,"Blue Mountain","Finca Stack Plantation",1491,honey,dark,2026-05-04,"O(1) Coffee","milk chocolate,blackcurrant","open-source,organic",2,10,4,6,9,1,100g,aeropress,9.81,97,BEAN-0357-100g-AER,1
BEAN-0357,"Dark Matter Mocha",Jamaica,"Blue Mountain","Finca Stack Plantation",1491,honey,dark,2026-05-04,"O(1) Coffee","milk chocolate,blackcurrant","open-source,organic",2,10,4,6,9,1,100g,whole_bean,11.67,57,BEAN-0357-100g-WHO,2
BEAN-0358,"Sorcerer's Sumatra",Nicaragua,Jinotega,"Finca Pure Functional Farm",1575,washed,dark,2026-04-28,"Roast & Roll","compile-time aroma,apricot,earthy","limited-edition,filter-friendly,seasonal",4,6,4,6,4,1,100g,aeropress,5.93,187,BEAN-0358-100g-AER,0
BEAN-0358,"Sorcerer's Sumatra",Nicaragua,Jinotega,"Finca Pure Functional Farm",1575,washed,dark,2026-04-28,"Roast & Roll","compile-time aroma,apricot,earthy","limited-edition,filter-friendly,seasonal",4,6,4,6,4,1,1kg,filter,43.64,143,BEAN-0358-1kg-FIL,1
BEAN-0358,"Sorcerer's Sumatra",Nicaragua,Jinotega,"Finca Pure Functional Farm",1575,washed,dark,2026-04-28,"Roast & Roll","compile-time aroma,apricot,earthy","limited-edition,filter-friendly,seasonal",4,6,4,6,4,1,100g,filter,9.23,154,BEAN-0358-100g-FIL,2
BEAN-0359,"Rickroll Latte",Hyperborea,"Northern Reaches","Finca The Repo",1364,natural,medium-dark,2025-11-20,"The Bean Counters","brown sugar","seasonal,direct-trade,open-source",2,2,7,7,9,1,"Tastes of certainty, with a hint of doubt.",250g,espresso,18.01,3,BEAN-0359-250g-ESP,0
BEAN-0359,"Rickroll Latte",Hyperborea,"Northern Reaches","Finca The Repo",1364,natural,medium-dark,2025-11-20,"The Bean Counters","brown sugar","seasonal,direct-trade,open-source",2,2,7,7,9,1,"Tastes of certainty, with a hint of doubt.",250g,whole_bean,14.35,195,BEAN-0359-250g-WHO,1
BEAN-0359,"Rickroll Latte",Hyperborea,"Northern Reaches","Finca The Repo",1364,natural,medium-dark,2025-11-20,"The Bean Counters","brown sugar","seasonal,direct-trade,open-source",2,2,7,7,9,1,"Tastes of certainty, with a hint of doubt.",1kg,aeropress,43.81,8,BEAN-0359-1kg-AER,2
BEAN-0360,"Kernel Panic Coffee",Rwanda,Nyamasheke,"Finca The Repo",2043,anaerobic,medium-dark,2026-02-10,"The Recursion Roastery","the smell of merged PRs,pineapple,blueberry","blend,direct-trade,open-source",10,10,10,2,1,,"Pairs well with rubber duck debugging.",1kg,french_press,48.05,189,BEAN-0360-1kg-FRE,0
BEAN-0360,"Kernel Panic Coffee",Rwanda,Nyamasheke,"Finca The Repo",2043,anaerobic,medium-dark,2026-02-10,"The Recursion Roastery","the smell of merged PRs,pineapple,blueberry","blend,direct-trade,open-source",10,10,10,2,1,,"Pairs well with rubber duck debugging.",1kg,filter,49.06,179,BEAN-0360-1kg-FIL,1
BEAN-0360,"Kernel Panic Coffee",Rwanda,Nyamasheke,"Finca The Repo",2043,anaerobic,medium-dark,2026-02-10,"The Recursion Roastery","the smell of merged PRs,pineapple,blueberry","blend,direct-trade,open-source",10,10,10,2,1,,"Pairs well with rubber duck debugging.",250g,aeropress,12.47,196,BEAN-0360-250g-AER,2
BEAN-0360,"Kernel Panic Coffee",Rwanda,Nyamasheke,"Finca The Repo",2043,anaerobic,medium-dark,2026-02-10,"The Recursion Roastery","the smell of merged PRs,pineapple,blueberry","blend,direct-trade,open-source",10,10,10,2,1,,"Pairs well with rubber duck debugging.",100g,espresso,11.16,151,BEAN-0360-100g-ESP,3
BEAN-0361,"Time Dilation Drip",Brazil,Mogiana,"Finca Pure Functional Farm",1160,wet-hulled,medium,2026-04-17,"Function Call Cafe","tobacco,rose",open-source,9,9,10,9,7,1,"If found defective, please file a bug report.",250g,espresso,11.34,188,BEAN-0361-250g-ESP,0
BEAN-0361,"Time Dilation Drip",Brazil,Mogiana,"Finca Pure Functional Farm",1160,wet-hulled,medium,2026-04-17,"Function Call Cafe","tobacco,rose",open-source,9,9,10,9,7,1,"If found defective, please file a bug report.",250g,french_press,15.15,147,BEAN-0361-250g-FRE,1
BEAN-0362,"Endless Loop Espresso",Honduras,Copán,"Finca Stack Plantation",1440,anaerobic,medium-light,2026-03-29,"Buffer Overflow Brewing","brown sugar,Sunday afternoon",small-batch,5,3,2,4,9,1,"Tastes of certainty, with a hint of doubt.",100g,moka,11.22,138,BEAN-0362-100g-MOK,0
BEAN-0362,"Endless Loop Espresso",Honduras,Copán,"Finca Stack Plantation",1440,anaerobic,medium-light,2026-03-29,"Buffer Overflow Brewing","brown sugar,Sunday afternoon",small-batch,5,3,2,4,9,1,"Tastes of certainty, with a hint of doubt.",250g,whole_bean,14.91,6,BEAN-0362-250g-WHO,1
BEAN-0362,"Endless Loop Espresso",Honduras,Copán,"Finca Stack Plantation",1440,anaerobic,medium-light,2026-03-29,"Buffer Overflow Brewing","brown sugar,Sunday afternoon",small-batch,5,3,2,4,9,1,"Tastes of certainty, with a hint of doubt.",500g,espresso,24.25,146,BEAN-0362-500g-ESP,2
BEAN-0363,"Merge Conflict Mocha",Ethiopia,Sidamo,"Finca Pure Functional Farm",1966,washed,medium-dark,2026-01-21,"Idempotent Espresso","hazelnut,peanut butter","blend,shade-grown,single-origin",4,2,6,3,9,1,"Brewed under the careful eye of our QA team.",100g,aeropress,9.5,9,BEAN-0363-100g-AER,0
BEAN-0363,"Merge Conflict Mocha",Ethiopia,Sidamo,"Finca Pure Functional Farm",1966,washed,medium-dark,2026-01-21,"Idempotent Espresso","hazelnut,peanut butter","blend,shade-grown,single-origin",4,2,6,3,9,1,"Brewed under the careful eye of our QA team.",1kg,whole_bean,50.46,133,BEAN-0363-1kg-WHO,1
BEAN-0363,"Merge Conflict Mocha",Ethiopia,Sidamo,"Finca Pure Functional Farm",1966,washed,medium-dark,2026-01-21,"Idempotent Espresso","hazelnut,peanut butter","blend,shade-grown,single-origin",4,2,6,3,9,1,"Brewed under the careful eye of our QA team.",500g,espresso,28.73,169,BEAN-0363-500g-ESP,2
BEAN-0364,"Goroutine Gold",Brazil,"Minas Gerais","Finca Heap Hill",1300,natural,french,2026-03-22,"Stack Trace Roasters","citrus,tobacco,orange","seasonal,decaf,filter-friendly,single-origin",9,4,1,7,2,1,250g,whole_bean,14.35,67,BEAN-0364-250g-WHO,0
BEAN-0364,"Goroutine Gold",Brazil,"Minas Gerais","Finca Heap Hill",1300,natural,french,2026-03-22,"Stack Trace Roasters","citrus,tobacco,orange","seasonal,decaf,filter-friendly,single-origin",9,4,1,7,2,1,1kg,aeropress,47.67,163,BEAN-0364-1kg-AER,1
BEAN-0364,"Goroutine Gold",Brazil,"Minas Gerais","Finca Heap Hill",1300,natural,french,2026-03-22,"Stack Trace Roasters","citrus,tobacco,orange","seasonal,decaf,filter-friendly,single-origin",9,4,1,7,2,1,500g,french_press,26.24,46,BEAN-0364-500g-FRE,2
BEAN-0365,"Planck Pour-Over",Kenya,Nyeri,"Finca The Sandbox",1950,anaerobic,-6.2453,-42.6766,dark,2026-02-09,"Brewed in Berlin","blackcurrant,almond,berry",seasonal,7,8,6,4,7,,500g,aeropress,22.91,178,BEAN-0365-500g-AER,0
BEAN-0365,"Planck Pour-Over",Kenya,Nyeri,"Finca The Sandbox",1950,anaerobic,-6.2453,-42.6766,dark,2026-02-09,"Brewed in Berlin","blackcurrant,almond,berry",seasonal,7,8,6,4,7,,1kg,aeropress,44.02,123,BEAN-0365-1kg-AER,1
BEAN-0365,"Planck Pour-Over",Kenya,Nyeri,"Finca The Sandbox",1950,anaerobic,-6.2453,-42.6766,dark,2026-02-09,"Brewed in Berlin","blackcurrant,almond,berry",seasonal,7,8,6,4,7,,1kg,moka,46.3,60,BEAN-0365-1kg-MOK,2
BEAN-0366,"NPC Nitro",Avalon,"Apple Isle","Finca Loop Holdings",65,honey,medium-dark,2026-01-31,"Eventual Consistency Roasting","cardamom,strawberry,caramel","developer-fuel,small-batch,direct-trade",1,5,8,7,4,1,"Single-origin, single-threaded, single-purpose.",250g,turkish,16,157,BEAN-0366-250g-TUR,0
BEAN-0366,"NPC Nitro",Avalon,"Apple Isle","Finca Loop Holdings",65,honey,medium-dark,2026-01-31,"Eventual Consistency Roasting","cardamom,strawberry,caramel","developer-fuel,small-batch,direct-trade",1,5,8,7,4,1,"Single-origin, single-threaded, single-purpose.",500g,espresso,26.84,5,BEAN-0366-500g-ESP,1
BEAN-0367,"Dragon's Breath Roast",Peru,Cajamarca,"Finca Null Acres",1967,wet-hulled,light,2025-11-25,"Compile Time Coffee Co.","bergamot,lavender,mango,grapefruit","production-ready,rainforest-alliance",4,5,3,6,6,1,250g,whole_bean,11.29,5,BEAN-0367-250g-WHO,0
BEAN-0367,"Dragon's Breath Roast",Peru,Cajamarca,"Finca Null Acres",1967,wet-hulled,light,2025-11-25,"Compile Time Coffee Co.","bergamot,lavender,mango,grapefruit","production-ready,rainforest-alliance",4,5,3,6,6,1,100g,moka,7.18,124,BEAN-0367-100g-MOK,1
BEAN-0367,"Dragon's Breath Roast",Peru,Cajamarca,"Finca Null Acres",1967,wet-hulled,light,2025-11-25,"Compile Time Coffee Co.","bergamot,lavender,mango,grapefruit","production-ready,rainforest-alliance",4,5,3,6,6,1,100g,espresso,6.26,6,BEAN-0367-100g-ESP,2
BEAN-0368,"Closure Cold Brew ☕","Mount Olympus",Pelion,"Finca The Sandbox",2763,anaerobic,french,2026-01-29,"The Recursion Roastery","hazelnut,vanilla",compile-grade,7,1,1,9,10,1,"Side effects may include: refactoring, enlightenment, productivity.",1kg,espresso,49.65,79,BEAN-0368-1kg-ESP,0
BEAN-0369,"Yak Shaving Yirgacheffe","Costa Rica",Tarrazú,"Finca San Miguel",1603,honey,french,2025-12-15,"Idempotent Espresso","blackcurrant,nutmeg,hazelnut","bird-friendly,production-ready",5,8,5,9,9,1,1kg,aeropress,46.15,95,BEAN-0369-1kg-AER,0
BEAN-0370,"Side Quest Sumatra",Colombia,Huila,"Finca The Sandbox",1703,natural,medium-dark,2026-02-06,"Idempotent Espresso","almond,uncertainty,floral,rose","single-origin,blend",9,3,4,8,10,1,1kg,moka,48.78,145,BEAN-0370-1kg-MOK,0
BEAN-0370,"Side Quest Sumatra",Colombia,Huila,"Finca The Sandbox",1703,natural,medium-dark,2026-02-06,"Idempotent Espresso","almond,uncertainty,floral,rose","single-origin,blend",9,3,4,8,10,1,250g,whole_bean,17.14,64,BEAN-0370-250g-WHO,1
BEAN-0371,"Big Endian Blend",Peru,Cajamarca,"Finca Branch Estate",1852,wet-hulled,medium-dark,2026-05-10,"Stack Trace Roasters","Sunday afternoon","production-ready,developer-fuel,direct-trade,small-batch",6,8,8,9,9,1,"Side effects may include: refactoring, enlightenment, productivity.",100g,whole_bean,7.41,19,BEAN-0371-100g-WHO,0
BEAN-0371,"Big Endian Blend",Peru,Cajamarca,"Finca Branch Estate",1852,wet-hulled,medium-dark,2026-05-10,"Stack Trace Roasters","Sunday afternoon","production-ready,developer-fuel,direct-trade,small-batch",6,8,8,9,9,1,"Side effects may include: refactoring, enlightenment, productivity.",1kg,espresso,49.06,41,BEAN-0371-1kg-ESP,1
BEAN-0371,"Big Endian Blend",Peru,Cajamarca,"Finca Branch Estate",1852,wet-hulled,medium-dark,2026-05-10,"Stack Trace Roasters","Sunday afternoon","production-ready,developer-fuel,direct-trade,small-batch",6,8,8,9,9,1,"Side effects may include: refactoring, enlightenment, productivity.",100g,espresso,5.58,29,BEAN-0371-100g-ESP,2
BEAN-0371,"Big Endian Blend",Peru,Cajamarca,"Finca Branch Estate",1852,wet-hulled,medium-dark,2026-05-10,"Stack Trace Roasters","Sunday afternoon","production-ready,developer-fuel,direct-trade,small-batch",6,8,8,9,9,1,"Side effects may include: refactoring, enlightenment, productivity.",100g,french_press,7.96,160,BEAN-0371-100g-FRE,3
BEAN-0372,"Nebula Nitro",Mexico,Chiapas,"Finca Loop Holdings",1204,washed,4.1412,-56.9232,medium-dark,2026-02-25,"FIFO Coffee Bar","apricot,jasmine","open-source,espresso-friendly,decaf",5,9,4,10,6,1,"A bold roast that compiles cleanly on the first run.",1kg,espresso,50.49,191,BEAN-0372-1kg-ESP,0
BEAN-0372,"Nebula Nitro",Mexico,Chiapas,"Finca Loop Holdings",1204,washed,4.1412,-56.9232,medium-dark,2026-02-25,"FIFO Coffee Bar","apricot,jasmine","open-source,espresso-friendly,decaf",5,9,4,10,6,1,"A bold roast that compiles cleanly on the first run.",250g,espresso,15.2,121,BEAN-0372-250g-ESP,1
BEAN-0373,"DNS Drip",Vietnam,"Đắk Lắk","Finca San Miguel",755,wet-hulled,medium-dark,2026-02-16,"ASCII Coffee",,"battle-tested,espresso-friendly,single-origin,shade-grown",9,4,6,1,4,1,1kg,moka,48.83,94,BEAN-0373-1kg-MOK,0
BEAN-0373,"DNS Drip",Vietnam,"Đắk Lắk","Finca San Miguel",755,wet-hulled,medium-dark,2026-02-16,"ASCII Coffee",,"battle-tested,espresso-friendly,single-origin,shade-grown",9,4,6,1,4,1,1kg,filter,47.49,164,BEAN-0373-1kg-FIL,1
BEAN-0373,"DNS Drip",Vietnam,"Đắk Lắk","Finca San Miguel",755,wet-hulled,medium-dark,2026-02-16,"ASCII Coffee",,"battle-tested,espresso-friendly,single-origin,shade-grown",9,4,6,1,4,1,250g,whole_bean,15.74,26,BEAN-0373-250g-WHO,2
BEAN-0373,"DNS Drip",Vietnam,"Đắk Lắk","Finca San Miguel",755,wet-hulled,medium-dark,2026-02-16,"ASCII Coffee",,"battle-tested,espresso-friendly,single-origin,shade-grown",9,4,6,1,4,1,250g,filter,12.43,144,BEAN-0373-250g-FIL,3
BEAN-0374,"Druid's Drip",Mexico,Chiapas,"Finca Branch Estate",1369,wet-hulled,dark,2026-03-02,"Roast & Roll","bergamot,lemon,chocolate","filter-friendly,single-origin",10,3,3,3,8,1,"Fuel for the 3am production incident.",100g,espresso,8.09,112,BEAN-0374-100g-ESP,0
BEAN-0374,"Druid's Drip",Mexico,Chiapas,"Finca Branch Estate",1369,wet-hulled,dark,2026-03-02,"Roast & Roll","bergamot,lemon,chocolate","filter-friendly,single-origin",10,3,3,3,8,1,"Fuel for the 3am production incident.",1kg,aeropress,46.77,77,BEAN-0374-1kg-AER,1
BEAN-0375,"Necromancer Nitro",Mexico,Chiapas,"Finca Stack Plantation",1561,honey,medium,2025-12-29,"Cache Coherence Coffee","hazelnut,brown sugar,bergamot,lemon","decaf,bird-friendly,production-ready",8,8,5,2,9,1,"If found defective, please file a bug report.",250g,whole_bean,17.93,119,BEAN-0375-250g-WHO,0
BEAN-0375,"Necromancer Nitro",Mexico,Chiapas,"Finca Stack Plantation",1561,honey,medium,2025-12-29,"Cache Coherence Coffee","hazelnut,brown sugar,bergamot,lemon","decaf,bird-friendly,production-ready",8,8,5,2,9,1,"If found defective, please file a bug report.",500g,aeropress,25.39,157,BEAN-0375-500g-AER,1
BEAN-0375,"Necromancer Nitro",Mexico,Chiapas,"Finca Stack Plantation",1561,honey,medium,2025-12-29,"Cache Coherence Coffee","hazelnut,brown sugar,bergamot,lemon","decaf,bird-friendly,production-ready",8,8,5,2,9,1,"If found defective, please file a bug report.",250g,french_press,13.99,191,BEAN-0375-250g-FRE,2
BEAN-0376,"Null Pointer Roast",India,Karnataka,"Finca Null Acres",1058,washed,33.3845,-63.7261,medium,2026-03-08,"Pure Function Pour-Over",,"fair-trade,limited-edition,developer-fuel",7,1,5,5,1,1,"Side effects may include: refactoring, enlightenment, productivity.",1kg,moka,48.06,125,BEAN-0376-1kg-MOK,0
BEAN-0376,"Null Pointer Roast",India,Karnataka,"Finca Null Acres",1058,washed,33.3845,-63.7261,medium,2026-03-08,"Pure Function Pour-Over",,"fair-trade,limited-edition,developer-fuel",7,1,5,5,1,1,"Side effects may include: refactoring, enlightenment, productivity.",250g,french_press,17,165,BEAN-0376-250g-FRE,1
BEAN-0376,"Null Pointer Roast",India,Karnataka,"Finca Null Acres",1058,washed,33.3845,-63.7261,medium,2026-03-08,"Pure Function Pour-Over",,"fair-trade,limited-edition,developer-fuel",7,1,5,5,1,1,"Side effects may include: refactoring, enlightenment, productivity.",100g,whole_bean,6.96,156,BEAN-0376-100g-WHO,2
BEAN-0376,"Null Pointer Roast",India,Karnataka,"Finca Null Acres",1058,washed,33.3845,-63.7261,medium,2026-03-08,"Pure Function Pour-Over",,"fair-trade,limited-edition,developer-fuel",7,1,5,5,1,1,"Side effects may include: refactoring, enlightenment, productivity.",250g,aeropress,16.89,33,BEAN-0376-250g-AER,3
BEAN-0377,"Boolean Bean",Xanadu,"Summer Palace","Finca Loop Holdings",1478,natural,french,2025-12-05,"Bit Roasters","tail-call sweetness,jasmine","open-source,shade-grown",9,1,7,7,1,,"Side effects may include: refactoring, enlightenment, productivity.",250g,aeropress,13.13,44,BEAN-0377-250g-AER,0
BEAN-0377,"Boolean Bean",Xanadu,"Summer Palace","Finca Loop Holdings",1478,natural,french,2025-12-05,"Bit Roasters","tail-call sweetness,jasmine","open-source,shade-grown",9,1,7,7,1,,"Side effects may include: refactoring, enlightenment, productivity.",1kg,whole_bean,45.2,50,BEAN-0377-1kg-WHO,1
BEAN-0377,"Boolean Bean",Xanadu,"Summer Palace","Finca Loop Holdings",1478,natural,french,2025-12-05,"Bit Roasters","tail-call sweetness,jasmine","open-source,shade-grown",9,1,7,7,1,,"Side effects may include: refactoring, enlightenment, productivity.",1kg,espresso,48.08,0,BEAN-0377-1kg-ESP,2
BEAN-0377,"Boolean Bean",Xanadu,"Summer Palace","Finca Loop Holdings",1478,natural,french,2025-12-05,"Bit Roasters","tail-call sweetness,jasmine","open-source,shade-grown",9,1,7,7,1,,"Side effects may include: refactoring, enlightenment, productivity.",500g,filter,26.48,30,BEAN-0377-500g-FIL,3
BEAN-0378,"Red Giant Roast",Ethiopia,Yirgacheffe,"Finca San Miguel",1859,natural,french,2026-04-19,"O(1) Coffee","molasses,spacetime",espresso-friendly,1,4,6,8,2,1,"Now with 30% fewer race conditions.",500g,turkish,27.45,48,BEAN-0378-500g-TUR,0
BEAN-0378,"Red Giant Roast",Ethiopia,Yirgacheffe,"Finca San Miguel",1859,natural,french,2026-04-19,"O(1) Coffee","molasses,spacetime",espresso-friendly,1,4,6,8,2,1,"Now with 30% fewer race conditions.",250g,filter,11.43,180,BEAN-0378-250g-FIL,1
BEAN-0378,"Red Giant Roast",Ethiopia,Yirgacheffe,"Finca San Miguel",1859,natural,french,2026-04-19,"O(1) Coffee","molasses,spacetime",espresso-friendly,1,4,6,8,2,1,"Now with 30% fewer race conditions.",500g,espresso,24.23,144,BEAN-0378-500g-ESP,2
BEAN-0378,"Red Giant Roast",Ethiopia,Yirgacheffe,"Finca San Miguel",1859,natural,french,2026-04-19,"O(1) Coffee","molasses,spacetime",espresso-friendly,1,4,6,8,2,1,"Now with 30% fewer race conditions.",500g,french_press,23.81,48,BEAN-0378-500g-FRE,3
BEAN-0379,"Time Dilation Drip",Indonesia,Java,"Finca Stack Plantation",1247,honey,dark,2026-02-07,"Tail Call Tea","earthy,spacetime,tail-call sweetness,lemon",open-source,7,3,9,10,4,1,"Pairs well with rubber duck debugging.",500g,espresso,24.74,128,BEAN-0379-500g-ESP,0
BEAN-0379,"Time Dilation Drip",Indonesia,Java,"Finca Stack Plantation",1247,honey,dark,2026-02-07,"Tail Call Tea","earthy,spacetime,tail-call sweetness,lemon",open-source,7,3,9,10,4,1,"Pairs well with rubber duck debugging.",500g,whole_bean,26.11,53,BEAN-0379-500g-WHO,1
BEAN-0379,"Time Dilation Drip",Indonesia,Java,"Finca Stack Plantation",1247,honey,dark,2026-02-07,"Tail Call Tea","earthy,spacetime,tail-call sweetness,lemon",open-source,7,3,9,10,4,1,"Pairs well with rubber duck debugging.",1kg,filter,43.25,29,BEAN-0379-1kg-FIL,2
BEAN-0380,"Cooldown Cold Brew",Peru,Cajamarca,"Finca Branch Estate",1690,anaerobic,french,2025-12-12,"Compile Time Coffee Co.","the smell of merged PRs,almond","organic,espresso-friendly,bird-friendly",8,6,6,2,3,1,"Single-origin, single-threaded, single-purpose.",1kg,moka,44.49,5,BEAN-0380-1kg-MOK,0
BEAN-0380,"Cooldown Cold Brew",Peru,Cajamarca,"Finca Branch Estate",1690,anaerobic,french,2025-12-12,"Compile Time Coffee Co.","the smell of merged PRs,almond","organic,espresso-friendly,bird-friendly",8,6,6,2,3,1,"Single-origin, single-threaded, single-purpose.",1kg,turkish,47.93,151,BEAN-0380-1kg-TUR,1
BEAN-0381,"Goroutine Gold",Indonesia,Java,"Finca Null Acres",1570,wet-hulled,medium,2026-01-08,"FIFO Coffee Bar","floral,milk chocolate,berry",bird-friendly,7,5,10,7,10,,500g,moka,29.72,134,BEAN-0381-500g-MOK,0
BEAN-0381,"Goroutine Gold",Indonesia,Java,"Finca Null Acres",1570,wet-hulled,medium,2026-01-08,"FIFO Coffee Bar","floral,milk chocolate,berry",bird-friendly,7,5,10,7,10,,250g,moka,17.01,33,BEAN-0381-250g-MOK,1
BEAN-0381,"Goroutine Gold",Indonesia,Java,"Finca Null Acres",1570,wet-hulled,medium,2026-01-08,"FIFO Coffee Bar","floral,milk chocolate,berry",bird-friendly,7,5,10,7,10,,500g,turkish,29.68,23,BEAN-0381-500g-TUR,2
BEAN-0382,"Tachyon Trip",Mexico,Chiapas,"Finca Stack Plantation",1284,washed,french,2026-04-04,"Loops & Beans",floral,"single-origin,espresso-friendly,small-batch",4,7,2,4,3,1,500g,whole_bean,25.82,88,BEAN-0382-500g-WHO,0
BEAN-0382,"Tachyon Trip",Mexico,Chiapas,"Finca Stack Plantation",1284,washed,french,2026-04-04,"Loops & Beans",floral,"single-origin,espresso-friendly,small-batch",4,7,2,4,3,1,100g,french_press,8.4,100,BEAN-0382-100g-FRE,1
BEAN-0382,"Tachyon Trip",Mexico,Chiapas,"Finca Stack Plantation",1284,washed,french,2026-04-04,"Loops & Beans",floral,"single-origin,espresso-friendly,small-batch",4,7,2,4,3,1,250g,french_press,16.35,118,BEAN-0382-250g-FRE,2
BEAN-0382,"Tachyon Trip",Mexico,Chiapas,"Finca Stack Plantation",1284,washed,french,2026-04-04,"Loops & Beans",floral,"single-origin,espresso-friendly,small-batch",4,7,2,4,3,1,250g,turkish,18.34,99,BEAN-0382-250g-TUR,3
BEAN-0383,"Druid's Drip",Peru,Cajamarca,"Finca Loop Holdings",1959,anaerobic,1.8847,-50.4274,dark,2026-01-31,"Brewed in Berlin",,"developer-fuel,open-source,organic",4,10,3,4,6,1,"Now with 30% fewer race conditions.",100g,moka,8.79,101,BEAN-0383-100g-MOK,0
BEAN-0383,"Druid's Drip",Peru,Cajamarca,"Finca Loop Holdings",1959,anaerobic,1.8847,-50.4274,dark,2026-01-31,"Brewed in Berlin",,"developer-fuel,open-source,organic",4,10,3,4,6,1,"Now with 30% fewer race conditions.",100g,aeropress,5.84,127,BEAN-0383-100g-AER,1
BEAN-0383,"Druid's Drip",Peru,Cajamarca,"Finca Loop Holdings",1959,anaerobic,1.8847,-50.4274,dark,2026-01-31,"Brewed in Berlin",,"developer-fuel,open-source,organic",4,10,3,4,6,1,"Now with 30% fewer race conditions.",250g,whole_bean,12.69,111,BEAN-0383-250g-WHO,2
BEAN-0384,"Rickroll Latte",Kenya,Nyeri,"Finca Loop Holdings",1717,anaerobic,medium-light,2026-03-31,"Daemon Roasters","almond,woody,hazelnut,hibiscus",rainforest-alliance,1,3,6,3,10,1,100g,french_press,9.23,171,BEAN-0384-100g-FRE,0
BEAN-0384,"Rickroll Latte",Kenya,Nyeri,"Finca Loop Holdings",1717,anaerobic,medium-light,2026-03-31,"Daemon Roasters","almond,woody,hazelnut,hibiscus",rainforest-alliance,1,3,6,3,10,1,1kg,french_press,49.17,77,BEAN-0384-1kg-FRE,1
BEAN-0384,"Rickroll Latte",Kenya,Nyeri,"Finca Loop Holdings",1717,anaerobic,medium-light,2026-03-31,"Daemon Roasters","almond,woody,hazelnut,hibiscus",rainforest-alliance,1,3,6,3,10,1,1kg,filter,48.94,29,BEAN-0384-1kg-FIL,2
BEAN-0385,"Wormhole Wakeup",Avalon,"Apple Isle","Finca Pure Functional Farm",142,honey,dark,2026-02-07,"ASCII Coffee",nutmeg,"single-origin,decaf,organic,direct-trade",10,5,4,9,10,1,100g,french_press,6.25,31,BEAN-0385-100g-FRE,0
BEAN-0385,"Wormhole Wakeup",Avalon,"Apple Isle","Finca Pure Functional Farm",142,honey,dark,2026-02-07,"ASCII Coffee",nutmeg,"single-origin,decaf,organic,direct-trade",10,5,4,9,10,1,1kg,french_press,45.94,153,BEAN-0385-1kg-FRE,1
BEAN-0385,"Wormhole Wakeup",Avalon,"Apple Isle","Finca Pure Functional Farm",142,honey,dark,2026-02-07,"ASCII Coffee",nutmeg,"single-origin,decaf,organic,direct-trade",10,5,4,9,10,1,500g,filter,25.41,172,BEAN-0385-500g-FIL,2
BEAN-0386,"Async/Await Awakening",Honduras,Copán,"Finca Heap Hill",1482,washed,medium-dark,2026-02-17,"Buffer Overflow Brewing",,shade-grown,1,9,7,4,3,,"Recommended by 9 out of 10 over-tired developers.",250g,aeropress,14.95,70,BEAN-0386-250g-AER,0
BEAN-0387,"Rickroll Latte",Hyperborea,"Northern Reaches","Finca Pure Functional Farm",1777,wet-hulled,dark,2026-01-14,"Compile Time Coffee Co.",,"shade-grown,fair-trade,decaf",10,2,7,9,2,1,"Fuel for the 3am production incident.",500g,french_press,25.21,47,BEAN-0387-500g-FRE,0
BEAN-0387,"Rickroll Latte",Hyperborea,"Northern Reaches","Finca Pure Functional Farm",1777,wet-hulled,dark,2026-01-14,"Compile Time Coffee Co.",,"shade-grown,fair-trade,decaf",10,2,7,9,2,1,"Fuel for the 3am production incident.",500g,aeropress,27.22,20,BEAN-0387-500g-AER,1
BEAN-0387,"Rickroll Latte",Hyperborea,"Northern Reaches","Finca Pure Functional Farm",1777,wet-hulled,dark,2026-01-14,"Compile Time Coffee Co.",,"shade-grown,fair-trade,decaf",10,2,7,9,2,1,"Fuel for the 3am production incident.",1kg,whole_bean,49.35,146,BEAN-0387-1kg-WHO,2
BEAN-0388,"Mage's Mocha",Indonesia,Sumatra,"Finca The Sandbox",1455,washed,medium,2025-12-16,"Idempotent Espresso","Sunday afternoon","limited-edition,espresso-friendly,battle-tested,compile-grade",1,10,7,3,5,1,"Recommended by 9 out of 10 over-tired developers.",100g,turkish,7.31,33,BEAN-0388-100g-TUR,0
BEAN-0388,"Mage's Mocha",Indonesia,Sumatra,"Finca The Sandbox",1455,washed,medium,2025-12-16,"Idempotent Espresso","Sunday afternoon","limited-edition,espresso-friendly,battle-tested,compile-grade",1,10,7,3,5,1,"Recommended by 9 out of 10 over-tired developers.",500g,filter,25.7,162,BEAN-0388-500g-FIL,1
BEAN-0388,"Mage's Mocha",Indonesia,Sumatra,"Finca The Sandbox",1455,washed,medium,2025-12-16,"Idempotent Espresso","Sunday afternoon","limited-edition,espresso-friendly,battle-tested,compile-grade",1,10,7,3,5,1,"Recommended by 9 out of 10 over-tired developers.",500g,whole_bean,23.77,4,BEAN-0388-500g-WHO,2
BEAN-0389,"Wizard's Wakeup",Hawaii,Kona,"Finca Stack Plantation",1023,wet-hulled,medium-dark,2025-11-30,"Roast & Roll","mango,cinnamon","production-ready,organic,direct-trade,battle-tested",6,6,8,3,8,1,250g,aeropress,14.12,103,BEAN-0389-250g-AER,0
BEAN-0389,"Wizard's Wakeup",Hawaii,Kona,"Finca Stack Plantation",1023,wet-hulled,medium-dark,2025-11-30,"Roast & Roll","mango,cinnamon","production-ready,organic,direct-trade,battle-tested",6,6,8,3,8,1,100g,aeropress,10.82,20,BEAN-0389-100g-AER,1
BEAN-0389,"Wizard's Wakeup",Hawaii,Kona,"Finca Stack Plantation",1023,wet-hulled,medium-dark,2025-11-30,"Roast & Roll","mango,cinnamon","production-ready,organic,direct-trade,battle-tested",6,6,8,3,8,1,1kg,moka,50.88,21,BEAN-0389-1kg-MOK,2
BEAN-0390,"Merge Conflict Mocha",Avalon,"Apple Isle","Finca Stack Plantation",61,anaerobic,light,2026-04-02,"Roast & Roll","lemon,maple syrup,hibiscus,honey","bird-friendly,organic,seasonal,developer-fuel",4,7,9,3,7,1,"Smooth like a well-balanced API.",100g,french_press,5.75,28,BEAN-0390-100g-FRE,0
BEAN-0390,"Merge Conflict Mocha",Avalon,"Apple Isle","Finca Stack Plantation",61,anaerobic,light,2026-04-02,"Roast & Roll","lemon,maple syrup,hibiscus,honey","bird-friendly,organic,seasonal,developer-fuel",4,7,9,3,7,1,"Smooth like a well-balanced API.",500g,espresso,28.92,196,BEAN-0390-500g-ESP,1
BEAN-0390,"Merge Conflict Mocha",Avalon,"Apple Isle","Finca Stack Plantation",61,anaerobic,light,2026-04-02,"Roast & Roll","lemon,maple syrup,hibiscus,honey","bird-friendly,organic,seasonal,developer-fuel",4,7,9,3,7,1,"Smooth like a well-balanced API.",1kg,moka,46.27,192,BEAN-0390-1kg-MOK,2
BEAN-0390,"Merge Conflict Mocha",Avalon,"Apple Isle","Finca Stack Plantation",61,anaerobic,light,2026-04-02,"Roast & Roll","lemon,maple syrup,hibiscus,honey","bird-friendly,organic,seasonal,developer-fuel",4,7,9,3,7,1,"Smooth like a well-balanced API.",250g,french_press,18.2,71,BEAN-0390-250g-FRE,3
BEAN-0391,"Riemann Roast",Jamaica,"Blue Mountain","Finca Commit Hill",1690,honey,dark,2025-12-25,"Brewed in Berlin","berry,cardamom,tobacco","seasonal,nerd-approved,espresso-friendly,production-ready",7,5,1,9,6,1,"Side effects may include: refactoring, enlightenment, productivity.",100g,french_press,8.64,107,BEAN-0391-100g-FRE,0
BEAN-0391,"Riemann Roast",Jamaica,"Blue Mountain","Finca Commit Hill",1690,honey,dark,2025-12-25,"Brewed in Berlin","berry,cardamom,tobacco","seasonal,nerd-approved,espresso-friendly,production-ready",7,5,1,9,6,1,"Side effects may include: refactoring, enlightenment, productivity.",1kg,french_press,44.51,7,BEAN-0391-1kg-FRE,1
BEAN-0391,"Riemann Roast",Jamaica,"Blue Mountain","Finca Commit Hill",1690,honey,dark,2025-12-25,"Brewed in Berlin","berry,cardamom,tobacco","seasonal,nerd-approved,espresso-friendly,production-ready",7,5,1,9,6,1,"Side effects may include: refactoring, enlightenment, productivity.",250g,espresso,15.88,128,BEAN-0391-250g-ESP,2
BEAN-0392,"404: Bean Not Found",Peru,Cajamarca,"Finca The Mainframe",1812,natural,dark,2025-12-02,"Idempotent Espresso",,"organic,rainforest-alliance,production-ready",9,4,3,8,6,1,"Best paired with a 200 OK.",1kg,aeropress,50.37,82,BEAN-0392-1kg-AER,0
BEAN-0392,"404: Bean Not Found",Peru,Cajamarca,"Finca The Mainframe",1812,natural,dark,2025-12-02,"Idempotent Espresso",,"organic,rainforest-alliance,production-ready",9,4,3,8,6,1,"Best paired with a 200 OK.",250g,filter,11.52,7,BEAN-0392-250g-FIL,1
BEAN-0393,"Time Dilation Drip",Indonesia,Sumatra,"Finca Bit Bucket",1507,anaerobic,dark,2025-11-28,"ASCII Coffee","rose,lemon,blueberry,woody",organic,1,7,9,8,7,,"Side effects may include: refactoring, enlightenment, productivity.",500g,aeropress,26.3,183,BEAN-0393-500g-AER,0
BEAN-0393,"Time Dilation Drip",Indonesia,Sumatra,"Finca Bit Bucket",1507,anaerobic,dark,2025-11-28,"ASCII Coffee","rose,lemon,blueberry,woody",organic,1,7,9,8,7,,"Side effects may include: refactoring, enlightenment, productivity.",100g,french_press,7.85,185,BEAN-0393-100g-FRE,1
BEAN-0393,"Time Dilation Drip",Indonesia,Sumatra,"Finca Bit Bucket",1507,anaerobic,dark,2025-11-28,"ASCII Coffee","rose,lemon,blueberry,woody",organic,1,7,9,8,7,,"Side effects may include: refactoring, enlightenment, productivity.",100g,filter,10.49,185,BEAN-0393-100g-FIL,2
BEAN-0394,"Tesla Triple Shot",Jamaica,"Blue Mountain","Finca Heap Hill",1525,washed,light,2026-04-04,"Stack Trace Roasters","Sunday afternoon,walnut,regret,lemon","bird-friendly,direct-trade,decaf",4,8,4,5,2,1,"Has been peer-reviewed.",1kg,aeropress,46.93,62,BEAN-0394-1kg-AER,0
BEAN-0394,"Tesla Triple Shot",Jamaica,"Blue Mountain","Finca Heap Hill",1525,washed,light,2026-04-04,"Stack Trace Roasters","Sunday afternoon,walnut,regret,lemon","bird-friendly,direct-trade,decaf",4,8,4,5,2,1,"Has been peer-reviewed.",500g,filter,24.36,113,BEAN-0394-500g-FIL,1
BEAN-0394,"Tesla Triple Shot",Jamaica,"Blue Mountain","Finca Heap Hill",1525,washed,light,2026-04-04,"Stack Trace Roasters","Sunday afternoon,walnut,regret,lemon","bird-friendly,direct-trade,decaf",4,8,4,5,2,1,"Has been peer-reviewed.",500g,turkish,25.6,66,BEAN-0394-500g-TUR,2
BEAN-0395,"Respawn Roast",Honduras,Copán,"Finca The Mainframe",1313,honey,dark,2026-02-08,"Buffer Overflow Brewing","victory,lemon","developer-fuel,nerd-approved,seasonal",3,3,3,10,5,1,"Ships with no warranty, express or implied.",250g,whole_bean,17.81,149,BEAN-0395-250g-WHO,0
BEAN-0395,"Respawn Roast",Honduras,Copán,"Finca The Mainframe",1313,honey,dark,2026-02-08,"Buffer Overflow Brewing","victory,lemon","developer-fuel,nerd-approved,seasonal",3,3,3,10,5,1,"Ships with no warranty, express or implied.",500g,espresso,26.67,66,BEAN-0395-500g-ESP,1
BEAN-0396,"Cosmic Ray Roast",Kenya,Nyeri,"Finca Bit Bucket",2016,honey,french,2026-04-02,"The Bean Counters","jasmine,apricot,lavender,cinnamon","espresso-friendly,compile-grade,developer-fuel,battle-tested",8,7,1,2,6,1,250g,filter,15.87,186,BEAN-0396-250g-FIL,0
BEAN-0396,"Cosmic Ray Roast",Kenya,Nyeri,"Finca Bit Bucket",2016,honey,french,2026-04-02,"The Bean Counters","jasmine,apricot,lavender,cinnamon","espresso-friendly,compile-grade,developer-fuel,battle-tested",8,7,1,2,6,1,100g,aeropress,5.58,127,BEAN-0396-100g-AER,1
BEAN-0397,"Bard's Brew",Xanadu,"Summer Palace","Finca The Sandbox",1619,wet-hulled,medium-light,2026-03-21,"Tail Call Tea",,"blend,direct-trade,compile-grade,single-origin",5,9,9,9,2,1,250g,espresso,13.05,189,BEAN-0397-250g-ESP,0
BEAN-0398,"Zsh Espresso",Atlantis,"Sunken City","Finca Pure Functional Farm",,anaerobic,medium-light,2026-05-01,"Roast & Roll","pineapple,raspberry",filter-friendly,2,3,9,5,1,1,"Smooth like a well-balanced API.",1kg,french_press,43.79,200,BEAN-0398-1kg-FRE,0
BEAN-0398,"Zsh Espresso",Atlantis,"Sunken City","Finca Pure Functional Farm",,anaerobic,medium-light,2026-05-01,"Roast & Roll","pineapple,raspberry",filter-friendly,2,3,9,5,1,1,"Smooth like a well-balanced API.",100g,filter,10.32,18,BEAN-0398-100g-FIL,1
BEAN-0399,"Boolean Bean",Tanzania,Kilimanjaro,"Finca The Mainframe",1801,wet-hulled,medium-dark,2026-02-24,"The Bean Counters",,"blend,nerd-approved,filter-friendly,open-source",1,5,7,10,5,1,"Fuel for the 3am production incident.",1kg,moka,45.27,165,BEAN-0399-1kg-MOK,0
BEAN-0399,"Boolean Bean",Tanzania,Kilimanjaro,"Finca The Mainframe",1801,wet-hulled,medium-dark,2026-02-24,"The Bean Counters",,"blend,nerd-approved,filter-friendly,open-source",1,5,7,10,5,1,"Fuel for the 3am production incident.",500g,filter,28.94,63,BEAN-0399-500g-FIL,1
BEAN-0400,"Time Dilation Drip",Ethiopia,Sidamo,"Finca The Sandbox",2100,natural,medium-dark,2026-05-10,"Cache Coherence Coffee","smoky,tobacco,lemon,orange",bird-friendly,5,2,8,6,9,1,"Recommended by 9 out of 10 over-tired developers.",100g,turkish,5.85,78,BEAN-0400-100g-TUR,0
BEAN-0400,"Time Dilation Drip",Ethiopia,Sidamo,"Finca The Sandbox",2100,natural,medium-dark,2026-05-10,"Cache Coherence Coffee","smoky,tobacco,lemon,orange",bird-friendly,5,2,8,6,9,1,"Recommended by 9 out of 10 over-tired developers.",500g,filter,28.13,120,BEAN-0400-500g-FIL,1
BEAN-0401,"Boltzmann Brew",Brazil,"Minas Gerais","Finca Bit Bucket",1165,natural,medium-dark,2026-03-29,"O(1) Coffee","compile-time aroma,lemon,jasmine,apricot","battle-tested,bird-friendly,limited-edition,small-batch",5,8,5,6,3,1,"Pairs well with rubber duck debugging.",500g,french_press,24.46,144,BEAN-0401-500g-FRE,0
BEAN-0401,"Boltzmann Brew",Brazil,"Minas Gerais","Finca Bit Bucket",1165,natural,medium-dark,2026-03-29,"O(1) Coffee","compile-time aroma,lemon,jasmine,apricot","battle-tested,bird-friendly,limited-edition,small-batch",5,8,5,6,3,1,"Pairs well with rubber duck debugging.",1kg,turkish,46.34,195,BEAN-0401-1kg-TUR,1
BEAN-0401,"Boltzmann Brew",Brazil,"Minas Gerais","Finca Bit Bucket",1165,natural,medium-dark,2026-03-29,"O(1) Coffee","compile-time aroma,lemon,jasmine,apricot","battle-tested,bird-friendly,limited-edition,small-batch",5,8,5,6,3,1,"Pairs well with rubber duck debugging.",1kg,whole_bean,50.75,90,BEAN-0401-1kg-WHO,2
BEAN-0402,"404: Bean Not Found",Hyperborea,"Northern Reaches","Finca The Mainframe",1660,natural,french,2026-03-07,"Buffer Overflow Brewing","dark chocolate,jasmine","rainforest-alliance,direct-trade,production-ready,filter-friendly",4,10,9,8,5,,500g,aeropress,25.84,184,BEAN-0402-500g-AER,0
BEAN-0402,"404: Bean Not Found",Hyperborea,"Northern Reaches","Finca The Mainframe",1660,natural,french,2026-03-07,"Buffer Overflow Brewing","dark chocolate,jasmine","rainforest-alliance,direct-trade,production-ready,filter-friendly",4,10,9,8,5,,1kg,whole_bean,49.25,99,BEAN-0402-1kg-WHO,1
BEAN-0403,"Yak Shaving Yirgacheffe",Hawaii,Kona,"Finca Heap Hill",900,washed,light,2026-04-27,"The Daily Brew","raspberry,mango","nerd-approved,seasonal,blend",8,3,2,6,7,1,500g,moka,23.6,22,BEAN-0403-500g-MOK,0
BEAN-0403,"Yak Shaving Yirgacheffe",Hawaii,Kona,"Finca Heap Hill",900,washed,light,2026-04-27,"The Daily Brew","raspberry,mango","nerd-approved,seasonal,blend",8,3,2,6,7,1,1kg,espresso,45.62,139,BEAN-0403-1kg-ESP,1
BEAN-0403,"Yak Shaving Yirgacheffe",Hawaii,Kona,"Finca Heap Hill",900,washed,light,2026-04-27,"The Daily Brew","raspberry,mango","nerd-approved,seasonal,blend",8,3,2,6,7,1,500g,aeropress,22.17,197,BEAN-0403-500g-AER,2
BEAN-0403,"Yak Shaving Yirgacheffe",Hawaii,Kona,"Finca Heap Hill",900,washed,light,2026-04-27,"The Daily Brew","raspberry,mango","nerd-approved,seasonal,blend",8,3,2,6,7,1,100g,turkish,10.29,182,BEAN-0403-100g-TUR,3
BEAN-0404,"Druid's Drip","Costa Rica",Tarrazú,"Finca The Mainframe",1882,natural,medium,2026-01-12,"Function Call Cafe","lavender,rose,grapefruit","limited-edition,organic,decaf",2,7,7,7,8,1,100g,moka,6.99,144,BEAN-0404-100g-MOK,0
BEAN-0404,"Druid's Drip","Costa Rica",Tarrazú,"Finca The Mainframe",1882,natural,medium,2026-01-12,"Function Call Cafe","lavender,rose,grapefruit","limited-edition,organic,decaf",2,7,7,7,8,1,1kg,whole_bean,50.68,83,BEAN-0404-1kg-WHO,1
BEAN-0404,"Druid's Drip","Costa Rica",Tarrazú,"Finca The Mainframe",1882,natural,medium,2026-01-12,"Function Call Cafe","lavender,rose,grapefruit","limited-edition,organic,decaf",2,7,7,7,8,1,1kg,filter,47.6,162,BEAN-0404-1kg-FIL,2
BEAN-0404,"Druid's Drip","Costa Rica",Tarrazú,"Finca The Mainframe",1882,natural,medium,2026-01-12,"Function Call Cafe","lavender,rose,grapefruit","limited-edition,organic,decaf",2,7,7,7,8,1,100g,aeropress,4.6,23,BEAN-0404-100g-AER,3
BEAN-0405,"Tavern Triple Shot",Rwanda,Nyamasheke,"Finca San Miguel",2033,wet-hulled,-2.4331,-56.8911,medium-dark,2025-12-06,"The Daily Brew","Sunday afternoon",bird-friendly,5,8,8,3,6,,500g,french_press,26.22,177,BEAN-0405-500g-FRE,0
BEAN-0405,"Tavern Triple Shot",Rwanda,Nyamasheke,"Finca San Miguel",2033,wet-hulled,-2.4331,-56.8911,medium-dark,2025-12-06,"The Daily Brew","Sunday afternoon",bird-friendly,5,8,8,3,6,,1kg,whole_bean,46.21,75,BEAN-0405-1kg-WHO,1
BEAN-0405,"Tavern Triple Shot",Rwanda,Nyamasheke,"Finca San Miguel",2033,wet-hulled,-2.4331,-56.8911,medium-dark,2025-12-06,"The Daily Brew","Sunday afternoon",bird-friendly,5,8,8,3,6,,100g,moka,10.63,4,BEAN-0405-100g-MOK,2
BEAN-0406,"Druid's Drip",Peru,Cajamarca,"Finca Stack Plantation",1772,natural,dark,2026-02-10,"The Bean Counters",grapefruit,"filter-friendly,seasonal",3,2,1,9,10,1,"Best paired with a 200 OK.",250g,moka,13.79,17,BEAN-0406-250g-MOK,0
BEAN-0407,"Regex Roast",Honduras,Copán,"Finca Heap Hill",1383,honey,medium-light,2026-03-17,"Tail Call Tea",,"nerd-approved,blend",7,1,8,4,7,,250g,espresso,17.17,151,BEAN-0407-250g-ESP,0
BEAN-0407,"Regex Roast",Honduras,Copán,"Finca Heap Hill",1383,honey,medium-light,2026-03-17,"Tail Call Tea",,"nerd-approved,blend",7,1,8,4,7,,100g,whole_bean,11.75,129,BEAN-0407-100g-WHO,1
BEAN-0407,"Regex Roast",Honduras,Copán,"Finca Heap Hill",1383,honey,medium-light,2026-03-17,"Tail Call Tea",,"nerd-approved,blend",7,1,8,4,7,,100g,espresso,10.05,30,BEAN-0407-100g-ESP,2
BEAN-0408,"Monad Mocha",Nicaragua,Jinotega,"Finca The Mainframe",1397,washed,dark,2026-02-08,"Idempotent Espresso","peach,walnut","organic,battle-tested,rainforest-alliance,bird-friendly",7,2,6,6,5,1,"Fuel for the 3am production incident.",500g,espresso,30,21,BEAN-0408-500g-ESP,0
BEAN-0408,"Monad Mocha",Nicaragua,Jinotega,"Finca The Mainframe",1397,washed,dark,2026-02-08,"Idempotent Espresso","peach,walnut","organic,battle-tested,rainforest-alliance,bird-friendly",7,2,6,6,5,1,"Fuel for the 3am production incident.",1kg,french_press,43.13,70,BEAN-0408-1kg-FRE,1
BEAN-0408,"Monad Mocha",Nicaragua,Jinotega,"Finca The Mainframe",1397,washed,dark,2026-02-08,"Idempotent Espresso","peach,walnut","organic,battle-tested,rainforest-alliance,bird-friendly",7,2,6,6,5,1,"Fuel for the 3am production incident.",500g,whole_bean,23.13,63,BEAN-0408-500g-WHO,2
BEAN-0409,"Gauss Grind ☕",Kenya,Nyeri,"Finca La Esperanza",2090,washed,dark,2026-03-19,"FIFO Coffee Bar","lavender,maple syrup","espresso-friendly,bird-friendly,battle-tested,production-ready",9,3,3,6,2,1,"If found defective, please file a bug report.",250g,filter,14.23,95,BEAN-0409-250g-FIL,0
BEAN-0410,"Sudo Brew",Peru,Cajamarca,"Finca Stack Plantation",1514,washed,french,2026-04-05,"SIGTERM Single Origin",,"battle-tested,compile-grade,espresso-friendly,production-ready",2,1,6,4,2,1,1kg,french_press,50.87,137,BEAN-0410-1kg-FRE,0
BEAN-0411,"Null Pointer Roast",Honduras,Copán,"Finca Stack Plantation",1543,honey,medium-light,2026-02-18,"FIFO Coffee Bar","lavender,maple syrup,compile-time aroma,victory",developer-fuel,8,10,4,3,4,1,"Recommended by 9 out of 10 over-tired developers.",250g,espresso,16.27,190,BEAN-0411-250g-ESP,0
BEAN-0411,"Null Pointer Roast",Honduras,Copán,"Finca Stack Plantation",1543,honey,medium-light,2026-02-18,"FIFO Coffee Bar","lavender,maple syrup,compile-time aroma,victory",developer-fuel,8,10,4,3,4,1,"Recommended by 9 out of 10 over-tired developers.",100g,aeropress,7.23,157,BEAN-0411-100g-AER,1
BEAN-0411,"Null Pointer Roast",Honduras,Copán,"Finca Stack Plantation",1543,honey,medium-light,2026-02-18,"FIFO Coffee Bar","lavender,maple syrup,compile-time aroma,victory",developer-fuel,8,10,4,3,4,1,"Recommended by 9 out of 10 over-tired developers.",100g,espresso,5.81,47,BEAN-0411-100g-ESP,2
BEAN-0411,"Null Pointer Roast",Honduras,Copán,"Finca Stack Plantation",1543,honey,medium-light,2026-02-18,"FIFO Coffee Bar","lavender,maple syrup,compile-time aroma,victory",developer-fuel,8,10,4,3,4,1,"Recommended by 9 out of 10 over-tired developers.",500g,filter,27.68,118,BEAN-0411-500g-FIL,3
BEAN-0412,"Closure Cold Brew",Avalon,"Apple Isle","Finca Bit Bucket",360,honey,medium-dark,2026-02-05,"FIFO Coffee Bar",molasses,rainforest-alliance,1,4,3,1,3,1,250g,espresso,14.17,2,BEAN-0412-250g-ESP,0
BEAN-0412,"Closure Cold Brew",Avalon,"Apple Isle","Finca Bit Bucket",360,honey,medium-dark,2026-02-05,"FIFO Coffee Bar",molasses,rainforest-alliance,1,4,3,1,3,1,1kg,french_press,49.86,48,BEAN-0412-1kg-FRE,1
BEAN-0412,"Closure Cold Brew",Avalon,"Apple Isle","Finca Bit Bucket",360,honey,medium-dark,2026-02-05,"FIFO Coffee Bar",molasses,rainforest-alliance,1,4,3,1,3,1,250g,french_press,15.97,139,BEAN-0412-250g-FRE,2
BEAN-0412,"Closure Cold Brew",Avalon,"Apple Isle","Finca Bit Bucket",360,honey,medium-dark,2026-02-05,"FIFO Coffee Bar",molasses,rainforest-alliance,1,4,3,1,3,1,1kg,whole_bean,48.96,167,BEAN-0412-1kg-WHO,3
BEAN-0413,"TCP Triple-Shot",Indonesia,Java,"Finca The Sandbox",1374,anaerobic,dark,2026-01-15,"FIFO Coffee Bar",,"compile-grade,limited-edition,single-origin",6,7,1,9,3,,100g,whole_bean,8.4,75,BEAN-0413-100g-WHO,0
BEAN-0413,"TCP Triple-Shot",Indonesia,Java,"Finca The Sandbox",1374,anaerobic,dark,2026-01-15,"FIFO Coffee Bar",,"compile-grade,limited-edition,single-origin",6,7,1,9,3,,250g,turkish,13.78,115,BEAN-0413-250g-TUR,1
BEAN-0413,"TCP Triple-Shot",Indonesia,Java,"Finca The Sandbox",1374,anaerobic,dark,2026-01-15,"FIFO Coffee Bar",,"compile-grade,limited-edition,single-origin",6,7,1,9,3,,1kg,moka,50.87,21,BEAN-0413-1kg-MOK,2
BEAN-0413,"TCP Triple-Shot",Indonesia,Java,"Finca The Sandbox",1374,anaerobic,dark,2026-01-15,"FIFO Coffee Bar",,"compile-grade,limited-edition,single-origin",6,7,1,9,3,,250g,french_press,17.56,130,BEAN-0413-250g-FRE,3
BEAN-0414,"404: Bean Not Found",Vietnam,"Đắk Lắk","Finca Pure Functional Farm",775,honey,dark,2025-12-09,"The Recursion Roastery","apricot,caramel,mango,lavender","compile-grade,espresso-friendly",6,3,2,3,10,1,"Smooth like a well-balanced API.",250g,moka,18.54,156,BEAN-0414-250g-MOK,0
BEAN-0414,"404: Bean Not Found",Vietnam,"Đắk Lắk","Finca Pure Functional Farm",775,honey,dark,2025-12-09,"The Recursion Roastery","apricot,caramel,mango,lavender","compile-grade,espresso-friendly",6,3,2,3,10,1,"Smooth like a well-balanced API.",1kg,turkish,44.62,12,BEAN-0414-1kg-TUR,1
BEAN-0414,"404: Bean Not Found",Vietnam,"Đắk Lắk","Finca Pure Functional Farm",775,honey,dark,2025-12-09,"The Recursion Roastery","apricot,caramel,mango,lavender","compile-grade,espresso-friendly",6,3,2,3,10,1,"Smooth like a well-balanced API.",1kg,filter,46.12,133,BEAN-0414-1kg-FIL,2
BEAN-0414,"404: Bean Not Found",Vietnam,"Đắk Lắk","Finca Pure Functional Farm",775,honey,dark,2025-12-09,"The Recursion Roastery","apricot,caramel,mango,lavender","compile-grade,espresso-friendly",6,3,2,3,10,1,"Smooth like a well-balanced API.",1kg,french_press,46.74,34,BEAN-0414-1kg-FRE,3
BEAN-0415,"NPC Nitro",Panama,Boquete,"Finca The Mainframe",1459,wet-hulled,dark,2026-04-24,"Compile Time Coffee Co.","peanut butter,citrus,smoky","small-batch,rainforest-alliance",3,7,7,10,4,1,"Brewed under the careful eye of our QA team.",250g,filter,12.12,102,BEAN-0415-250g-FIL,0
BEAN-0415,"NPC Nitro",Panama,Boquete,"Finca The Mainframe",1459,wet-hulled,dark,2026-04-24,"Compile Time Coffee Co.","peanut butter,citrus,smoky","small-batch,rainforest-alliance",3,7,7,10,4,1,"Brewed under the careful eye of our QA team.",100g,aeropress,9.92,172,BEAN-0415-100g-AER,1
BEAN-0416,"Schrödinger's Latte",Colombia,Huila,"Finca San Miguel",1826,wet-hulled,medium,2025-12-28,"ASCII Coffee","smoky,berry,compile-time aroma,earthy","blend,production-ready,nerd-approved",3,2,6,5,1,1,"Ships with no warranty, express or implied.",100g,aeropress,7.73,149,BEAN-0416-100g-AER,0
BEAN-0416,"Schrödinger's Latte",Colombia,Huila,"Finca San Miguel",1826,wet-hulled,medium,2025-12-28,"ASCII Coffee","smoky,berry,compile-time aroma,earthy","blend,production-ready,nerd-approved",3,2,6,5,1,1,"Ships with no warranty, express or implied.",250g,aeropress,16.53,124,BEAN-0416-250g-AER,1
BEAN-0416,"Schrödinger's Latte",Colombia,Huila,"Finca San Miguel",1826,wet-hulled,medium,2025-12-28,"ASCII Coffee","smoky,berry,compile-time aroma,earthy","blend,production-ready,nerd-approved",3,2,6,5,1,1,"Ships with no warranty, express or implied.",500g,espresso,26.18,22,BEAN-0416-500g-ESP,2
BEAN-0416,"Schrödinger's Latte",Colombia,Huila,"Finca San Miguel",1826,wet-hulled,medium,2025-12-28,"ASCII Coffee","smoky,berry,compile-time aroma,earthy","blend,production-ready,nerd-approved",3,2,6,5,1,1,"Ships with no warranty, express or implied.",1kg,turkish,48.61,110,BEAN-0416-1kg-TUR,3
BEAN-0417,"Dwarven Drip","Mount Olympus",Pelion,"Finca Loop Holdings",2841,wet-hulled,medium,2026-01-24,"FIFO Coffee Bar","hibiscus,hazelnut",blend,8,4,10,8,4,1,"Smooth like a well-balanced API.",100g,turkish,10.61,124,BEAN-0417-100g-TUR,0
BEAN-0417,"Dwarven Drip","Mount Olympus",Pelion,"Finca Loop Holdings",2841,wet-hulled,medium,2026-01-24,"FIFO Coffee Bar","hibiscus,hazelnut",blend,8,4,10,8,4,1,"Smooth like a well-balanced API.",1kg,moka,47.15,170,BEAN-0417-1kg-MOK,1
BEAN-0417,"Dwarven Drip","Mount Olympus",Pelion,"Finca Loop Holdings",2841,wet-hulled,medium,2026-01-24,"FIFO Coffee Bar","hibiscus,hazelnut",blend,8,4,10,8,4,1,"Smooth like a well-balanced API.",1kg,whole_bean,47.81,151,BEAN-0417-1kg-WHO,2
BEAN-0418,"Endless Loop Espresso",Avalon,"Apple Isle","Finca Null Acres",22,wet-hulled,french,2025-12-08,"SIGTERM Single Origin","victory,ambition,milk chocolate","nerd-approved,battle-tested,compile-grade",1,7,7,1,4,1,500g,whole_bean,24.34,105,BEAN-0418-500g-WHO,0
BEAN-0419,"Python Pour-Over",Guatemala,Antigua,"Finca Commit Hill",1819,honey,medium,2026-03-09,"Stack Trace Roasters","caramel,jasmine,woody","espresso-friendly,filter-friendly,production-ready",9,6,7,6,3,1,500g,filter,26.93,189,BEAN-0419-500g-FIL,0
BEAN-0419,"Python Pour-Over",Guatemala,Antigua,"Finca Commit Hill",1819,honey,medium,2026-03-09,"Stack Trace Roasters","caramel,jasmine,woody","espresso-friendly,filter-friendly,production-ready",9,6,7,6,3,1,250g,filter,17.63,25,BEAN-0419-250g-FIL,1
BEAN-0419,"Python Pour-Over",Guatemala,Antigua,"Finca Commit Hill",1819,honey,medium,2026-03-09,"Stack Trace Roasters","caramel,jasmine,woody","espresso-friendly,filter-friendly,production-ready",9,6,7,6,3,1,100g,aeropress,7.25,159,BEAN-0419-100g-AER,2
BEAN-0419,"Python Pour-Over",Guatemala,Antigua,"Finca Commit Hill",1819,honey,medium,2026-03-09,"Stack Trace Roasters","caramel,jasmine,woody","espresso-friendly,filter-friendly,production-ready",9,6,7,6,3,1,1kg,aeropress,44.49,97,BEAN-0419-1kg-AER,3
BEAN-0420,"Hyperdrive House Blend","El Dorado","Lake Guatavita","Finca Null Acres",3124,natural,medium-light,2026-02-18,"Bit Roasters",,"open-source,seasonal",9,9,5,9,9,1,"Side effects may include: refactoring, enlightenment, productivity.",100g,espresso,4.75,182,BEAN-0420-100g-ESP,0
BEAN-0420,"Hyperdrive House Blend","El Dorado","Lake Guatavita","Finca Null Acres",3124,natural,medium-light,2026-02-18,"Bit Roasters",,"open-source,seasonal",9,9,5,9,9,1,"Side effects may include: refactoring, enlightenment, productivity.",1kg,turkish,45.11,183,BEAN-0420-1kg-TUR,1
BEAN-0420,"Hyperdrive House Blend","El Dorado","Lake Guatavita","Finca Null Acres",3124,natural,medium-light,2026-02-18,"Bit Roasters",,"open-source,seasonal",9,9,5,9,9,1,"Side effects may include: refactoring, enlightenment, productivity.",500g,moka,24.83,34,BEAN-0420-500g-MOK,2
BEAN-0421,"Tavern Triple Shot",Honduras,Copán,"Finca Branch Estate",1614,washed,medium,2026-03-15,"Eventual Consistency Roasting",,"production-ready,decaf",5,1,8,4,4,1,"Recommended by 9 out of 10 over-tired developers.",250g,espresso,11.1,62,BEAN-0421-250g-ESP,0
BEAN-0421,"Tavern Triple Shot",Honduras,Copán,"Finca Branch Estate",1614,washed,medium,2026-03-15,"Eventual Consistency Roasting",,"production-ready,decaf",5,1,8,4,4,1,"Recommended by 9 out of 10 over-tired developers.",100g,turkish,8.9,112,BEAN-0421-100g-TUR,1
BEAN-0422,"TCP Triple-Shot",Xanadu,"Summer Palace","Finca Branch Estate",1465,anaerobic,french,2025-12-15,"Daemon Roasters","victory,lavender","bird-friendly,shade-grown,open-source",4,6,9,6,2,1,"Has been peer-reviewed.",250g,turkish,15.31,32,BEAN-0422-250g-TUR,0
BEAN-0422,"TCP Triple-Shot",Xanadu,"Summer Palace","Finca Branch Estate",1465,anaerobic,french,2025-12-15,"Daemon Roasters","victory,lavender","bird-friendly,shade-grown,open-source",4,6,9,6,2,1,"Has been peer-reviewed.",100g,turkish,11.88,181,BEAN-0422-100g-TUR,1
BEAN-0423,"Zsh Espresso","Mount Olympus",Pelion,"Finca Pure Functional Farm",2878,wet-hulled,medium-light,2026-01-12,"Stack Trace Roasters","caramel,woody,maple syrup,earthy","open-source,bird-friendly,single-origin,espresso-friendly",1,9,8,9,1,1,250g,whole_bean,16.46,16,BEAN-0423-250g-WHO,0
BEAN-0423,"Zsh Espresso","Mount Olympus",Pelion,"Finca Pure Functional Farm",2878,wet-hulled,medium-light,2026-01-12,"Stack Trace Roasters","caramel,woody,maple syrup,earthy","open-source,bird-friendly,single-origin,espresso-friendly",1,9,8,9,1,1,500g,moka,24.02,186,BEAN-0423-500g-MOK,1
BEAN-0423,"Zsh Espresso","Mount Olympus",Pelion,"Finca Pure Functional Farm",2878,wet-hulled,medium-light,2026-01-12,"Stack Trace Roasters","caramel,woody,maple syrup,earthy","open-source,bird-friendly,single-origin,espresso-friendly",1,9,8,9,1,1,100g,aeropress,8.78,110,BEAN-0423-100g-AER,2
BEAN-0424,"Emacs Espresso",Panama,Boquete,"Finca Loop Holdings",1531,wet-hulled,french,2025-11-20,"Buffer Overflow Brewing","berry,honey","decaf,production-ready,direct-trade,organic",10,1,6,10,2,1,"Recommended by 9 out of 10 over-tired developers.",100g,moka,7.31,41,BEAN-0424-100g-MOK,0
BEAN-0425,"Async/Await Awakening",Hyperborea,"Northern Reaches","Finca La Esperanza",1392,anaerobic,french,2026-04-11,"Cache Coherence Coffee",,rainforest-alliance,10,7,7,7,8,,"If found defective, please file a bug report.",100g,filter,6.84,181,BEAN-0425-100g-FIL,0
BEAN-0425,"Async/Await Awakening",Hyperborea,"Northern Reaches","Finca La Esperanza",1392,anaerobic,french,2026-04-11,"Cache Coherence Coffee",,rainforest-alliance,10,7,7,7,8,,"If found defective, please file a bug report.",1kg,filter,47,47,BEAN-0425-1kg-FIL,1
BEAN-0426,"Edison Espresso",Ethiopia,Yirgacheffe,"Finca Stack Plantation",1973,washed,dark,2026-03-07,"Bit Roasters","caramel,pineapple,tail-call sweetness,lavender",espresso-friendly,1,9,1,1,6,1,"Tastes of certainty, with a hint of doubt.",500g,turkish,22.56,44,BEAN-0426-500g-TUR,0
BEAN-0427,"Andromeda Espresso",Ethiopia,Sidamo,"Finca Commit Hill",2046,natural,dark,2026-02-05,"The Bean Counters",earthy,"compile-grade,decaf",8,1,10,1,9,1,"If found defective, please file a bug report.",100g,turkish,11.47,74,BEAN-0427-100g-TUR,0
BEAN-0427,"Andromeda Espresso",Ethiopia,Sidamo,"Finca Commit Hill",2046,natural,dark,2026-02-05,"The Bean Counters",earthy,"compile-grade,decaf",8,1,10,1,9,1,"If found defective, please file a bug report.",100g,filter,9.46,151,BEAN-0427-100g-FIL,1
BEAN-0427,"Andromeda Espresso",Ethiopia,Sidamo,"Finca Commit Hill",2046,natural,dark,2026-02-05,"The Bean Counters",earthy,"compile-grade,decaf",8,1,10,1,9,1,"If found defective, please file a bug report.",250g,whole_bean,14.98,154,BEAN-0427-250g-WHO,2
BEAN-0428,"Faraday's Filter",Tanzania,Kilimanjaro,"Finca Heap Hill",1925,anaerobic,light,2025-11-21,"Brewed in Berlin",,"small-batch,shade-grown,decaf",4,8,4,7,1,1,"Brewed under the careful eye of our QA team.",1kg,turkish,49.75,168,BEAN-0428-1kg-TUR,0
BEAN-0428,"Faraday's Filter",Tanzania,Kilimanjaro,"Finca Heap Hill",1925,anaerobic,light,2025-11-21,"Brewed in Berlin",,"small-batch,shade-grown,decaf",4,8,4,7,1,1,"Brewed under the careful eye of our QA team.",100g,turkish,8.16,169,BEAN-0428-100g-TUR,1
BEAN-0428,"Faraday's Filter",Tanzania,Kilimanjaro,"Finca Heap Hill",1925,anaerobic,light,2025-11-21,"Brewed in Berlin",,"small-batch,shade-grown,decaf",4,8,4,7,1,1,"Brewed under the careful eye of our QA team.",500g,moka,26.5,179,BEAN-0428-500g-MOK,2
BEAN-0428,"Faraday's Filter",Tanzania,Kilimanjaro,"Finca Heap Hill",1925,anaerobic,light,2025-11-21,"Brewed in Berlin",,"small-batch,shade-grown,decaf",4,8,4,7,1,1,"Brewed under the careful eye of our QA team.",250g,filter,13.56,114,BEAN-0428-250g-FIL,3
BEAN-0429,"Light-Speed Latte",Mexico,Chiapas,"Finca Stack Plantation",1242,washed,medium-dark,2026-04-15,"Cache Coherence Coffee","smoky,maple syrup,cinnamon,floral","seasonal,fair-trade,compile-grade,open-source",4,2,5,10,10,1,"Tastes of certainty, with a hint of doubt.",100g,moka,4.22,77,BEAN-0429-100g-MOK,0
BEAN-0429,"Light-Speed Latte",Mexico,Chiapas,"Finca Stack Plantation",1242,washed,medium-dark,2026-04-15,"Cache Coherence Coffee","smoky,maple syrup,cinnamon,floral","seasonal,fair-trade,compile-grade,open-source",4,2,5,10,10,1,"Tastes of certainty, with a hint of doubt.",1kg,espresso,45.81,137,BEAN-0429-1kg-ESP,1
BEAN-0429,"Light-Speed Latte",Mexico,Chiapas,"Finca Stack Plantation",1242,washed,medium-dark,2026-04-15,"Cache Coherence Coffee","smoky,maple syrup,cinnamon,floral","seasonal,fair-trade,compile-grade,open-source",4,2,5,10,10,1,"Tastes of certainty, with a hint of doubt.",100g,turkish,10.6,111,BEAN-0429-100g-TUR,2
BEAN-0430,"Riemann Roast ☕",Atlantis,"Sunken City","Finca La Esperanza",,natural,light,2026-01-14,"O(1) Coffee",victory,"single-origin,filter-friendly,developer-fuel",4,10,10,1,1,1,100g,filter,4.04,61,BEAN-0430-100g-FIL,0
BEAN-0430,"Riemann Roast ☕",Atlantis,"Sunken City","Finca La Esperanza",,natural,light,2026-01-14,"O(1) Coffee",victory,"single-origin,filter-friendly,developer-fuel",4,10,10,1,1,1,500g,espresso,29.9,58,BEAN-0430-500g-ESP,1
BEAN-0431,"Bitwise Brew",Hawaii,Kona,"Finca Branch Estate",726,honey,medium-dark,2025-11-18,"The Bean Counters","bergamot,uncertainty","bird-friendly,organic,battle-tested",7,7,5,4,8,1,"Smooth like a well-balanced API.",1kg,whole_bean,48.57,114,BEAN-0431-1kg-WHO,0
BEAN-0432,"Garbage Collected Gourmet ☕",Brazil,Mogiana,"Finca The Sandbox",1361,anaerobic,light,2026-03-26,"Brewed in Berlin","lemon,ambition","rainforest-alliance,seasonal,production-ready",5,5,10,5,2,1,"Best paired with a 200 OK.",250g,whole_bean,15.44,127,BEAN-0432-250g-WHO,0
BEAN-0432,"Garbage Collected Gourmet ☕",Brazil,Mogiana,"Finca The Sandbox",1361,anaerobic,light,2026-03-26,"Brewed in Berlin","lemon,ambition","rainforest-alliance,seasonal,production-ready",5,5,10,5,2,1,"Best paired with a 200 OK.",250g,espresso,15.15,9,BEAN-0432-250g-ESP,1
BEAN-0433,"Antimatter Americano ☕",Brazil,Mogiana,"Finca The Sandbox",942,washed,medium-light,2026-01-20,"Roast & Roll","earthy,ambition","nerd-approved,fair-trade",9,4,4,6,1,1,500g,turkish,29.6,44,BEAN-0433-500g-TUR,0
BEAN-0433,"Antimatter Americano ☕",Brazil,Mogiana,"Finca The Sandbox",942,washed,medium-light,2026-01-20,"Roast & Roll","earthy,ambition","nerd-approved,fair-trade",9,4,4,6,1,1,500g,french_press,23.61,164,BEAN-0433-500g-FRE,1
BEAN-0433,"Antimatter Americano ☕",Brazil,Mogiana,"Finca The Sandbox",942,washed,medium-light,2026-01-20,"Roast & Roll","earthy,ambition","nerd-approved,fair-trade",9,4,4,6,1,1,100g,french_press,7.04,74,BEAN-0433-100g-FRE,2
BEAN-0433,"Antimatter Americano ☕",Brazil,Mogiana,"Finca The Sandbox",942,washed,medium-light,2026-01-20,"Roast & Roll","earthy,ambition","nerd-approved,fair-trade",9,4,4,6,1,1,100g,espresso,5.47,49,BEAN-0433-100g-ESP,3
BEAN-0434,"Time Dilation Drip ☕",Ethiopia,Yirgacheffe,"Finca The Mainframe",2231,wet-hulled,dark,2026-02-27,"Brewed in Berlin",citrus,"fair-trade,blend,single-origin",7,9,9,1,10,1,"Brewed under the careful eye of our QA team.",500g,filter,22.31,26,BEAN-0434-500g-FIL,0
BEAN-0434,"Time Dilation Drip ☕",Ethiopia,Yirgacheffe,"Finca The Mainframe",2231,wet-hulled,dark,2026-02-27,"Brewed in Berlin",citrus,"fair-trade,blend,single-origin",7,9,9,1,10,1,"Brewed under the careful eye of our QA team.",250g,whole_bean,14.05,144,BEAN-0434-250g-WHO,1
BEAN-0434,"Time Dilation Drip ☕",Ethiopia,Yirgacheffe,"Finca The Mainframe",2231,wet-hulled,dark,2026-02-27,"Brewed in Berlin",citrus,"fair-trade,blend,single-origin",7,9,9,1,10,1,"Brewed under the careful eye of our QA team.",100g,turkish,7.1,145,BEAN-0434-100g-TUR,2
BEAN-0435,"Save Point Sumatra",Ethiopia,Yirgacheffe,"Finca Commit Hill",1810,anaerobic,dark,2025-11-27,"Daemon Roasters","tail-call sweetness,maple syrup","nerd-approved,small-batch,developer-fuel,limited-edition",6,8,8,3,8,1,"Now with 30% fewer race conditions.",250g,filter,16.1,44,BEAN-0435-250g-FIL,0
BEAN-0435,"Save Point Sumatra",Ethiopia,Yirgacheffe,"Finca Commit Hill",1810,anaerobic,dark,2025-11-27,"Daemon Roasters","tail-call sweetness,maple syrup","nerd-approved,small-batch,developer-fuel,limited-edition",6,8,8,3,8,1,"Now with 30% fewer race conditions.",1kg,filter,50.06,94,BEAN-0435-1kg-FIL,1
BEAN-0436,"Tachyon Trip",Nicaragua,Jinotega,"Finca The Repo",1663,natural,medium-dark,2026-04-09,"The Daily Brew","bergamot,cardamom","bird-friendly,nerd-approved,open-source,production-ready",7,8,6,6,6,1,250g,espresso,12.74,48,BEAN-0436-250g-ESP,0
BEAN-0436,"Tachyon Trip",Nicaragua,Jinotega,"Finca The Repo",1663,natural,medium-dark,2026-04-09,"The Daily Brew","bergamot,cardamom","bird-friendly,nerd-approved,open-source,production-ready",7,8,6,6,6,1,250g,turkish,16.83,200,BEAN-0436-250g-TUR,1
BEAN-0437,"Rogue Roast","El Dorado","Lake Guatavita","Finca Null Acres",3109,honey,medium-light,2026-01-31,"The Recursion Roastery","almond,mango,uncertainty","seasonal,bird-friendly,fair-trade,filter-friendly",4,6,9,3,7,1,"If found defective, please file a bug report.",1kg,whole_bean,48.55,98,BEAN-0437-1kg-WHO,0
BEAN-0437,"Rogue Roast","El Dorado","Lake Guatavita","Finca Null Acres",3109,honey,medium-light,2026-01-31,"The Recursion Roastery","almond,mango,uncertainty","seasonal,bird-friendly,fair-trade,filter-friendly",4,6,9,3,7,1,"If found defective, please file a bug report.",250g,filter,18.87,174,BEAN-0437-250g-FIL,1
BEAN-0437,"Rogue Roast","El Dorado","Lake Guatavita","Finca Null Acres",3109,honey,medium-light,2026-01-31,"The Recursion Roastery","almond,mango,uncertainty","seasonal,bird-friendly,fair-trade,filter-friendly",4,6,9,3,7,1,"If found defective, please file a bug report.",250g,aeropress,14.22,200,BEAN-0437-250g-AER,2
BEAN-0438,"Knight's Nightcap",Brazil,"Minas Gerais","Finca Stack Plantation",1390,honey,dark,2025-12-06,"Pure Function Pour-Over",,single-origin,2,1,1,1,6,1,"Ships with no warranty, express or implied.",500g,espresso,27.95,54,BEAN-0438-500g-ESP,0
BEAN-0438,"Knight's Nightcap",Brazil,"Minas Gerais","Finca Stack Plantation",1390,honey,dark,2025-12-06,"Pure Function Pour-Over",,single-origin,2,1,1,1,6,1,"Ships with no warranty, express or implied.",500g,turkish,22.53,159,BEAN-0438-500g-TUR,1
BEAN-0439,"Hyperdrive House Blend ☕",Atlantis,"Sunken City","Finca Bit Bucket",,honey,medium,2026-04-16,"Brewed in Berlin",citrus,"bird-friendly,blend",9,10,7,3,9,1,"Has been peer-reviewed.",500g,aeropress,28.78,63,BEAN-0439-500g-AER,0
BEAN-0439,"Hyperdrive House Blend ☕",Atlantis,"Sunken City","Finca Bit Bucket",,honey,medium,2026-04-16,"Brewed in Berlin",citrus,"bird-friendly,blend",9,10,7,3,9,1,"Has been peer-reviewed.",100g,aeropress,11.56,113,BEAN-0439-100g-AER,1
BEAN-0439,"Hyperdrive House Blend ☕",Atlantis,"Sunken City","Finca Bit Bucket",,honey,medium,2026-04-16,"Brewed in Berlin",citrus,"bird-friendly,blend",9,10,7,3,9,1,"Has been peer-reviewed.",100g,turkish,4.32,97,BEAN-0439-100g-TUR,2
BEAN-0440,"Gauss Grind",Hyperborea,"Northern Reaches","Finca Stack Plantation",1485,wet-hulled,dark,2026-03-26,"Eventual Consistency Roasting",,"open-source,shade-grown,direct-trade,single-origin",6,2,3,3,10,1,250g,whole_bean,18.94,171,BEAN-0440-250g-WHO,0
BEAN-0440,"Gauss Grind",Hyperborea,"Northern Reaches","Finca Stack Plantation",1485,wet-hulled,dark,2026-03-26,"Eventual Consistency Roasting",,"open-source,shade-grown,direct-trade,single-origin",6,2,3,3,10,1,250g,aeropress,13.57,182,BEAN-0440-250g-AER,1
BEAN-0441,"Tavern Triple Shot",Kenya,Nyeri,"Finca Branch Estate",1708,wet-hulled,medium-dark,2026-03-29,"Tail Call Tea","grapefruit,peach","compile-grade,organic,developer-fuel",6,3,1,4,5,1,500g,whole_bean,24.18,194,BEAN-0441-500g-WHO,0
BEAN-0441,"Tavern Triple Shot",Kenya,Nyeri,"Finca Branch Estate",1708,wet-hulled,medium-dark,2026-03-29,"Tail Call Tea","grapefruit,peach","compile-grade,organic,developer-fuel",6,3,1,4,5,1,1kg,aeropress,43.64,141,BEAN-0441-1kg-AER,1
BEAN-0441,"Tavern Triple Shot",Kenya,Nyeri,"Finca Branch Estate",1708,wet-hulled,medium-dark,2026-03-29,"Tail Call Tea","grapefruit,peach","compile-grade,organic,developer-fuel",6,3,1,4,5,1,100g,espresso,10.98,159,BEAN-0441-100g-ESP,2
BEAN-0441,"Tavern Triple Shot",Kenya,Nyeri,"Finca Branch Estate",1708,wet-hulled,medium-dark,2026-03-29,"Tail Call Tea","grapefruit,peach","compile-grade,organic,developer-fuel",6,3,1,4,5,1,100g,aeropress,8.59,77,BEAN-0441-100g-AER,3
BEAN-0442,"Big Endian Blend ☕",Atlantis,"Sunken City","Finca Commit Hill",,honey,15.0336,-37.872,french,2026-02-04,"Cache Coherence Coffee","peach,nutmeg","direct-trade,decaf,shade-grown,limited-edition",9,4,8,5,5,,"Smooth like a well-balanced API.",100g,turkish,9.33,81,BEAN-0442-100g-TUR,0
BEAN-0442,"Big Endian Blend ☕",Atlantis,"Sunken City","Finca Commit Hill",,honey,15.0336,-37.872,french,2026-02-04,"Cache Coherence Coffee","peach,nutmeg","direct-trade,decaf,shade-grown,limited-edition",9,4,8,5,5,,"Smooth like a well-balanced API.",100g,whole_bean,10.49,195,BEAN-0442-100g-WHO,1
BEAN-0442,"Big Endian Blend ☕",Atlantis,"Sunken City","Finca Commit Hill",,honey,15.0336,-37.872,french,2026-02-04,"Cache Coherence Coffee","peach,nutmeg","direct-trade,decaf,shade-grown,limited-edition",9,4,8,5,5,,"Smooth like a well-balanced API.",100g,espresso,4.6,95,BEAN-0442-100g-ESP,2
BEAN-0443,"Stack Overflow Blend","Mount Olympus",Pelion,"Finca Null Acres",3113,wet-hulled,light,2026-04-02,"The Bean Counters","spacetime,rose,compile-time aroma",battle-tested,2,1,3,4,2,1,"Pairs well with rubber duck debugging.",100g,whole_bean,7.46,175,BEAN-0443-100g-WHO,0
BEAN-0443,"Stack Overflow Blend","Mount Olympus",Pelion,"Finca Null Acres",3113,wet-hulled,light,2026-04-02,"The Bean Counters","spacetime,rose,compile-time aroma",battle-tested,2,1,3,4,2,1,"Pairs well with rubber duck debugging.",250g,espresso,11.4,20,BEAN-0443-250g-ESP,1
BEAN-0443,"Stack Overflow Blend","Mount Olympus",Pelion,"Finca Null Acres",3113,wet-hulled,light,2026-04-02,"The Bean Counters","spacetime,rose,compile-time aroma",battle-tested,2,1,3,4,2,1,"Pairs well with rubber duck debugging.",1kg,filter,48,49,BEAN-0443-1kg-FIL,2
BEAN-0444,"TCP Triple-Shot",Kenya,Nyeri,"Finca Pure Functional Farm",1847,wet-hulled,light,2026-01-18,"O(1) Coffee","chocolate,hazelnut,orange,grapefruit","decaf,production-ready,filter-friendly",2,2,4,3,6,1,1kg,aeropress,49.69,75,BEAN-0444-1kg-AER,0
BEAN-0444,"TCP Triple-Shot",Kenya,Nyeri,"Finca Pure Functional Farm",1847,wet-hulled,light,2026-01-18,"O(1) Coffee","chocolate,hazelnut,orange,grapefruit","decaf,production-ready,filter-friendly",2,2,4,3,6,1,1kg,moka,48.12,55,BEAN-0444-1kg-MOK,1
BEAN-0445,"Loot Drop Latte",Colombia,Huila,"Finca Commit Hill",1835,honey,medium,2026-03-31,"Isotope Roasters",,developer-fuel,6,1,10,7,2,1,"Pairs well with rubber duck debugging.",1kg,whole_bean,50.82,172,BEAN-0445-1kg-WHO,0
BEAN-0445,"Loot Drop Latte",Colombia,Huila,"Finca Commit Hill",1835,honey,medium,2026-03-31,"Isotope Roasters",,developer-fuel,6,1,10,7,2,1,"Pairs well with rubber duck debugging.",100g,filter,8.71,92,BEAN-0445-100g-FIL,1
BEAN-0445,"Loot Drop Latte",Colombia,Huila,"Finca Commit Hill",1835,honey,medium,2026-03-31,"Isotope Roasters",,developer-fuel,6,1,10,7,2,1,"Pairs well with rubber duck debugging.",100g,moka,6.1,81,BEAN-0445-100g-MOK,2
BEAN-0445,"Loot Drop Latte",Colombia,Huila,"Finca Commit Hill",1835,honey,medium,2026-03-31,"Isotope Roasters",,developer-fuel,6,1,10,7,2,1,"Pairs well with rubber duck debugging.",1kg,filter,48.94,122,BEAN-0445-1kg-FIL,3
BEAN-0446,"Bard's Brew",Vietnam,"Đắk Lắk","Finca Branch Estate",516,natural,light,2025-11-16,"Tail Call Tea","woody,jasmine,cardamom","nerd-approved,battle-tested,decaf,production-ready",7,7,1,3,6,1,"Ships with no warranty, express or implied.",250g,french_press,13.93,111,BEAN-0446-250g-FRE,0
BEAN-0446,"Bard's Brew",Vietnam,"Đắk Lắk","Finca Branch Estate",516,natural,light,2025-11-16,"Tail Call Tea","woody,jasmine,cardamom","nerd-approved,battle-tested,decaf,production-ready",7,7,1,3,6,1,"Ships with no warranty, express or implied.",250g,espresso,15.74,47,BEAN-0446-250g-ESP,1
BEAN-0446,"Bard's Brew",Vietnam,"Đắk Lắk","Finca Branch Estate",516,natural,light,2025-11-16,"Tail Call Tea","woody,jasmine,cardamom","nerd-approved,battle-tested,decaf,production-ready",7,7,1,3,6,1,"Ships with no warranty, express or implied.",250g,whole_bean,11.13,120,BEAN-0446-250g-WHO,2
BEAN-0446,"Bard's Brew",Vietnam,"Đắk Lắk","Finca Branch Estate",516,natural,light,2025-11-16,"Tail Call Tea","woody,jasmine,cardamom","nerd-approved,battle-tested,decaf,production-ready",7,7,1,3,6,1,"Ships with no warranty, express or implied.",250g,filter,13.7,5,BEAN-0446-250g-FIL,3
BEAN-0447,"High Score Hot Brew",Indonesia,Java,"Finca The Mainframe",1316,anaerobic,dark,2026-01-04,"SIGTERM Single Origin","lemon,tobacco,compile-time aroma",shade-grown,2,2,6,8,10,1,"Single-origin, single-threaded, single-purpose.",1kg,turkish,44.73,125,BEAN-0447-1kg-TUR,0
BEAN-0447,"High Score Hot Brew",Indonesia,Java,"Finca The Mainframe",1316,anaerobic,dark,2026-01-04,"SIGTERM Single Origin","lemon,tobacco,compile-time aroma",shade-grown,2,2,6,8,10,1,"Single-origin, single-threaded, single-purpose.",100g,filter,9.05,86,BEAN-0447-100g-FIL,1
BEAN-0448,"Fibonacci Filter",Brazil,"Minas Gerais","Finca Loop Holdings",1271,honey,french,2026-02-05,"The Recursion Roastery","honey,smoky",organic,8,6,7,4,4,1,500g,aeropress,29.33,121,BEAN-0448-500g-AER,0
BEAN-0448,"Fibonacci Filter",Brazil,"Minas Gerais","Finca Loop Holdings",1271,honey,french,2026-02-05,"The Recursion Roastery","honey,smoky",organic,8,6,7,4,4,1,500g,moka,24.73,84,BEAN-0448-500g-MOK,1
BEAN-0448,"Fibonacci Filter",Brazil,"Minas Gerais","Finca Loop Holdings",1271,honey,french,2026-02-05,"The Recursion Roastery","honey,smoky",organic,8,6,7,4,4,1,250g,espresso,18.72,200,BEAN-0448-250g-ESP,2
BEAN-0449,"Cooldown Cold Brew",Hawaii,Kona,"Finca The Mainframe",721,anaerobic,dark,2026-01-11,"Bit Roasters","peach,almond","decaf,direct-trade,single-origin,compile-grade",8,8,10,5,2,1,"Now with 30% fewer race conditions.",500g,aeropress,23.14,199,BEAN-0449-500g-AER,0
BEAN-0449,"Cooldown Cold Brew",Hawaii,Kona,"Finca The Mainframe",721,anaerobic,dark,2026-01-11,"Bit Roasters","peach,almond","decaf,direct-trade,single-origin,compile-grade",8,8,10,5,2,1,"Now with 30% fewer race conditions.",100g,french_press,5.97,162,BEAN-0449-100g-FRE,1
BEAN-0449,"Cooldown Cold Brew",Hawaii,Kona,"Finca The Mainframe",721,anaerobic,dark,2026-01-11,"Bit Roasters","peach,almond","decaf,direct-trade,single-origin,compile-grade",8,8,10,5,2,1,"Now with 30% fewer race conditions.",100g,filter,6.85,158,BEAN-0449-100g-FIL,2
BEAN-0450,"Mana Potion",Peru,Cajamarca,"Finca The Repo",1809,natural,french,2026-03-24,"Roast & Roll","walnut,blackcurrant,regret,caramel","compile-grade,battle-tested",5,4,7,7,1,1,"Brewed under the careful eye of our QA team.",500g,whole_bean,22.23,164,BEAN-0450-500g-WHO,0
BEAN-0450,"Mana Potion",Peru,Cajamarca,"Finca The Repo",1809,natural,french,2026-03-24,"Roast & Roll","walnut,blackcurrant,regret,caramel","compile-grade,battle-tested",5,4,7,7,1,1,"Brewed under the careful eye of our QA team.",1kg,whole_bean,45.95,198,BEAN-0450-1kg-WHO,1
BEAN-0451,"Lambda Latte",Hawaii,Kona,"Finca The Sandbox",827,honey,light,2026-03-02,"Eventual Consistency Roasting","grapefruit,victory","seasonal,espresso-friendly,decaf,direct-trade",1,2,1,6,9,1,"Now with 30% fewer race conditions.",1kg,moka,43.2,111,BEAN-0451-1kg-MOK,0
BEAN-0451,"Lambda Latte",Hawaii,Kona,"Finca The Sandbox",827,honey,light,2026-03-02,"Eventual Consistency Roasting","grapefruit,victory","seasonal,espresso-friendly,decaf,direct-trade",1,2,1,6,9,1,"Now with 30% fewer race conditions.",500g,french_press,23.42,156,BEAN-0451-500g-FRE,1
BEAN-0452,"Paladin Pour-Over",India,Karnataka,"Finca The Repo",920,washed,french,2026-04-08,"Idempotent Espresso",,decaf,3,2,9,3,4,,"Single-origin, single-threaded, single-purpose.",500g,filter,22.65,87,BEAN-0452-500g-FIL,0
BEAN-0452,"Paladin Pour-Over",India,Karnataka,"Finca The Repo",920,washed,french,2026-04-08,"Idempotent Espresso",,decaf,3,2,9,3,4,,"Single-origin, single-threaded, single-purpose.",100g,french_press,7.2,15,BEAN-0452-100g-FRE,1
BEAN-0453,"High Score Hot Brew",Hyperborea,"Northern Reaches","Finca The Mainframe",1345,anaerobic,medium-light,2026-04-12,"Stack Trace Roasters",blueberry,production-ready,1,1,4,8,1,,"Side effects may include: refactoring, enlightenment, productivity.",250g,turkish,12.1,81,BEAN-0453-250g-TUR,0
BEAN-0453,"High Score Hot Brew",Hyperborea,"Northern Reaches","Finca The Mainframe",1345,anaerobic,medium-light,2026-04-12,"Stack Trace Roasters",blueberry,production-ready,1,1,4,8,1,,"Side effects may include: refactoring, enlightenment, productivity.",500g,french_press,28.05,171,BEAN-0453-500g-FRE,1
BEAN-0453,"High Score Hot Brew",Hyperborea,"Northern Reaches","Finca The Mainframe",1345,anaerobic,medium-light,2026-04-12,"Stack Trace Roasters",blueberry,production-ready,1,1,4,8,1,,"Side effects may include: refactoring, enlightenment, productivity.",1kg,whole_bean,47.08,74,BEAN-0453-1kg-WHO,2
BEAN-0454,"Mutex Latte",Colombia,Antioquia,"Finca Branch Estate",1402,washed,medium-light,2026-03-14,"The Bean Counters","chocolate,hibiscus,the smell of merged PRs",open-source,6,9,3,7,4,1,500g,filter,26.45,130,BEAN-0454-500g-FIL,0
BEAN-0455,"Python Pour-Over",Peru,Cajamarca,"Finca Null Acres",1600,honey,medium-dark,2026-04-11,"The Daily Brew","earthy,dark chocolate","battle-tested,compile-grade,rainforest-alliance,filter-friendly",3,2,1,7,2,1,"A bold roast that compiles cleanly on the first run.",250g,turkish,15.56,191,BEAN-0455-250g-TUR,0
BEAN-0455,"Python Pour-Over",Peru,Cajamarca,"Finca Null Acres",1600,honey,medium-dark,2026-04-11,"The Daily Brew","earthy,dark chocolate","battle-tested,compile-grade,rainforest-alliance,filter-friendly",3,2,1,7,2,1,"A bold roast that compiles cleanly on the first run.",500g,turkish,27.52,54,BEAN-0455-500g-TUR,1
BEAN-0455,"Python Pour-Over",Peru,Cajamarca,"Finca Null Acres",1600,honey,medium-dark,2026-04-11,"The Daily Brew","earthy,dark chocolate","battle-tested,compile-grade,rainforest-alliance,filter-friendly",3,2,1,7,2,1,"A bold roast that compiles cleanly on the first run.",500g,filter,25.71,165,BEAN-0455-500g-FIL,2
BEAN-0455,"Python Pour-Over",Peru,Cajamarca,"Finca Null Acres",1600,honey,medium-dark,2026-04-11,"The Daily Brew","earthy,dark chocolate","battle-tested,compile-grade,rainforest-alliance,filter-friendly",3,2,1,7,2,1,"A bold roast that compiles cleanly on the first run.",250g,moka,18.12,64,BEAN-0455-250g-MOK,3
BEAN-0456,"TCP Triple-Shot",Xanadu,"Summer Palace","Finca The Mainframe",1370,anaerobic,4.2241,-85.0732,french,2026-02-01,"Cache Coherence Coffee","cardamom,brown sugar,Sunday afternoon","developer-fuel,battle-tested",9,10,5,4,2,1,100g,moka,4.4,2,BEAN-0456-100g-MOK,0
BEAN-0456,"TCP Triple-Shot",Xanadu,"Summer Palace","Finca The Mainframe",1370,anaerobic,4.2241,-85.0732,french,2026-02-01,"Cache Coherence Coffee","cardamom,brown sugar,Sunday afternoon","developer-fuel,battle-tested",9,10,5,4,2,1,500g,whole_bean,24.43,97,BEAN-0456-500g-WHO,1
BEAN-0456,"TCP Triple-Shot",Xanadu,"Summer Palace","Finca The Mainframe",1370,anaerobic,4.2241,-85.0732,french,2026-02-01,"Cache Coherence Coffee","cardamom,brown sugar,Sunday afternoon","developer-fuel,battle-tested",9,10,5,4,2,1,250g,whole_bean,11.43,55,BEAN-0456-250g-WHO,2
BEAN-0456,"TCP Triple-Shot",Xanadu,"Summer Palace","Finca The Mainframe",1370,anaerobic,4.2241,-85.0732,french,2026-02-01,"Cache Coherence Coffee","cardamom,brown sugar,Sunday afternoon","developer-fuel,battle-tested",9,10,5,4,2,1,250g,french_press,16.93,95,BEAN-0456-250g-FRE,3
BEAN-0457,"Segfault Single Origin",Brazil,"Minas Gerais","Finca Stack Plantation",1134,natural,light,2025-11-30,"FIFO Coffee Bar",,"espresso-friendly,organic,blend,single-origin",4,8,10,9,5,1,1kg,whole_bean,48.85,39,BEAN-0457-1kg-WHO,0
BEAN-0457,"Segfault Single Origin",Brazil,"Minas Gerais","Finca Stack Plantation",1134,natural,light,2025-11-30,"FIFO Coffee Bar",,"espresso-friendly,organic,blend,single-origin",4,8,10,9,5,1,250g,whole_bean,14.18,96,BEAN-0457-250g-WHO,1
BEAN-0457,"Segfault Single Origin",Brazil,"Minas Gerais","Finca Stack Plantation",1134,natural,light,2025-11-30,"FIFO Coffee Bar",,"espresso-friendly,organic,blend,single-origin",4,8,10,9,5,1,100g,whole_bean,7.98,119,BEAN-0457-100g-WHO,2
BEAN-0458,"Recursive Espresso",Panama,Boquete,"Finca The Sandbox",1332,honey,french,2026-02-28,"Idempotent Espresso",raspberry,limited-edition,4,4,8,1,1,1,1kg,moka,50.62,125,BEAN-0458-1kg-MOK,0
BEAN-0458,"Recursive Espresso",Panama,Boquete,"Finca The Sandbox",1332,honey,french,2026-02-28,"Idempotent Espresso",raspberry,limited-edition,4,4,8,1,1,1,250g,aeropress,17.79,12,BEAN-0458-250g-AER,1
BEAN-0458,"Recursive Espresso",Panama,Boquete,"Finca The Sandbox",1332,honey,french,2026-02-28,"Idempotent Espresso",raspberry,limited-edition,4,4,8,1,1,1,500g,filter,22.71,94,BEAN-0458-500g-FIL,2
BEAN-0458,"Recursive Espresso",Panama,Boquete,"Finca The Sandbox",1332,honey,french,2026-02-28,"Idempotent Espresso",raspberry,limited-edition,4,4,8,1,1,1,1kg,turkish,46.78,41,BEAN-0458-1kg-TUR,3
BEAN-0459,"Save Point Sumatra",Brazil,"Minas Gerais","Finca Pure Functional Farm",1164,honey,medium-dark,2026-03-28,"The Bean Counters","lavender,woody,hibiscus","decaf,developer-fuel,production-ready",7,6,7,2,10,1,"Brewed under the careful eye of our QA team.",500g,aeropress,25.73,192,BEAN-0459-500g-AER,0
BEAN-0459,"Save Point Sumatra",Brazil,"Minas Gerais","Finca Pure Functional Farm",1164,honey,medium-dark,2026-03-28,"The Bean Counters","lavender,woody,hibiscus","decaf,developer-fuel,production-ready",7,6,7,2,10,1,"Brewed under the careful eye of our QA team.",250g,whole_bean,13.75,160,BEAN-0459-250g-WHO,1
BEAN-0460,"Lambda Latte",Xanadu,"Summer Palace","Finca Branch Estate",1608,natural,medium-light,2025-11-15,"Daemon Roasters",,"blend,compile-grade,production-ready,fair-trade",9,2,10,1,5,1,"Recommended by 9 out of 10 over-tired developers.",250g,aeropress,12.81,181,BEAN-0460-250g-AER,0
BEAN-0460,"Lambda Latte",Xanadu,"Summer Palace","Finca Branch Estate",1608,natural,medium-light,2025-11-15,"Daemon Roasters",,"blend,compile-grade,production-ready,fair-trade",9,2,10,1,5,1,"Recommended by 9 out of 10 over-tired developers.",500g,french_press,22.94,187,BEAN-0460-500g-FRE,1
BEAN-0460,"Lambda Latte",Xanadu,"Summer Palace","Finca Branch Estate",1608,natural,medium-light,2025-11-15,"Daemon Roasters",,"blend,compile-grade,production-ready,fair-trade",9,2,10,1,5,1,"Recommended by 9 out of 10 over-tired developers.",500g,moka,29.5,133,BEAN-0460-500g-MOK,2
BEAN-0461,"Dark Matter Mocha",Atlantis,"Sunken City","Finca The Sandbox",,washed,-7.2596,119.2228,medium-light,2025-11-29,"The Daily Brew","citrus,the smell of merged PRs,Sunday afternoon","organic,compile-grade",2,8,3,2,5,1,"If found defective, please file a bug report.",250g,moka,16.11,48,BEAN-0461-250g-MOK,0
BEAN-0461,"Dark Matter Mocha",Atlantis,"Sunken City","Finca The Sandbox",,washed,-7.2596,119.2228,medium-light,2025-11-29,"The Daily Brew","citrus,the smell of merged PRs,Sunday afternoon","organic,compile-grade",2,8,3,2,5,1,"If found defective, please file a bug report.",100g,whole_bean,4.25,30,BEAN-0461-100g-WHO,1
BEAN-0461,"Dark Matter Mocha",Atlantis,"Sunken City","Finca The Sandbox",,washed,-7.2596,119.2228,medium-light,2025-11-29,"The Daily Brew","citrus,the smell of merged PRs,Sunday afternoon","organic,compile-grade",2,8,3,2,5,1,"If found defective, please file a bug report.",250g,espresso,17.62,174,BEAN-0461-250g-ESP,2
BEAN-0462,"Stack Overflow Blend",Atlantis,"Sunken City","Finca Branch Estate",,honey,medium,2026-02-01,"Tail Call Tea",floral,"battle-tested,open-source,developer-fuel,fair-trade",8,1,8,6,6,,"Now with 30% fewer race conditions.",1kg,turkish,47.31,25,BEAN-0462-1kg-TUR,0
BEAN-0462,"Stack Overflow Blend",Atlantis,"Sunken City","Finca Branch Estate",,honey,medium,2026-02-01,"Tail Call Tea",floral,"battle-tested,open-source,developer-fuel,fair-trade",8,1,8,6,6,,"Now with 30% fewer race conditions.",1kg,aeropress,47.7,89,BEAN-0462-1kg-AER,1
BEAN-0462,"Stack Overflow Blend",Atlantis,"Sunken City","Finca Branch Estate",,honey,medium,2026-02-01,"Tail Call Tea",floral,"battle-tested,open-source,developer-fuel,fair-trade",8,1,8,6,6,,"Now with 30% fewer race conditions.",1kg,whole_bean,46.04,124,BEAN-0462-1kg-WHO,2
BEAN-0463,"Goto Statement Espresso",Indonesia,Sumatra,"Finca Pure Functional Farm",1470,washed,medium-dark,2026-02-03,"Cache Coherence Coffee","brown sugar","fair-trade,direct-trade,seasonal,nerd-approved",4,10,7,2,1,1,"Smooth like a well-balanced API.",100g,moka,7.56,128,BEAN-0463-100g-MOK,0
BEAN-0463,"Goto Statement Espresso",Indonesia,Sumatra,"Finca Pure Functional Farm",1470,washed,medium-dark,2026-02-03,"Cache Coherence Coffee","brown sugar","fair-trade,direct-trade,seasonal,nerd-approved",4,10,7,2,1,1,"Smooth like a well-balanced API.",250g,french_press,13.2,144,BEAN-0463-250g-FRE,1
BEAN-0463,"Goto Statement Espresso",Indonesia,Sumatra,"Finca Pure Functional Farm",1470,washed,medium-dark,2026-02-03,"Cache Coherence Coffee","brown sugar","fair-trade,direct-trade,seasonal,nerd-approved",4,10,7,2,1,1,"Smooth like a well-balanced API.",1kg,turkish,50.4,167,BEAN-0463-1kg-TUR,2
BEAN-0464,"Mana Potion",Brazil,Mogiana,"Finca Stack Plantation",1361,honey,medium-light,2026-05-01,"Buffer Overflow Brewing","rose,nutmeg,walnut,tail-call sweetness","single-origin,filter-friendly",8,8,4,1,7,1,250g,turkish,14.01,77,BEAN-0464-250g-TUR,0
BEAN-0464,"Mana Potion",Brazil,Mogiana,"Finca Stack Plantation",1361,honey,medium-light,2026-05-01,"Buffer Overflow Brewing","rose,nutmeg,walnut,tail-call sweetness","single-origin,filter-friendly",8,8,4,1,7,1,250g,espresso,13.72,174,BEAN-0464-250g-ESP,1
BEAN-0464,"Mana Potion",Brazil,Mogiana,"Finca Stack Plantation",1361,honey,medium-light,2026-05-01,"Buffer Overflow Brewing","rose,nutmeg,walnut,tail-call sweetness","single-origin,filter-friendly",8,8,4,1,7,1,1kg,espresso,48.71,179,BEAN-0464-1kg-ESP,2
BEAN-0464,"Mana Potion",Brazil,Mogiana,"Finca Stack Plantation",1361,honey,medium-light,2026-05-01,"Buffer Overflow Brewing","rose,nutmeg,walnut,tail-call sweetness","single-origin,filter-friendly",8,8,4,1,7,1,100g,whole_bean,5.32,33,BEAN-0464-100g-WHO,3
BEAN-0465,"Time Dilation Drip",Kenya,Nyeri,"Finca The Sandbox",1887,anaerobic,light,2025-12-28,"Tail Call Tea","almond,clove,smoky,milk chocolate","bird-friendly,production-ready,battle-tested",2,2,2,5,6,1,"Has been peer-reviewed.",250g,espresso,11.97,41,BEAN-0465-250g-ESP,0
BEAN-0465,"Time Dilation Drip",Kenya,Nyeri,"Finca The Sandbox",1887,anaerobic,light,2025-12-28,"Tail Call Tea","almond,clove,smoky,milk chocolate","bird-friendly,production-ready,battle-tested",2,2,2,5,6,1,"Has been peer-reviewed.",100g,moka,5.49,50,BEAN-0465-100g-MOK,1
BEAN-0465,"Time Dilation Drip",Kenya,Nyeri,"Finca The Sandbox",1887,anaerobic,light,2025-12-28,"Tail Call Tea","almond,clove,smoky,milk chocolate","bird-friendly,production-ready,battle-tested",2,2,2,5,6,1,"Has been peer-reviewed.",1kg,aeropress,50.97,95,BEAN-0465-1kg-AER,2
BEAN-0466,"Grinding Gold",Nicaragua,Jinotega,"Finca The Repo",1359,washed,medium-light,2026-03-21,"The Recursion Roastery","peanut butter,ambition","organic,shade-grown,fair-trade,compile-grade",1,2,9,5,10,1,"Single-origin, single-threaded, single-purpose.",250g,filter,18.37,122,BEAN-0466-250g-FIL,0
BEAN-0466,"Grinding Gold",Nicaragua,Jinotega,"Finca The Repo",1359,washed,medium-light,2026-03-21,"The Recursion Roastery","peanut butter,ambition","organic,shade-grown,fair-trade,compile-grade",1,2,9,5,10,1,"Single-origin, single-threaded, single-purpose.",250g,espresso,16.31,122,BEAN-0466-250g-ESP,1
BEAN-0467,"Tesla Triple Shot",Tanzania,Kilimanjaro,"Finca The Sandbox",1939,washed,medium-light,2025-11-22,"The Recursion Roastery","citrus,Sunday afternoon,vanilla,smoky",open-source,3,4,7,6,4,1,"Recommended by 9 out of 10 over-tired developers.",1kg,whole_bean,49.97,199,BEAN-0467-1kg-WHO,0
BEAN-0467,"Tesla Triple Shot",Tanzania,Kilimanjaro,"Finca The Sandbox",1939,washed,medium-light,2025-11-22,"The Recursion Roastery","citrus,Sunday afternoon,vanilla,smoky",open-source,3,4,7,6,4,1,"Recommended by 9 out of 10 over-tired developers.",250g,aeropress,16.81,95,BEAN-0467-250g-AER,1
BEAN-0467,"Tesla Triple Shot",Tanzania,Kilimanjaro,"Finca The Sandbox",1939,washed,medium-light,2025-11-22,"The Recursion Roastery","citrus,Sunday afternoon,vanilla,smoky",open-source,3,4,7,6,4,1,"Recommended by 9 out of 10 over-tired developers.",1kg,french_press,47.85,57,BEAN-0467-1kg-FRE,2
BEAN-0468,"Speedrun Espresso",Nicaragua,Jinotega,"Finca The Sandbox",1630,natural,medium-light,2025-12-09,"Pure Function Pour-Over","tobacco,vanilla","battle-tested,organic,bird-friendly,single-origin",9,2,3,1,6,1,"Side effects may include: refactoring, enlightenment, productivity.",500g,filter,28.69,154,BEAN-0468-500g-FIL,0
BEAN-0468,"Speedrun Espresso",Nicaragua,Jinotega,"Finca The Sandbox",1630,natural,medium-light,2025-12-09,"Pure Function Pour-Over","tobacco,vanilla","battle-tested,organic,bird-friendly,single-origin",9,2,3,1,6,1,"Side effects may include: refactoring, enlightenment, productivity.",1kg,moka,46.9,193,BEAN-0468-1kg-MOK,1
BEAN-0469,"Riemann Roast",Hawaii,Kona,"Finca Commit Hill",906,wet-hulled,medium-light,2026-01-11,"Cache Coherence Coffee",,"direct-trade,production-ready,compile-grade,single-origin",5,5,5,5,10,1,"Brewed under the careful eye of our QA team.",500g,espresso,26.53,89,BEAN-0469-500g-ESP,0
BEAN-0469,"Riemann Roast",Hawaii,Kona,"Finca Commit Hill",906,wet-hulled,medium-light,2026-01-11,"Cache Coherence Coffee",,"direct-trade,production-ready,compile-grade,single-origin",5,5,5,5,10,1,"Brewed under the careful eye of our QA team.",500g,moka,27.41,71,BEAN-0469-500g-MOK,1
BEAN-0470,"Euler's Espresso","El Dorado","Lake Guatavita","Finca The Sandbox",2971,honey,medium-light,2025-11-17,"FIFO Coffee Bar","victory,mango","filter-friendly,nerd-approved,compile-grade",3,2,5,4,4,1,"Single-origin, single-threaded, single-purpose.",500g,espresso,29.1,127,BEAN-0470-500g-ESP,0
BEAN-0470,"Euler's Espresso","El Dorado","Lake Guatavita","Finca The Sandbox",2971,honey,medium-light,2025-11-17,"FIFO Coffee Bar","victory,mango","filter-friendly,nerd-approved,compile-grade",3,2,5,4,4,1,"Single-origin, single-threaded, single-purpose.",1kg,french_press,48.74,145,BEAN-0470-1kg-FRE,1
BEAN-0470,"Euler's Espresso","El Dorado","Lake Guatavita","Finca The Sandbox",2971,honey,medium-light,2025-11-17,"FIFO Coffee Bar","victory,mango","filter-friendly,nerd-approved,compile-grade",3,2,5,4,4,1,"Single-origin, single-threaded, single-purpose.",1kg,moka,45.73,65,BEAN-0470-1kg-MOK,2
BEAN-0471,"Event Horizon Espresso",Colombia,Huila,"Finca The Mainframe",1534,honey,medium-dark,2026-01-15,"Brewed in Berlin","raspberry,peach,honey,clove","limited-edition,fair-trade",7,8,10,2,8,1,"Tastes of certainty, with a hint of doubt.",250g,espresso,11.98,194,BEAN-0471-250g-ESP,0
BEAN-0471,"Event Horizon Espresso",Colombia,Huila,"Finca The Mainframe",1534,honey,medium-dark,2026-01-15,"Brewed in Berlin","raspberry,peach,honey,clove","limited-edition,fair-trade",7,8,10,2,8,1,"Tastes of certainty, with a hint of doubt.",100g,whole_bean,10.78,71,BEAN-0471-100g-WHO,1
BEAN-0472,"Bard's Brew",Panama,Boquete,"Finca The Mainframe",1516,washed,french,2025-12-17,"Compile Time Coffee Co.",,direct-trade,10,5,5,7,4,1,"Tastes of certainty, with a hint of doubt.",500g,moka,24.83,60,BEAN-0472-500g-MOK,0
BEAN-0472,"Bard's Brew",Panama,Boquete,"Finca The Mainframe",1516,washed,french,2025-12-17,"Compile Time Coffee Co.",,direct-trade,10,5,5,7,4,1,"Tastes of certainty, with a hint of doubt.",250g,whole_bean,15.43,81,BEAN-0472-250g-WHO,1
BEAN-0472,"Bard's Brew",Panama,Boquete,"Finca The Mainframe",1516,washed,french,2025-12-17,"Compile Time Coffee Co.",,direct-trade,10,5,5,7,4,1,"Tastes of certainty, with a hint of doubt.",250g,espresso,17.45,98,BEAN-0472-250g-ESP,2
BEAN-0473,"Knight's Nightcap",Hawaii,Kona,"Finca Loop Holdings",1098,anaerobic,light,2026-04-17,"Function Call Cafe","berry,blueberry,woody","espresso-friendly,small-batch",5,2,1,4,5,1,"Single-origin, single-threaded, single-purpose.",1kg,french_press,44.71,25,BEAN-0473-1kg-FRE,0
BEAN-0473,"Knight's Nightcap",Hawaii,Kona,"Finca Loop Holdings",1098,anaerobic,light,2026-04-17,"Function Call Cafe","berry,blueberry,woody","espresso-friendly,small-batch",5,2,1,4,5,1,"Single-origin, single-threaded, single-purpose.",100g,french_press,9.7,113,BEAN-0473-100g-FRE,1
BEAN-0473,"Knight's Nightcap",Hawaii,Kona,"Finca Loop Holdings",1098,anaerobic,light,2026-04-17,"Function Call Cafe","berry,blueberry,woody","espresso-friendly,small-batch",5,2,1,4,5,1,"Single-origin, single-threaded, single-purpose.",250g,aeropress,18.1,157,BEAN-0473-250g-AER,2
BEAN-0473,"Knight's Nightcap",Hawaii,Kona,"Finca Loop Holdings",1098,anaerobic,light,2026-04-17,"Function Call Cafe","berry,blueberry,woody","espresso-friendly,small-batch",5,2,1,4,5,1,"Single-origin, single-threaded, single-purpose.",1kg,whole_bean,47.33,69,BEAN-0473-1kg-WHO,3
BEAN-0474,"Loot Drop Latte",Peru,Cajamarca,"Finca La Esperanza",1664,anaerobic,dark,2025-12-05,"Daemon Roasters","brown sugar,bergamot,lavender","single-origin,rainforest-alliance",3,7,4,4,6,1,"Side effects may include: refactoring, enlightenment, productivity.",500g,espresso,25.04,120,BEAN-0474-500g-ESP,0
BEAN-0474,"Loot Drop Latte",Peru,Cajamarca,"Finca La Esperanza",1664,anaerobic,dark,2025-12-05,"Daemon Roasters","brown sugar,bergamot,lavender","single-origin,rainforest-alliance",3,7,4,4,6,1,"Side effects may include: refactoring, enlightenment, productivity.",100g,aeropress,11.48,62,BEAN-0474-100g-AER,1
BEAN-0475,"Antimatter Americano",India,Karnataka,"Finca Null Acres",1076,anaerobic,-19.4521,115.0422,light,2026-01-06,"SIGTERM Single Origin","nutmeg,hazelnut,strawberry","small-batch,limited-edition,shade-grown",5,8,3,3,4,1,"Now with 30% fewer race conditions.",250g,turkish,11.29,97,BEAN-0475-250g-TUR,0
BEAN-0475,"Antimatter Americano",India,Karnataka,"Finca Null Acres",1076,anaerobic,-19.4521,115.0422,light,2026-01-06,"SIGTERM Single Origin","nutmeg,hazelnut,strawberry","small-batch,limited-edition,shade-grown",5,8,3,3,4,1,"Now with 30% fewer race conditions.",500g,whole_bean,28.09,23,BEAN-0475-500g-WHO,1
BEAN-0475,"Antimatter Americano",India,Karnataka,"Finca Null Acres",1076,anaerobic,-19.4521,115.0422,light,2026-01-06,"SIGTERM Single Origin","nutmeg,hazelnut,strawberry","small-batch,limited-edition,shade-grown",5,8,3,3,4,1,"Now with 30% fewer race conditions.",250g,whole_bean,15.92,141,BEAN-0475-250g-WHO,2
BEAN-0476,"Light-Speed Latte",Indonesia,Java,"Finca Bit Bucket",1645,natural,medium-dark,2026-02-21,"O(1) Coffee","vanilla,berry,hazelnut,maple syrup",open-source,3,5,9,8,7,1,250g,moka,16.7,17,BEAN-0476-250g-MOK,0
BEAN-0476,"Light-Speed Latte",Indonesia,Java,"Finca Bit Bucket",1645,natural,medium-dark,2026-02-21,"O(1) Coffee","vanilla,berry,hazelnut,maple syrup",open-source,3,5,9,8,7,1,100g,filter,10.54,45,BEAN-0476-100g-FIL,1
BEAN-0477,"Wormhole Wakeup","Mount Olympus",Pelion,"Finca Bit Bucket",2791,wet-hulled,medium-light,2026-03-10,"Bit Roasters","lemon,raspberry",compile-grade,9,1,7,3,3,,250g,espresso,17.89,94,BEAN-0477-250g-ESP,0
BEAN-0477,"Wormhole Wakeup","Mount Olympus",Pelion,"Finca Bit Bucket",2791,wet-hulled,medium-light,2026-03-10,"Bit Roasters","lemon,raspberry",compile-grade,9,1,7,3,3,,500g,french_press,23.97,44,BEAN-0477-500g-FRE,1
BEAN-0478,"Pi Day Brew",Avalon,"Apple Isle","Finca San Miguel",,anaerobic,medium-light,2026-05-11,"Buffer Overflow Brewing","apricot,tobacco,tail-call sweetness","production-ready,battle-tested,rainforest-alliance,compile-grade",8,9,6,10,10,1,500g,moka,29.49,42,BEAN-0478-500g-MOK,0
BEAN-0478,"Pi Day Brew",Avalon,"Apple Isle","Finca San Miguel",,anaerobic,medium-light,2026-05-11,"Buffer Overflow Brewing","apricot,tobacco,tail-call sweetness","production-ready,battle-tested,rainforest-alliance,compile-grade",8,9,6,10,10,1,1kg,espresso,49.44,52,BEAN-0478-1kg-ESP,1
BEAN-0478,"Pi Day Brew",Avalon,"Apple Isle","Finca San Miguel",,anaerobic,medium-light,2026-05-11,"Buffer Overflow Brewing","apricot,tobacco,tail-call sweetness","production-ready,battle-tested,rainforest-alliance,compile-grade",8,9,6,10,10,1,100g,moka,11.96,76,BEAN-0478-100g-MOK,2
BEAN-0479,"Segfault Single Origin",Guatemala,Antigua,"Finca Null Acres",1412,anaerobic,medium-light,2026-05-07,"Loops & Beans","spacetime,Sunday afternoon,citrus","open-source,decaf,seasonal,rainforest-alliance",4,3,1,4,8,1,1kg,filter,50.06,118,BEAN-0479-1kg-FIL,0
BEAN-0479,"Segfault Single Origin",Guatemala,Antigua,"Finca Null Acres",1412,anaerobic,medium-light,2026-05-07,"Loops & Beans","spacetime,Sunday afternoon,citrus","open-source,decaf,seasonal,rainforest-alliance",4,3,1,4,8,1,250g,french_press,18.68,62,BEAN-0479-250g-FRE,1
BEAN-0480,"Merge Conflict Mocha",Guatemala,Antigua,"Finca Null Acres",1427,anaerobic,medium-dark,2025-11-25,"SIGTERM Single Origin",,"shade-grown,compile-grade,production-ready",8,1,8,2,6,1,"Pairs well with rubber duck debugging.",250g,whole_bean,18.94,37,BEAN-0480-250g-WHO,0
BEAN-0480,"Merge Conflict Mocha",Guatemala,Antigua,"Finca Null Acres",1427,anaerobic,medium-dark,2025-11-25,"SIGTERM Single Origin",,"shade-grown,compile-grade,production-ready",8,1,8,2,6,1,"Pairs well with rubber duck debugging.",500g,whole_bean,22.2,55,BEAN-0480-500g-WHO,1
BEAN-0481,"Tavern Triple Shot ☕",Hawaii,Kona,"Finca Null Acres",835,wet-hulled,1.8723,-3.2321,medium,2026-02-28,"Tail Call Tea",,nerd-approved,8,7,9,1,9,1,"Now with 30% fewer race conditions.",100g,espresso,11.46,96,BEAN-0481-100g-ESP,0
BEAN-0481,"Tavern Triple Shot ☕",Hawaii,Kona,"Finca Null Acres",835,wet-hulled,1.8723,-3.2321,medium,2026-02-28,"Tail Call Tea",,nerd-approved,8,7,9,1,9,1,"Now with 30% fewer race conditions.",500g,aeropress,27.71,187,BEAN-0481-500g-AER,1
BEAN-0481,"Tavern Triple Shot ☕",Hawaii,Kona,"Finca Null Acres",835,wet-hulled,1.8723,-3.2321,medium,2026-02-28,"Tail Call Tea",,nerd-approved,8,7,9,1,9,1,"Now with 30% fewer race conditions.",500g,espresso,23.14,50,BEAN-0481-500g-ESP,2
BEAN-0482,"Daemon Drink",Vietnam,"Đắk Lắk","Finca Branch Estate",614,natural,medium-dark,2026-04-03,"SIGTERM Single Origin","honey,strawberry,bergamot,chocolate",espresso-friendly,1,5,8,2,4,1,"Side effects may include: refactoring, enlightenment, productivity.",1kg,whole_bean,43.64,117,BEAN-0482-1kg-WHO,0
BEAN-0482,"Daemon Drink",Vietnam,"Đắk Lắk","Finca Branch Estate",614,natural,medium-dark,2026-04-03,"SIGTERM Single Origin","honey,strawberry,bergamot,chocolate",espresso-friendly,1,5,8,2,4,1,"Side effects may include: refactoring, enlightenment, productivity.",500g,moka,27.82,95,BEAN-0482-500g-MOK,1
BEAN-0482,"Daemon Drink",Vietnam,"Đắk Lắk","Finca Branch Estate",614,natural,medium-dark,2026-04-03,"SIGTERM Single Origin","honey,strawberry,bergamot,chocolate",espresso-friendly,1,5,8,2,4,1,"Side effects may include: refactoring, enlightenment, productivity.",1kg,filter,47.62,140,BEAN-0482-1kg-FIL,2
BEAN-0482,"Daemon Drink",Vietnam,"Đắk Lắk","Finca Branch Estate",614,natural,medium-dark,2026-04-03,"SIGTERM Single Origin","honey,strawberry,bergamot,chocolate",espresso-friendly,1,5,8,2,4,1,"Side effects may include: refactoring, enlightenment, productivity.",500g,aeropress,27.32,134,BEAN-0482-500g-AER,3
BEAN-0483,"Riemann Roast",Indonesia,Java,"Finca Branch Estate",1612,natural,medium-light,2026-05-06,"SIGTERM Single Origin","raspberry,rose,peach","developer-fuel,rainforest-alliance,fair-trade",10,5,5,2,3,1,250g,espresso,14.71,39,BEAN-0483-250g-ESP,0
BEAN-0483,"Riemann Roast",Indonesia,Java,"Finca Branch Estate",1612,natural,medium-light,2026-05-06,"SIGTERM Single Origin","raspberry,rose,peach","developer-fuel,rainforest-alliance,fair-trade",10,5,5,2,3,1,100g,aeropress,8.34,92,BEAN-0483-100g-AER,1
BEAN-0483,"Riemann Roast",Indonesia,Java,"Finca Branch Estate",1612,natural,medium-light,2026-05-06,"SIGTERM Single Origin","raspberry,rose,peach","developer-fuel,rainforest-alliance,fair-trade",10,5,5,2,3,1,1kg,aeropress,46.2,145,BEAN-0483-1kg-AER,2
BEAN-0483,"Riemann Roast",Indonesia,Java,"Finca Branch Estate",1612,natural,medium-light,2026-05-06,"SIGTERM Single Origin","raspberry,rose,peach","developer-fuel,rainforest-alliance,fair-trade",10,5,5,2,3,1,500g,filter,22.65,41,BEAN-0483-500g-FIL,3
BEAN-0484,"Necromancer Nitro",Peru,Cajamarca,"Finca La Esperanza",1974,anaerobic,medium-dark,2026-01-21,"The Recursion Roastery","smoky,dark chocolate,rose","blend,seasonal,small-batch",8,8,7,10,4,1,500g,espresso,26.88,42,BEAN-0484-500g-ESP,0
BEAN-0484,"Necromancer Nitro",Peru,Cajamarca,"Finca La Esperanza",1974,anaerobic,medium-dark,2026-01-21,"The Recursion Roastery","smoky,dark chocolate,rose","blend,seasonal,small-batch",8,8,7,10,4,1,500g,moka,25.01,21,BEAN-0484-500g-MOK,1
BEAN-0484,"Necromancer Nitro",Peru,Cajamarca,"Finca La Esperanza",1974,anaerobic,medium-dark,2026-01-21,"The Recursion Roastery","smoky,dark chocolate,rose","blend,seasonal,small-batch",8,8,7,10,4,1,100g,whole_bean,4.66,188,BEAN-0484-100g-WHO,2
BEAN-0484,"Necromancer Nitro",Peru,Cajamarca,"Finca La Esperanza",1974,anaerobic,medium-dark,2026-01-21,"The Recursion Roastery","smoky,dark chocolate,rose","blend,seasonal,small-batch",8,8,7,10,4,1,100g,espresso,8.32,126,BEAN-0484-100g-ESP,3
BEAN-0485,"Elven Espresso",Jamaica,"Blue Mountain","Finca La Esperanza",1377,washed,medium-dark,2026-03-27,"Compile Time Coffee Co.",blackcurrant,"shade-grown,open-source,single-origin",1,3,5,6,2,,"Recommended by 9 out of 10 over-tired developers.",100g,moka,4,49,BEAN-0485-100g-MOK,0
BEAN-0485,"Elven Espresso",Jamaica,"Blue Mountain","Finca La Esperanza",1377,washed,medium-dark,2026-03-27,"Compile Time Coffee Co.",blackcurrant,"shade-grown,open-source,single-origin",1,3,5,6,2,,"Recommended by 9 out of 10 over-tired developers.",250g,french_press,17.59,125,BEAN-0485-250g-FRE,1
BEAN-0485,"Elven Espresso",Jamaica,"Blue Mountain","Finca La Esperanza",1377,washed,medium-dark,2026-03-27,"Compile Time Coffee Co.",blackcurrant,"shade-grown,open-source,single-origin",1,3,5,6,2,,"Recommended by 9 out of 10 over-tired developers.",100g,filter,8.75,157,BEAN-0485-100g-FIL,2
BEAN-0486,"Mutex Latte","Costa Rica",Tarrazú,"Finca Loop Holdings",1810,natural,french,2025-11-13,"Pure Function Pour-Over",,"battle-tested,small-batch,seasonal,fair-trade",7,6,3,8,8,1,"A bold roast that compiles cleanly on the first run.",500g,aeropress,27.65,102,BEAN-0486-500g-AER,0
BEAN-0486,"Mutex Latte","Costa Rica",Tarrazú,"Finca Loop Holdings",1810,natural,french,2025-11-13,"Pure Function Pour-Over",,"battle-tested,small-batch,seasonal,fair-trade",7,6,3,8,8,1,"A bold roast that compiles cleanly on the first run.",1kg,turkish,50.44,79,BEAN-0486-1kg-TUR,1
BEAN-0486,"Mutex Latte","Costa Rica",Tarrazú,"Finca Loop Holdings",1810,natural,french,2025-11-13,"Pure Function Pour-Over",,"battle-tested,small-batch,seasonal,fair-trade",7,6,3,8,8,1,"A bold roast that compiles cleanly on the first run.",500g,espresso,23.93,38,BEAN-0486-500g-ESP,2
BEAN-0487,"Endless Loop Espresso",Brazil,"Minas Gerais","Finca Stack Plantation",1055,natural,34.7147,-34.52,medium-light,2026-04-23,"Buffer Overflow Brewing","the smell of merged PRs,jasmine","developer-fuel,bird-friendly",7,2,9,10,5,1,"Pairs well with rubber duck debugging.",1kg,aeropress,43.27,40,BEAN-0487-1kg-AER,0
BEAN-0487,"Endless Loop Espresso",Brazil,"Minas Gerais","Finca Stack Plantation",1055,natural,34.7147,-34.52,medium-light,2026-04-23,"Buffer Overflow Brewing","the smell of merged PRs,jasmine","developer-fuel,bird-friendly",7,2,9,10,5,1,"Pairs well with rubber duck debugging.",1kg,espresso,45.76,12,BEAN-0487-1kg-ESP,1
BEAN-0488,"Event Horizon Espresso","El Dorado","Lake Guatavita","Finca Null Acres",3263,anaerobic,medium-light,2026-02-17,"SIGTERM Single Origin","Sunday afternoon,honey","organic,espresso-friendly",5,7,2,8,6,,250g,moka,15.83,71,BEAN-0488-250g-MOK,0
BEAN-0488,"Event Horizon Espresso","El Dorado","Lake Guatavita","Finca Null Acres",3263,anaerobic,medium-light,2026-02-17,"SIGTERM Single Origin","Sunday afternoon,honey","organic,espresso-friendly",5,7,2,8,6,,250g,aeropress,12.44,9,BEAN-0488-250g-AER,1
BEAN-0488,"Event Horizon Espresso","El Dorado","Lake Guatavita","Finca Null Acres",3263,anaerobic,medium-light,2026-02-17,"SIGTERM Single Origin","Sunday afternoon,honey","organic,espresso-friendly",5,7,2,8,6,,100g,aeropress,6.89,87,BEAN-0488-100g-AER,2
BEAN-0488,"Event Horizon Espresso","El Dorado","Lake Guatavita","Finca Null Acres",3263,anaerobic,medium-light,2026-02-17,"SIGTERM Single Origin","Sunday afternoon,honey","organic,espresso-friendly",5,7,2,8,6,,500g,filter,22.02,123,BEAN-0488-500g-FIL,3
BEAN-0489,"Bitwise Brew",Peru,Cajamarca,"Finca Commit Hill",1848,wet-hulled,medium,2025-12-27,"Daemon Roasters","molasses,maple syrup,grapefruit,nutmeg",nerd-approved,10,9,5,9,8,,"Best paired with a 200 OK.",1kg,moka,48.02,16,BEAN-0489-1kg-MOK,0
BEAN-0489,"Bitwise Brew",Peru,Cajamarca,"Finca Commit Hill",1848,wet-hulled,medium,2025-12-27,"Daemon Roasters","molasses,maple syrup,grapefruit,nutmeg",nerd-approved,10,9,5,9,8,,"Best paired with a 200 OK.",1kg,turkish,50.03,118,BEAN-0489-1kg-TUR,1
BEAN-0490,"Y2K Vintage Roast",India,Karnataka,"Finca Stack Plantation",1014,honey,medium,2025-11-26,"Compile Time Coffee Co.","compile-time aroma","rainforest-alliance,limited-edition,organic",9,4,1,4,8,1,100g,whole_bean,10.42,70,BEAN-0490-100g-WHO,0
BEAN-0491,"404: Bean Not Found",Rwanda,Nyamasheke,"Finca Pure Functional Farm",2044,honey,dark,2025-11-23,"Compile Time Coffee Co.","molasses,bergamot,mango","blend,small-batch,rainforest-alliance",9,6,3,9,4,,"Single-origin, single-threaded, single-purpose.",500g,aeropress,23.96,122,BEAN-0491-500g-AER,0
BEAN-0491,"404: Bean Not Found",Rwanda,Nyamasheke,"Finca Pure Functional Farm",2044,honey,dark,2025-11-23,"Compile Time Coffee Co.","molasses,bergamot,mango","blend,small-batch,rainforest-alliance",9,6,3,9,4,,"Single-origin, single-threaded, single-purpose.",100g,whole_bean,5.04,191,BEAN-0491-100g-WHO,1
BEAN-0491,"404: Bean Not Found",Rwanda,Nyamasheke,"Finca Pure Functional Farm",2044,honey,dark,2025-11-23,"Compile Time Coffee Co.","molasses,bergamot,mango","blend,small-batch,rainforest-alliance",9,6,3,9,4,,"Single-origin, single-threaded, single-purpose.",500g,espresso,27.26,171,BEAN-0491-500g-ESP,2
BEAN-0492,"Lambda Latte",Guatemala,Antigua,"Finca The Sandbox",1449,honey,medium,2025-12-24,"Brewed in Berlin",,decaf,2,1,4,2,5,1,1kg,filter,43.97,196,BEAN-0492-1kg-FIL,0
BEAN-0492,"Lambda Latte",Guatemala,Antigua,"Finca The Sandbox",1449,honey,medium,2025-12-24,"Brewed in Berlin",,decaf,2,1,4,2,5,1,1kg,moka,43.98,171,BEAN-0492-1kg-MOK,1
BEAN-0493,"Semicolon Sumatra",Guatemala,Antigua,"Finca Heap Hill",1490,natural,44.5116,-40.1147,dark,2026-03-08,"Bit Roasters","hazelnut,vanilla,lemon,citrus","espresso-friendly,compile-grade,production-ready",4,8,6,1,6,1,"Has been peer-reviewed.",1kg,whole_bean,49.46,198,BEAN-0493-1kg-WHO,0
BEAN-0493,"Semicolon Sumatra",Guatemala,Antigua,"Finca Heap Hill",1490,natural,44.5116,-40.1147,dark,2026-03-08,"Bit Roasters","hazelnut,vanilla,lemon,citrus","espresso-friendly,compile-grade,production-ready",4,8,6,1,6,1,"Has been peer-reviewed.",1kg,espresso,44.34,158,BEAN-0493-1kg-ESP,1
BEAN-0493,"Semicolon Sumatra",Guatemala,Antigua,"Finca Heap Hill",1490,natural,44.5116,-40.1147,dark,2026-03-08,"Bit Roasters","hazelnut,vanilla,lemon,citrus","espresso-friendly,compile-grade,production-ready",4,8,6,1,6,1,"Has been peer-reviewed.",1kg,turkish,47.69,178,BEAN-0493-1kg-TUR,2
BEAN-0494,"Druid's Drip","Costa Rica",Tarrazú,"Finca Null Acres",1698,honey,medium-light,2026-05-01,"Compile Time Coffee Co.","grapefruit,chocolate,honey","organic,shade-grown,direct-trade",7,1,6,8,2,,"Has been peer-reviewed.",100g,moka,5.09,126,BEAN-0494-100g-MOK,0
BEAN-0495,"Curie's Cup","El Dorado","Lake Guatavita","Finca The Sandbox",2916,honey,-15.3803,25.49,medium-light,2026-02-21,"Brewed in Berlin","blackcurrant,milk chocolate,almond",seasonal,3,5,7,3,5,1,"Smooth like a well-balanced API.",100g,moka,6.91,127,BEAN-0495-100g-MOK,0
BEAN-0495,"Curie's Cup","El Dorado","Lake Guatavita","Finca The Sandbox",2916,honey,-15.3803,25.49,medium-light,2026-02-21,"Brewed in Berlin","blackcurrant,milk chocolate,almond",seasonal,3,5,7,3,5,1,"Smooth like a well-balanced API.",500g,aeropress,24.4,5,BEAN-0495-500g-AER,1
BEAN-0495,"Curie's Cup","El Dorado","Lake Guatavita","Finca The Sandbox",2916,honey,-15.3803,25.49,medium-light,2026-02-21,"Brewed in Berlin","blackcurrant,milk chocolate,almond",seasonal,3,5,7,3,5,1,"Smooth like a well-balanced API.",100g,filter,6.62,182,BEAN-0495-100g-FIL,2
BEAN-0496,"Boolean Bean ☕",Indonesia,Java,"Finca Null Acres",1593,honey,light,2026-03-26,"The Bean Counters",molasses,small-batch,1,5,5,9,9,1,500g,moka,27.26,25,BEAN-0496-500g-MOK,0
BEAN-0497,"Nebula Nitro",Ethiopia,Yirgacheffe,"Finca Null Acres",2136,honey,french,2026-04-28,"The Recursion Roastery",,open-source,1,2,8,1,8,1,100g,filter,5.27,143,BEAN-0497-100g-FIL,0
BEAN-0497,"Nebula Nitro",Ethiopia,Yirgacheffe,"Finca Null Acres",2136,honey,french,2026-04-28,"The Recursion Roastery",,open-source,1,2,8,1,8,1,250g,whole_bean,13.67,47,BEAN-0497-250g-WHO,1
BEAN-0497,"Nebula Nitro",Ethiopia,Yirgacheffe,"Finca Null Acres",2136,honey,french,2026-04-28,"The Recursion Roastery",,open-source,1,2,8,1,8,1,100g,aeropress,10.5,120,BEAN-0497-100g-AER,2
BEAN-0498,"Rickroll Latte",Xanadu,"Summer Palace","Finca The Repo",1549,natural,medium-dark,2026-05-10,"FIFO Coffee Bar","raspberry,honey,regret,grapefruit","production-ready,small-batch,fair-trade,bird-friendly",4,10,7,4,9,1,"Smooth like a well-balanced API.",1kg,moka,45.3,63,BEAN-0498-1kg-MOK,0
BEAN-0498,"Rickroll Latte",Xanadu,"Summer Palace","Finca The Repo",1549,natural,medium-dark,2026-05-10,"FIFO Coffee Bar","raspberry,honey,regret,grapefruit","production-ready,small-batch,fair-trade,bird-friendly",4,10,7,4,9,1,"Smooth like a well-balanced API.",100g,aeropress,7.36,165,BEAN-0498-100g-AER,1
BEAN-0499,"DNS Drip","Mount Olympus",Pelion,"Finca Pure Functional Farm",2829,natural,dark,2026-03-25,"The Daily Brew","walnut,compile-time aroma,blueberry,peanut butter",small-batch,4,1,2,7,3,1,"Tastes of certainty, with a hint of doubt.",100g,moka,4.02,53,BEAN-0499-100g-MOK,0
BEAN-0499,"DNS Drip","Mount Olympus",Pelion,"Finca Pure Functional Farm",2829,natural,dark,2026-03-25,"The Daily Brew","walnut,compile-time aroma,blueberry,peanut butter",small-batch,4,1,2,7,3,1,"Tastes of certainty, with a hint of doubt.",100g,turkish,9.57,105,BEAN-0499-100g-TUR,1
BEAN-0500,"Mendeleev Mocha","El Dorado","Lake Guatavita","Finca Null Acres",2963,honey,medium-dark,2026-02-04,"FIFO Coffee Bar","tail-call sweetness,raspberry,earthy,compile-time aroma","decaf,filter-friendly",7,6,4,4,8,1,"Best paired with a 200 OK.",100g,filter,4.02,118,BEAN-0500-100g-FIL,0
BEAN-0500,"Mendeleev Mocha","El Dorado","Lake Guatavita","Finca Null Acres",2963,honey,medium-dark,2026-02-04,"FIFO Coffee Bar","tail-call sweetness,raspberry,earthy,compile-time aroma","decaf,filter-friendly",7,6,4,4,8,1,"Best paired with a 200 OK.",250g,whole_bean,17.25,15,BEAN-0500-250g-WHO,1
